CustomerSRKey,CustomerKey,CustomerCode,Name,Education,Occupation
1,13,11012,"Walker, Lauren",Bachelors,Management
2,14,11013,"Jenkins, Ian",Bachelors,Management
3,15,11014,"Bennett, Sydney",Bachelors,Management
4,16,11015,"Young, Chloe",Partial College,Skilled Manual
5,17,11016,"Hill, Wyatt",Partial College,Skilled Manual
6,41,11040,"Murphy, Jesse",Partial College,Skilled Manual
7,82,11081,"Baker, Savannah",Bachelors,Management
8,83,11082,"Butler, Angela",Graduate Degree,Management
9,84,11083,"Cox, Alyssa",Graduate Degree,Management
10,88,11087,"Liang, Tamara",Partial College,Professional
11,89,11088,"Davis, Hunter",Bachelors,Management
12,90,11089,"Price, Abigail",Bachelors,Management
13,91,11090,"Bryant, Trevor",Partial College,Professional
14,128,11127,"Edwards, Jan",High School,Skilled Manual
15,129,11128,"Long, Samantha",High School,Skilled Manual
16,130,11129,"Wright, Julia",High School,Skilled Manual
17,131,11130,"Russell, Caroline",High School,Skilled Manual
18,134,11133,"Griffin, Angela",Partial High School,Clerical
19,136,11135,"Harris, Marcus",Partial High School,Clerical
20,138,11137,"Taylor, Jasmine",High School,Skilled Manual
21,139,11138,"Davis, Lauren",High School,Skilled Manual
22,141,11140,"Alvarez, Javier",Partial High School,Clerical
23,142,11141,"Ramirez, Nicole",High School,Skilled Manual
24,144,11143,"Henderson, Jonathan",High School,Skilled Manual
25,145,11144,"Hernandez, Edward",High School,Skilled Manual
26,146,11145,"Coleman, Jasmine",High School,Skilled Manual
27,153,11152,"Williams, James",High School,Skilled Manual
28,154,11153,"James, Angela",High School,Skilled Manual
29,155,11154,"Walker, Megan",Partial College,Skilled Manual
30,156,11155,"Robinson, Hunter",Partial College,Skilled Manual
31,157,11156,"Roberts, Maria",Partial College,Skilled Manual
32,158,11157,"Long, Hannah",High School,Skilled Manual
33,159,11158,"Wright, Jason",High School,Skilled Manual
34,160,11159,"Hughes, Brianna",High School,Skilled Manual
35,161,11160,"Tang, Maurice",Partial College,Skilled Manual
36,162,11161,"Wood, Emily",Partial College,Skilled Manual
37,163,11162,"Cox, Chase",Partial College,Skilled Manual
38,164,11163,"Wang, Gabriel",Partial College,Skilled Manual
39,165,11164,"Brooks, Devin",Partial College,Skilled Manual
40,166,11165,"Alexander, Jocelyn",Partial College,Skilled Manual
41,167,11166,"Martinez, Ashley",Partial College,Skilled Manual
42,168,11167,"Barnes, Jasmine",Bachelors,Management
43,169,11168,"Rodriguez, David",Bachelors,Management
44,170,11169,"Richardson, Bryce",Bachelors,Management
45,171,11170,"Howard, Carol",Bachelors,Management
46,172,11171,"Hill, Jonathan",Bachelors,Management
47,173,11172,"Adams, Gabrielle",Bachelors,Management
48,174,11173,"Thomas, Sarah",Graduate Degree,Management
49,175,11174,"Robinson, Nicholas",Graduate Degree,Management
50,176,11175,"Wang, Luis",Partial College,Skilled Manual
51,178,11177,"Flores, Jose",Graduate Degree,Management
52,179,11178,"Johnson, Nathan",Graduate Degree,Management
53,180,11179,"Rodriguez, Molly",Graduate Degree,Management
54,181,11180,"Anand, April",Bachelors,Management
55,182,11181,"Martin, Devin",Graduate Degree,Management
56,183,11182,"Torres, Stephanie",Bachelors,Management
57,184,11183,"Lee, Jasmine",Bachelors,Management
58,185,11184,"Hernandez, Meghan",Bachelors,Management
59,187,11186,"Price, Sarah",Bachelors,Management
60,188,11187,"Cooper, Jennifer",Graduate Degree,Management
61,189,11188,"Morris, Catherine",Graduate Degree,Management
62,190,11189,"Blanco, Lawrence",Graduate Degree,Management
63,191,11190,"Bryant, Carson",Bachelors,Management
64,202,11201,"Foster, Amanda",Bachelors,Management
65,203,11202,"Price, Alexia",Bachelors,Management
66,205,11204,"Rivera, Destiny",High School,Professional
67,206,11205,"Fernandez, Abby",High School,Professional
68,207,11206,"Flores, Blake",Partial College,Professional
69,208,11207,"Cox, Danielle",Partial College,Professional
70,209,11208,"Reed, Maria",Bachelors,Management
71,210,11209,"Evans, Allison",Bachelors,Management
72,211,11210,"Wood, Edward",Partial College,Professional
73,214,11213,"Murphy, Stephanie",Partial College,Professional
74,215,11214,"Miller, Charles",Partial College,Professional
75,217,11216,"Torres, Jasmine",Partial College,Professional
76,218,11217,"Adams, Natalie",Partial College,Professional
77,219,11218,"Brown, Olivia",Partial College,Professional
78,220,11219,"Cook, Charles",High School,Professional
79,221,11220,"Huang, Erica",Partial College,Professional
80,222,11221,"Perry, Nathan",Partial College,Professional
81,223,11222,"Rivera, Alexandra",Bachelors,Management
82,225,11224,"Li, Tiffany",High School,Professional
83,226,11225,"Lee, Madison",Partial College,Professional
84,227,11226,"Ross, Sydney",Partial College,Professional
85,228,11227,"Chavez, Marshall",Partial College,Professional
86,229,11228,"Jones, Ashley",Partial College,Professional
87,230,11229,"Stewart, Adrian",Partial College,Professional
88,231,11230,"Turner, Amber",Partial College,Professional
89,232,11231,"Zhang, Dennis",High School,Professional
90,233,11232,"Bryant, Hailey",High School,Professional
91,234,11233,"Li, Todd",Partial College,Professional
92,235,11234,"Griffin, Anna",Partial College,Professional
93,236,11235,"Stewart, Angel",Partial College,Professional
94,237,11236,"Butler, Jeremy",Partial College,Professional
95,238,11237,"Anand, Clarence",Bachelors,Management
96,246,11245,"Vazquez, Ricky",High School,Professional
97,247,11246,"Rubio, Latasha",High School,Professional
98,250,11249,"Patel, Cindy",Partial College,Professional
99,253,11252,"Thompson, Nicholas",Graduate Degree,Management
100,255,11254,"Vance, Johnathan",Graduate Degree,Management
101,256,11255,"Lin, Colin",Graduate Degree,Management
102,257,11256,"Hernandez, Katelyn",Graduate Degree,Management
103,258,11257,"Powell, Jacqueline",Graduate Degree,Management
104,259,11258,"Hill, Xavier",Graduate Degree,Management
105,260,11259,"Stewart, Victoria",Partial College,Professional
106,261,11260,"Kelly, Katelyn",Bachelors,Management
107,262,11261,"Collins, Stephanie",Graduate Degree,Management
108,264,11263,"Richardson, Trinity",Partial College,Professional
109,265,11264,"Martin, Eduardo",Partial College,Professional
110,266,11265,"Jones, Elizabeth",Partial College,Professional
111,267,11266,"Howard, Taylor",Partial College,Professional
112,268,11267,"Diaz, David",Partial College,Professional
113,269,11268,"Carter, Katelyn",Graduate Degree,Management
114,270,11269,"Foster, Ryan",Graduate Degree,Management
115,271,11270,"Lee, Robert",Graduate Degree,Management
116,272,11271,"Reed, Danielle",Bachelors,Management
117,273,11272,"Martinez, Lauren",Partial College,Professional
118,274,11273,"Lal, Nathan",Partial College,Professional
119,275,11274,"Foster, Kyle",Graduate Degree,Management
120,276,11275,"Rai, Jenny",Graduate Degree,Management
121,279,11278,"Phillips, Jonathan",Partial College,Professional
122,280,11279,"Cook, Amanda",Partial College,Professional
123,281,11280,"Collins, Robert",Partial College,Professional
124,282,11281,"Barnes, Megan",Bachelors,Management
125,283,11282,"Thomas, Christian",Partial College,Professional
126,284,11283,"Lal, Arturo",Bachelors,Management
127,285,11284,"Serrano, Theresa",Bachelors,Management
128,286,11285,"Anderson, Jeremy",Partial College,Professional
129,287,11286,"Griffin, Hunter",Graduate Degree,Management
130,289,11288,"Sanchez, Cindy",Bachelors,Management
131,290,11289,"Carter, Maria",Bachelors,Management
132,291,11290,"Sanchez, Katelyn",Bachelors,Management
133,292,11291,"Wright, Jenna",Bachelors,Management
134,293,11292,"Phillips, Seth",Partial College,Professional
135,294,11293,"Long, Luke",High School,Professional
136,295,11294,"Clark, Dalton",High School,Professional
137,296,11295,"Lewis, Taylor",Partial High School,Skilled Manual
138,297,11296,"Richardson, Haley",Graduate Degree,Management
139,298,11297,"Coleman, Noah",Graduate Degree,Management
140,299,11298,"Luo, Jon",Graduate Degree,Management
141,300,11299,"Vazquez, Orlando",Graduate Degree,Management
142,306,11305,"Evans, Sean",Partial College,Professional
143,307,11306,"Zhou, Micah",Partial College,Professional
144,316,11315,"Ward, Hailey",Graduate Degree,Management
145,318,11317,"Russell, Victoria",Partial College,Professional
146,319,11318,"Wilson, Jessica",Partial College,Professional
147,320,11319,"Bailey, Jade",Graduate Degree,Management
148,321,11320,"Hill, Morgan",Graduate Degree,Management
149,322,11321,"Raman, Terrance",Bachelors,Management
150,323,11322,"Garcia, Sydney",Bachelors,Management
151,324,11323,"Patterson, Jose",Graduate Degree,Management
152,325,11324,"Anderson, Zachary",Bachelors,Management
153,326,11325,"Ross, Elijah",Bachelors,Management
154,327,11326,"Xie, Rafael",Bachelors,Management
155,328,11327,"Moreno, Jaime",Bachelors,Management
156,330,11329,"Alvarez, Andy",Bachelors,Management
157,333,11332,"Ramos, Deanna",Graduate Degree,Manual
158,336,11335,"Raman, Carla",Bachelors,Manual
159,339,11338,"Navarro, Frank",Graduate Degree,Clerical
160,348,11347,"Navarro, Roy",Partial College,Manual
161,349,11348,"Rai, Shawn",Partial College,Manual
162,350,11349,"Luo, Mindy",Partial College,Manual
163,355,11354,"Suarez, Deanna",Partial College,Manual
164,374,11373,"Luo, Carly",Bachelors,Clerical
165,375,11374,"Ortega, Jimmy",Bachelors,Clerical
166,378,11377,"Robinett, David",Graduate Degree,Clerical
167,381,11380,"Kumar, Mitchell",Partial College,Manual
168,387,11386,"Cai, Jaclyn",Bachelors,Clerical
169,390,11389,"Shan, Karl",High School,Manual
170,392,11391,"Xie, Lindsay",High School,Manual
171,393,11392,"Zhao, Willie",High School,Manual
172,396,11395,"Gutierrez, Beth",Bachelors,Clerical
173,397,11396,"Lopez, Ian",High School,Manual
174,405,11404,"Taylor, Megan",Partial College,Manual
175,406,11405,"Goel, Bonnie",Partial College,Manual
176,408,11407,"She, Mario",Partial College,Manual
177,412,11411,"Ross, Devin",Partial College,Professional
178,413,11412,"Bryant, Sydney",Partial College,Professional
179,416,11415,"She, Randy",Partial College,Professional
180,419,11418,"Hu, Rafael",Partial College,Professional
181,422,11421,"Sun, Amy",Bachelors,Management
182,424,11423,"Stewart, Jasmine",Partial College,Professional
183,425,11424,"Garcia, Pamela",Partial College,Professional
184,427,11426,"Mehta, Kristopher",Bachelors,Management
185,428,11427,"Dominguez, Desiree",Partial College,Professional
186,429,11428,"Perez, Deanna",Bachelors,Management
187,431,11430,"Yuan, Casey",High School,Professional
188,432,11431,"Garcia, Bryant",Partial College,Professional
189,436,11435,"Romero, Robin",Partial College,Management
190,439,11438,"Nara, Jenny",High School,Management
191,471,11470,"Suarez, Jay",Partial High School,Manual
192,478,11477,"Hughes, Tristan",High School,Manual
193,482,11481,"Hu, Erica",Bachelors,Skilled Manual
194,485,11484,"Sai, Erick",Partial College,Clerical
195,487,11486,"Rogers, Ariana",Partial High School,Manual
196,493,11492,"Chander, Terrence",High School,Manual
197,496,11495,"Jimenez, Francis",Partial College,Clerical
198,500,11499,"Vance, Pedro",Partial College,Clerical
199,505,11504,"Baker, Jordan",Bachelors,Skilled Manual
200,509,11508,"Wilson, Elizabeth",Graduate Degree,Skilled Manual
201,510,11509,"Harui, Roger",Bachelors,Skilled Manual
202,512,11511,"Perry, Caleb",Bachelors,Skilled Manual
203,515,11514,"Diaz, Dalton",High School,Clerical
204,516,11515,"Huang, Shannon",High School,Clerical
205,517,11516,"Gonzales, Mya",High School,Clerical
206,518,11517,"Bryant, Katherine",Partial College,Clerical
207,519,11518,"Washington, Edward",Partial College,Clerical
208,522,11521,"Peterson, Ariana",Partial College,Clerical
209,523,11522,"Hughes, Christian",Graduate Degree,Skilled Manual
210,525,11524,"Jackson, Alyssa",Partial College,Clerical
211,545,11544,"Garcia, Joel",Bachelors,Clerical
212,553,11552,"Rubio, Eddie",Partial College,Manual
213,560,11559,"Subram, Frederick",Bachelors,Clerical
214,562,11561,"Dominguez, Briana",Partial High School,Manual
215,563,11562,"Gonzalez, Jarrod",High School,Manual
216,565,11564,"Liang, Jorge",High School,Manual
217,568,11567,"Perez, Carla",Bachelors,Clerical
218,571,11570,"Andersen, Kristin",Bachelors,Skilled Manual
219,585,11584,"Carter, Devin",Bachelors,Skilled Manual
220,596,11595,"Howard, Sebastian",High School,Manual
221,599,11598,"Ruiz, Meredith",Partial College,Clerical
222,603,11602,"Gill, Larry",Partial College,Clerical
223,606,11605,"Subram, Heidi",High School,Manual
224,614,11613,"Prasad, Meredith",Partial College,Clerical
225,615,11614,"Sharma, Katrina",Partial College,Clerical
226,640,11639,"Perry, Angelica",Graduate Degree,Professional
227,644,11643,"Munoz, Naomi",Bachelors,Skilled Manual
228,645,11644,"Torres, Charles",Bachelors,Skilled Manual
229,646,11645,"Turner, Gabriella",Bachelors,Skilled Manual
230,647,11646,"Foster, Anna",Bachelors,Skilled Manual
231,649,11648,"Scott, Kevin",Graduate Degree,Professional
232,650,11649,"White, Ian",Graduate Degree,Professional
233,651,11650,"Hayes, Caleb",Graduate Degree,Professional
234,654,11653,"Peterson, Sydney",Graduate Degree,Professional
235,655,11654,"Sanchez, Ariana",Graduate Degree,Professional
236,656,11655,"Sharma, Tamara",Graduate Degree,Professional
237,657,11656,"Perez, Katelyn",Graduate Degree,Professional
238,658,11657,"Cox, Megan",Graduate Degree,Professional
239,659,11658,"Mitchell, Robert",Graduate Degree,Professional
240,663,11662,"Kumar, Ethan",Graduate Degree,Professional
241,664,11663,"Williams, Seth",Graduate Degree,Professional
242,665,11664,"Morgan, Alyssa",Graduate Degree,Professional
243,666,11665,"Dominguez, Janet",Graduate Degree,Professional
244,667,11666,"Baker, Angel",Graduate Degree,Professional
245,668,11667,"Moore, Blake",Bachelors,Skilled Manual
246,669,11668,"Collins, Jada",Bachelors,Skilled Manual
247,670,11669,"Simmons, Isabella",Bachelors,Skilled Manual
248,671,11670,"Perry, Jacqueline",Bachelors,Skilled Manual
249,672,11671,"Brown, Jessica",Bachelors,Skilled Manual
250,673,11672,"Jai, Chad",Bachelors,Skilled Manual
251,674,11673,"Ye, Susan",Bachelors,Skilled Manual
252,675,11674,"Rogers, Morgan",Graduate Degree,Professional
253,676,11675,"Martinez, Devin",Graduate Degree,Professional
254,677,11676,"Hu, Alan",Graduate Degree,Professional
255,679,11678,"Chavez, Johnny",Graduate Degree,Professional
256,680,11679,"Richardson, Dalton",Graduate Degree,Professional
257,681,11680,"Nelson, Kaylee",Graduate Degree,Professional
258,682,11681,"Jones, Abigail",Graduate Degree,Professional
259,683,11682,"Hall, Kaitlyn",Graduate Degree,Professional
260,684,11683,"Taylor, Greg",Graduate Degree,Professional
261,685,11684,"Parker, Devin",Bachelors,Professional
262,686,11685,"Griffin, Jose",Bachelors,Professional
263,687,11686,"Edwards, Luke",Bachelors,Professional
264,688,11687,"Torres, Cody",Bachelors,Professional
265,689,11688,"Morris, Victoria",Bachelors,Skilled Manual
266,690,11689,"Diaz, Ian",Bachelors,Skilled Manual
267,691,11690,"Butler, Caroline",Graduate Degree,Professional
268,692,11691,"Wilson, Kaitlyn",Bachelors,Professional
269,693,11692,"Gonzales, Caleb",Bachelors,Professional
270,695,11694,"Ortega, Jonathon",Bachelors,Skilled Manual
271,696,11695,"Campbell, Logan",Bachelors,Skilled Manual
272,697,11696,"Campbell, Mackenzie",Bachelors,Skilled Manual
273,698,11697,"Lee, Eduardo",Bachelors,Skilled Manual
274,700,11699,"Peterson, Chase",Bachelors,Skilled Manual
275,701,11700,"Richardson, Xavier",Bachelors,Professional
276,702,11701,"Hayes, David",Bachelors,Professional
277,703,11702,"Zhou, Jenny",Bachelors,Professional
278,704,11703,"Baker, Kaylee",Bachelors,Professional
279,705,11704,"Hernandez, Evan",Bachelors,Professional
280,706,11705,"Richardson, Brooke",Graduate Degree,Professional
281,707,11706,"Perez, Blake",Bachelors,Professional
282,708,11707,"Cook, Natalie",Bachelors,Professional
283,709,11708,"Weisman, Elizabeth",Bachelors,Professional
284,711,11710,"Ramirez, Zoe",High School,Skilled Manual
285,714,11713,"Zhang, Kyle",Partial College,Skilled Manual
286,715,11714,"Long, Alexandria",Partial College,Skilled Manual
287,716,11715,"Robinson, Chloe",Partial College,Skilled Manual
288,717,11716,"Kelly, Evan",High School,Skilled Manual
289,718,11717,"Jones, Marcus",Partial College,Skilled Manual
290,719,11718,"Jones, Sarah",Partial College,Skilled Manual
291,721,11720,"Morris, Morgan",High School,Skilled Manual
292,722,11721,"Alexander, Jennifer",High School,Skilled Manual
293,723,11722,"Hughes, Julian",Partial College,Skilled Manual
294,726,11725,"Li, Jose",Partial College,Skilled Manual
295,727,11726,"Liang, Micah",Partial College,Skilled Manual
296,728,11727,"Taylor, Benjamin",Graduate Degree,Professional
297,729,11728,"White, Logan",Partial College,Skilled Manual
298,730,11729,"Campbell, Caleb",Partial College,Skilled Manual
299,731,11730,"Torres, Emma",Partial College,Skilled Manual
300,732,11731,"Gill, Tanya",Partial College,Skilled Manual
301,733,11732,"Sanchez, Erick",Partial College,Skilled Manual
302,734,11733,"Schmidt, Kristi",Partial College,Skilled Manual
303,735,11734,"Chen, Omar",Partial College,Skilled Manual
304,736,11735,"Gray, Sydney",Partial College,Skilled Manual
305,737,11736,"Sanchez, Sebastian",Partial College,Skilled Manual
306,738,11737,"Martin, Megan",Bachelors,Professional
307,742,11741,"Chander, Tamara",Graduate Degree,Professional
308,743,11742,"Lewis, Edward",Bachelors,Professional
309,744,11743,"Kelly, Chase",Bachelors,Professional
310,745,11744,"Campbell, Stephanie",Bachelors,Professional
311,746,11745,"Gonzalez, Allison",Bachelors,Professional
312,747,11746,"Brooks, Seth",Bachelors,Professional
313,748,11747,"Davis, Destiny",Graduate Degree,Professional
314,771,11770,"Nara, Peter",Graduate Degree,Skilled Manual
315,772,11771,"Rivera, Isaac",Graduate Degree,Skilled Manual
316,773,11772,"Moore, Cameron",Graduate Degree,Skilled Manual
317,774,11773,"Diaz, Gavin",Graduate Degree,Skilled Manual
318,775,11774,"Sanchez, Emma",Graduate Degree,Skilled Manual
319,780,11779,"Jackson, Sarah",Graduate Degree,Skilled Manual
320,781,11780,"Alexander, Jessica",Graduate Degree,Skilled Manual
321,782,11781,"Gray, Carlos",Graduate Degree,Skilled Manual
322,783,11782,"Jai, Barbara",Graduate Degree,Skilled Manual
323,784,11783,"Mitchell, Sara",Graduate Degree,Skilled Manual
324,786,11785,"Diaz, Theodore",Bachelors,Skilled Manual
325,787,11786,"Murphy, Ian",Graduate Degree,Skilled Manual
326,788,11787,"Nath, Jerry",Graduate Degree,Skilled Manual
327,789,11788,"James, Destiny",Graduate Degree,Professional
328,790,11789,"Phillips, Bailey",Bachelors,Skilled Manual
329,791,11790,"Gonzalez, Timothy",Bachelors,Skilled Manual
330,792,11791,"Morgan, Chase",Graduate Degree,Professional
331,793,11792,"Perry, Alexia",Bachelors,Skilled Manual
332,794,11793,"Rogers, Xavier",Bachelors,Skilled Manual
333,795,11794,"Ross, Lauren",Bachelors,Skilled Manual
334,796,11795,"Thomas, Nicole",Bachelors,Skilled Manual
335,797,11796,"Jenkins, Isabel",Bachelors,Skilled Manual
336,798,11797,"Coleman, Devin",Bachelors,Skilled Manual
337,799,11798,"Chande, Brendan",Bachelors,Skilled Manual
338,800,11799,"Wang, Jessie",Bachelors,Skilled Manual
339,801,11800,"Baker, Jennifer",Graduate Degree,Professional
340,802,11801,"Sharma, Aaron",Graduate Degree,Professional
341,804,11803,"Hernandez, Jan",Graduate Degree,Professional
342,805,11804,"Turner, Haley",Graduate Degree,Professional
343,806,11805,"Green, Richard",Graduate Degree,Professional
344,807,11806,"Stewart, Jennifer",Graduate Degree,Professional
345,808,11807,"Baker, Lucas",Graduate Degree,Professional
346,810,11809,"Gray, Juan",Bachelors,Skilled Manual
347,811,11810,"Washington, Antonio",Bachelors,Professional
348,812,11811,"Brooks, Abigail",Bachelors,Professional
349,813,11812,"Rodriguez, Andrew",Bachelors,Professional
350,814,11813,"Patterson, Mary",Bachelors,Professional
351,815,11814,"Morgan, Dalton",Graduate Degree,Professional
352,816,11815,"Patterson, Hannah",Graduate Degree,Professional
353,817,11816,"Torres, Joe",Graduate Degree,Professional
354,818,11817,"Miller, Morgan",Graduate Degree,Professional
355,819,11818,"Garcia, Daniel",Graduate Degree,Professional
356,820,11819,"Lal, Jose",Bachelors,Skilled Manual
357,822,11821,"Johnson, Austin",Graduate Degree,Professional
358,823,11822,"Wadia, Rohinton",Graduate Degree,Professional
359,826,11825,"She, Aimee",Graduate Degree,Professional
360,827,11826,"Alonso, Jessie",Graduate Degree,Professional
361,829,11828,"Martinez, Katherine",Graduate Degree,Professional
362,830,11829,"Campbell, Sophia",Graduate Degree,Professional
363,831,11830,"Garcia, Taylor",Graduate Degree,Professional
364,832,11831,"Ross, Christian",Graduate Degree,Professional
365,833,11832,"Murphy, Zoe",Bachelors,Professional
366,835,11834,"Flores, Fernando",Bachelors,Skilled Manual
367,837,11836,"Travers, Garrett",Bachelors,Skilled Manual
368,838,11837,"Alexander, Haley",Bachelors,Skilled Manual
369,839,11838,"Rodriguez, Justin",Bachelors,Skilled Manual
370,840,11839,"Brown, Tyler",Graduate Degree,Professional
371,841,11840,"Patterson, Julian",Graduate Degree,Professional
372,843,11842,"Wilson, Justin",Bachelors,Skilled Manual
373,844,11843,"Nara, Christy",Bachelors,Skilled Manual
374,845,11844,"Alvarez, Michele",Bachelors,Skilled Manual
375,847,11846,"Reed, Savannah",Bachelors,Skilled Manual
376,848,11847,"Diaz, Cassidy",Bachelors,Skilled Manual
377,849,11848,"Lewis, Joshua",Bachelors,Skilled Manual
378,850,11849,"Reed, Faith",Bachelors,Skilled Manual
379,851,11850,"Ramirez, Brooke",Bachelors,Skilled Manual
380,852,11851,"Mitchell, Jada",Bachelors,Professional
381,853,11852,"Russell, Kyle",Bachelors,Professional
382,854,11853,"Jones, Grace",Bachelors,Professional
383,855,11854,"Mitchell, Jason",Graduate Degree,Professional
384,856,11855,"Walker, Christian",Bachelors,Professional
385,857,11856,"Hernandez, Seth",Graduate Degree,Professional
386,858,11857,"Young, Isabella",Graduate Degree,Professional
387,859,11858,"Coleman, Jordan",High School,Skilled Manual
388,860,11859,"Garcia, Blake",Partial College,Skilled Manual
389,861,11860,"Walker, Nicole",Partial College,Skilled Manual
390,877,11876,"White, Madison",Partial College,Skilled Manual
391,878,11877,"Diaz, Alexis",Partial College,Skilled Manual
392,879,11878,"Nara, Christine",Partial College,Skilled Manual
393,880,11879,"Sai, Edgar",Partial College,Skilled Manual
394,881,11880,"Sanchez, Melissa",Partial College,Skilled Manual
395,882,11881,"Mitchell, Richard",Bachelors,Professional
396,883,11882,"Stewart, Patrick",Bachelors,Professional
397,884,11883,"Anderson, Hannah",Graduate Degree,Professional
398,885,11884,"Shen, Latoya",Graduate Degree,Professional
399,886,11885,"Sharma, Kurt",Graduate Degree,Professional
400,887,11886,"Parker, Katelyn",Bachelors,Professional
401,888,11887,"White, Joseph",Bachelors,Professional
402,890,11889,"Patterson, Blake",Bachelors,Professional
403,891,11890,"Lopez, Whitney",Graduate Degree,Professional
404,892,11891,"Liang, Jamie",Graduate Degree,Professional
405,924,11923,"Bryant, Sarah",Partial College,Skilled Manual
406,925,11924,"Long, Ian",Partial College,Skilled Manual
407,926,11925,"Jai, Ashlee",Partial College,Skilled Manual
408,927,11926,"Foster, Eduardo",Partial College,Skilled Manual
409,928,11927,"Murphy, Nicole",Partial College,Skilled Manual
410,929,11928,"Morris, Isabella",Partial College,Skilled Manual
411,932,11931,"Adams, Marcus",Partial College,Skilled Manual
412,933,11932,"Coleman, Elizabeth",Partial College,Skilled Manual
413,934,11933,"Rubio, Mathew",Partial High School,Clerical
414,935,11934,"Shan, Justin",Partial High School,Clerical
415,936,11935,"Taylor, Jessica",Partial College,Skilled Manual
416,937,11936,"Clark, Hunter",Partial College,Skilled Manual
417,938,11937,"Perez, Devin",Partial College,Skilled Manual
418,939,11938,"Alexander, Seth",Partial College,Skilled Manual
419,940,11939,"Washington, Kevin",Partial College,Skilled Manual
420,941,11940,"Miller, Tyler",Bachelors,Management
421,942,11941,"Roberts, Adam",Partial College,Skilled Manual
422,946,11945,"Huang, Dennis",Partial College,Skilled Manual
423,950,11949,"Brooks, Julia",Partial College,Skilled Manual
424,951,11950,"Carter, Jordan",Partial College,Skilled Manual
425,954,11953,"Wright, Courtney",High School,Skilled Manual
426,955,11954,"Garcia, Joseph",Partial College,Skilled Manual
427,956,11955,"Green, Gabriel",Partial College,Skilled Manual
428,957,11956,"Sandberg, Alexandria",High School,Skilled Manual
429,958,11957,"Hernandez, Courtney",Partial College,Skilled Manual
430,959,11958,"Lal, Dylan",Partial College,Professional
431,960,11959,"Davis, Elizabeth",Partial College,Professional
432,961,11960,"Griffin, Ana",Partial College,Professional
433,962,11961,"Alvarez, Anne",Partial College,Professional
434,963,11962,"Roberts, Alexandra",Partial College,Professional
435,971,11970,"Collins, Bailey",Bachelors,Management
436,972,11971,"Adams, Amanda",Bachelors,Management
437,973,11972,"Williams, Katherine",Partial College,Professional
438,974,11973,"Barnes, Caroline",Partial College,Professional
439,975,11974,"Sun, Randy",Partial College,Professional
440,976,11975,"Garcia, Destiny",High School,Professional
441,979,11978,"Washington, Jackson",Graduate Degree,Management
442,981,11980,"Richardson, Kimberly",High School,Professional
443,982,11981,"Howard, Alexandria",High School,Professional
444,983,11982,"Foster, Alexandra",High School,Professional
445,984,11983,"Ortega, Cheryl",Partial College,Professional
446,986,11985,"Hughes, Melanie",Bachelors,Management
447,1016,12015,"White, Jacob",High School,Skilled Manual
448,1017,12016,"Serrano, Meredith",High School,Skilled Manual
449,1019,12018,"Henderson, Devin",High School,Skilled Manual
450,1020,12019,"Cox, Gabrielle",High School,Skilled Manual
451,1023,12022,"Wright, Jose",High School,Skilled Manual
452,1024,12023,"Johnson, Fernando",Partial High School,Clerical
453,1025,12024,"Edwards, Samuel",High School,Skilled Manual
454,1026,12025,"Diaz, Logan",High School,Skilled Manual
455,1027,12026,"Flores, Lucas",High School,Skilled Manual
456,1028,12027,"Wood, Haley",High School,Skilled Manual
457,1029,12028,"Lewis, Sarah",Partial High School,Clerical
458,1030,12029,"Hu, Damien",Partial High School,Clerical
459,1031,12030,"Washington, Ana",High School,Skilled Manual
460,1034,12033,"Guo, Kristen",High School,Skilled Manual
461,1041,12040,"Torres, Richard",Partial College,Skilled Manual
462,1042,12041,"Martin, Seth",High School,Skilled Manual
463,1043,12042,"Carter, Alex",High School,Skilled Manual
464,1044,12043,"Patterson, Carson",Partial College,Skilled Manual
465,1045,12044,"Lopez, Madeline",Partial College,Skilled Manual
466,1046,12045,"Russell, Luis",Partial College,Skilled Manual
467,1051,12050,"Young, Aaron",Graduate Degree,Management
468,1052,12051,"Scott, Isaiah",Bachelors,Management
469,1053,12052,"Ward, Makayla",Bachelors,Management
470,1054,12053,"Gao, Cedric",Graduate Degree,Management
471,1058,12057,"Collins, Madeline",Graduate Degree,Management
472,1059,12058,"Nelson, Chloe",Bachelors,Management
473,1060,12059,"Jenkins, Jason",Bachelors,Management
474,1069,12068,"Jenkins, Maria",Bachelors,Management
475,1070,12069,"Kelly, Garrett",Bachelors,Management
476,1071,12070,"Ross, Luke",Bachelors,Management
477,1072,12071,"Robinson, Robert",Bachelors,Management
478,1073,12072,"Ross, Tristan",Bachelors,Management
479,1074,12073,"Rodriguez, Thomas",Bachelors,Management
480,1076,12075,"Griffin, Cameron",Bachelors,Management
481,1077,12076,"Washington, Chloe",Bachelors,Management
482,1079,12078,"Edwards, Jose",Bachelors,Management
483,1080,12079,"Cooper, Nathaniel",Bachelors,Management
484,1086,12085,"Rodriguez, Tyler",Bachelors,Management
485,1088,12087,"Cook, Sean",Bachelors,Management
486,1089,12088,"Thompson, Lauren",Bachelors,Management
487,1092,12091,"Munoz, Eddie",High School,Professional
488,1093,12092,"White, Austin",High School,Professional
489,1094,12093,"Chandra, Levi",Partial College,Professional
490,1095,12094,"Bailey, Bailey",Bachelors,Management
491,1096,12095,"Griffin, Austin",Bachelors,Management
492,1097,12096,"Brooks, Caitlin",Bachelors,Management
493,1099,12098,"Clark, Grace",Partial College,Professional
494,1100,12099,"Hall, Sydney",Partial College,Professional
495,1101,12100,"Sun, Jon",Bachelors,Management
496,1102,12101,"Patterson, Logan",Partial College,Professional
497,1103,12102,"Simmons, Devin",Partial College,Professional
498,1104,12103,"White, Chloe",Partial College,Professional
499,1105,12104,"Ross, Mariah",Partial College,Professional
500,1106,12105,"Foster, Abigail",Partial College,Professional
501,1109,12108,"Walker, James",Partial College,Professional
502,1110,12109,"Foster, Morgan",Partial College,Professional
503,1111,12110,"Guo, Bianca",Partial College,Professional
504,1112,12111,"Gonzales, Jacqueline",Partial College,Professional
505,1113,12112,"Henderson, Arianna",Partial College,Professional
506,1116,12115,"Richardson, Chloe",High School,Professional
507,1126,12125,"Ortega, Diana",Partial College,Professional
508,1129,12128,"Munoz, Kristy",High School,Professional
509,1130,12129,"Alvarez, Wendy",High School,Professional
510,1131,12130,"Zhou, Suzanne",High School,Professional
511,1136,12135,"Taylor, Fernando",Partial College,Professional
512,1138,12137,"Green, Jack",Graduate Degree,Management
513,1139,12138,"Jai, Colin",Graduate Degree,Management
514,1140,12139,"Yang, Franklin",Graduate Degree,Management
515,1142,12141,"Lee, Kaitlyn",Partial College,Professional
516,1143,12142,"Torres, Gabriella",Bachelors,Management
517,1144,12143,"Turner, Logan",Bachelors,Management
518,1145,12144,"Jenkins, Kelly",Partial College,Professional
519,1146,12145,"Butler, Brandon",Partial College,Professional
520,1147,12146,"Thomas, Xavier",Bachelors,Management
521,1149,12148,"Morris, Gabrielle",Partial College,Professional
522,1150,12149,"Scott, Bailey",Partial College,Professional
523,1151,12150,"Wang, Logan",Graduate Degree,Management
524,1152,12151,"Kelly, Steven",Bachelors,Management
525,1153,12152,"Ramirez, Adrian",Bachelors,Management
526,1154,12153,"Bailey, Kaitlyn",Partial College,Professional
527,1156,12155,"Lopez, Gabriella",Partial College,Professional
528,1157,12156,"Raji, Bonnie",Graduate Degree,Management
529,1158,12157,"White, William",Graduate Degree,Management
530,1161,12160,"Zhang, Jaclyn",Partial College,Professional
531,1162,12161,"Rogers, Alexandria",Partial College,Professional
532,1163,12162,"Mitchell, Luke",Partial College,Professional
533,1164,12163,"Wang, Aaron",Bachelors,Management
534,1165,12164,"Butler, Noah",Bachelors,Management
535,1168,12167,"Stewart, Sebastian",Partial College,Professional
536,1169,12168,"Jackson, Hunter",Partial College,Professional
537,1170,12169,"Howard, Abigail",High School,Professional
538,1171,12170,"Reed, Sara",Bachelors,Management
539,1172,12171,"Cooper, Alyssa",Bachelors,Management
540,1173,12172,"Alexander, Eduardo",Bachelors,Management
541,1174,12173,"Edwards, Dalton",Bachelors,Management
542,1175,12174,"Phillips, Charles",Graduate Degree,Management
543,1176,12175,"Powell, Luke",High School,Professional
544,1177,12176,"James, Cody",High School,Professional
545,1179,12178,"Shan, Ethan",Partial High School,Skilled Manual
546,1180,12179,"Jones, Alexis",Graduate Degree,Management
547,1181,12180,"Mehta, Holly",Graduate Degree,Management
548,1182,12181,"Sanders, Katelyn",Graduate Degree,Management
549,1185,12184,"Perez, Isaiah",Partial College,Professional
550,1186,12185,"Patterson, Kaitlyn",Partial College,Professional
551,1187,12186,"Srini, Bryant",Partial College,Professional
552,1188,12187,"Subram, Ruben",Partial College,Professional
553,1189,12188,"Thomas, Ashley",Partial College,Professional
554,1190,12189,"Wright, Sophia",Bachelors,Management
555,1191,12190,"Gonzales, Justin",Graduate Degree,Management
556,1192,12191,"Washington, Melissa",Partial High School,Skilled Manual
557,1193,12192,"Hayes, Jocelyn",Partial High School,Skilled Manual
558,1195,12194,"Foster, Destiny",Graduate Degree,Management
559,1196,12195,"Morris, Erin",Graduate Degree,Management
560,1198,12197,"Hernandez, Adam",Graduate Degree,Management
561,1199,12198,"Scott, Noah",Graduate Degree,Management
562,1200,12199,"Richardson, Christina",Partial College,Professional
563,1201,12200,"Sharma, Rafael",Graduate Degree,Management
564,1202,12201,"Yuan, Mindy",Graduate Degree,Management
565,1205,12204,"Jai, Bradley",Graduate Degree,Management
566,1206,12205,"Long, Madison",Bachelors,Management
567,1207,12206,"Parker, Sierra",Bachelors,Management
568,1208,12207,"Hill, Samuel",Bachelors,Management
569,1209,12208,"Sanchez, Dominique",Bachelors,Management
570,1210,12209,"Jai, Mindy",Bachelors,Management
571,1214,12213,"Lal, Alejandro",Graduate Degree,Manual
572,1219,12218,"Xu, Mitchell",Bachelors,Manual
573,1224,12223,"Vazquez, Felicia",Graduate Degree,Clerical
574,1226,12225,"Ortega, Kathleen",Graduate Degree,Clerical
575,1227,12226,"Ward, Faith",Bachelors,Clerical
576,1229,12228,"Martinez, Mayra",Bachelors,Clerical
577,1230,12229,"Gomez, Kari",Partial College,Manual
578,1231,12230,"Zheng, Wesley",Partial College,Manual
579,1232,12231,"Patterson, Isabelle",Partial College,Manual
580,1233,12232,"Hernandez, Sean",Partial College,Manual
581,1237,12236,"Gill, Kendra",Partial College,Manual
582,1238,12237,"Madan, Ruth",Partial College,Manual
583,1239,12238,"Raman, Monica",Bachelors,Clerical
584,1258,12257,"Ruiz, Ross",Graduate Degree,Clerical
585,1259,12258,"Li, Jamie",Graduate Degree,Clerical
586,1267,12266,"Lin, Tiffany",Partial College,Manual
587,1269,12268,"Shan, Edwin",Graduate Degree,Clerical
588,1271,12270,"Ramos, Ebony",Graduate Degree,Clerical
589,1274,12273,"Carlson, Nelson",Bachelors,Clerical
590,1276,12275,"Madan, Adriana",Partial College,Manual
591,1277,12276,"Shan, Alisha",Bachelors,Clerical
592,1279,12278,"Johnsen, Meredith",High School,Manual
593,1292,12291,"Suri, Johnathan",Partial College,Professional
594,1298,12297,"Blanco, Felicia",Partial College,Professional
595,1299,12298,"Zeng, Crystal",Partial College,Professional
596,1303,12302,"Coleman, Kevin",Bachelors,Management
597,1307,12306,"Parker, Logan",Partial College,Professional
598,1315,12314,"Suarez, Jill",Bachelors,Management
599,1320,12319,"Ye, Shannon",High School,Professional
600,1325,12324,"Lal, Dale",High School,Professional
601,1328,12327,"Liang, Edwin",Partial College,Management
602,1331,12330,"Raman, Preston",Partial College,Management
603,1363,12362,"Harrison, Thomas",Bachelors,Management
604,1365,12364,"Rogers, Erin",Bachelors,Management
605,1366,12365,"Evans, Alex",Bachelors,Management
606,1367,12366,"Cox, Stephanie",Bachelors,Management
607,1378,12377,"Miller, Christopher",Partial High School,Manual
608,1379,12378,"Sanchez, Brianna",Partial College,Clerical
609,1380,12379,"Chande, Bridget",Partial College,Clerical
610,1385,12384,"Gutierrez, Jacquelyn",Bachelors,Skilled Manual
611,1387,12386,"Perry, Katherine",Partial High School,Manual
612,1389,12388,"Kumar, Casey",High School,Manual
613,1391,12390,"Martinez, Denise",Partial College,Clerical
614,1397,12396,"Yang, Susan",High School,Manual
615,1398,12397,"Chapman, Shaun",Partial College,Clerical
616,1400,12399,"Chapman, Henry",Partial College,Clerical
617,1401,12400,"Martin, Andy",Partial College,Clerical
618,1402,12401,"Rivera, Kimberly",Partial College,Clerical
619,1407,12406,"Gutierrez, Ross",Graduate Degree,Skilled Manual
620,1408,12407,"Raji, Shawn",Graduate Degree,Skilled Manual
621,1409,12408,"Lu, Jon",Graduate Degree,Skilled Manual
622,1410,12409,"Hill, Savannah",Partial College,Clerical
623,1411,12410,"Richardson, Mariah",Partial College,Clerical
624,1412,12411,"Alexander, Kevin",Partial College,Clerical
625,1413,12412,"Wright, Mackenzie",Graduate Degree,Skilled Manual
626,1414,12413,"Gonzales, James",Graduate Degree,Skilled Manual
627,1415,12414,"Lal, Ethan",Graduate Degree,Skilled Manual
628,1416,12415,"Richardson, Brianna",Graduate Degree,Skilled Manual
629,1417,12416,"Martinez, Veronica",Graduate Degree,Skilled Manual
630,1418,12417,"Bryant, Alexis",Graduate Degree,Skilled Manual
631,1419,12418,"Hernandez, Robert",High School,Manual
632,1420,12419,"Bell, Destiny",Bachelors,Skilled Manual
633,1421,12420,"Hayes, Spencer",Bachelors,Skilled Manual
634,1422,12421,"Hughes, Cameron",Bachelors,Skilled Manual
635,1423,12422,"Evans, Hailey",Bachelors,Skilled Manual
636,1424,12423,"Thompson, Sarah",Partial High School,Clerical
637,1425,12424,"Mitchell, Rebecca",High School,Manual
638,1426,12425,"White, Brandon",High School,Clerical
639,1427,12426,"Cox, Cody",Partial College,Clerical
640,1428,12427,"Stewart, Kimberly",Partial College,Clerical
641,1429,12428,"Morris, Sean",Partial College,Clerical
642,1430,12429,"Black, Melvin",Partial College,Clerical
643,1433,12432,"Clark, Nathan",Partial College,Clerical
644,1434,12433,"Price, Antonio",Partial College,Clerical
645,1435,12434,"Kumar, Thomas",Partial College,Clerical
646,1436,12435,"Zhou, Christy",Partial College,Clerical
647,1437,12436,"Diaz, Albert",Partial College,Clerical
648,1438,12437,"Young, Jeremy",Partial College,Clerical
649,1439,12438,"Rogers, Bailey",Graduate Degree,Skilled Manual
650,1440,12439,"Bennett, Megan",Partial College,Clerical
651,1441,12440,"Chandra, Francisco",Partial College,Clerical
652,1442,12441,"Simmons, Trevor",Partial College,Clerical
653,1443,12442,"Richardson, Allison",Partial College,Clerical
654,1444,12443,"James, Garrett",Partial College,Clerical
655,1446,12445,"Taylor, Cameron",Partial College,Clerical
656,1447,12446,"Hall, Jasmine",Partial College,Clerical
657,1449,12448,"Cox, Hailey",Graduate Degree,Skilled Manual
658,1451,12450,"Cook, Cody",Graduate Degree,Skilled Manual
659,1453,12452,"Sanchez, Sean",Graduate Degree,Skilled Manual
660,1454,12453,"Bennett, Madison",Graduate Degree,Skilled Manual
661,1455,12454,"Griffin, Samuel",Graduate Degree,Skilled Manual
662,1456,12455,"Lewis, Benjamin",Graduate Degree,Skilled Manual
663,1457,12456,"Chen, Thomas",Graduate Degree,Skilled Manual
664,1458,12457,"Rai, Misty",Graduate Degree,Skilled Manual
665,1459,12458,"Sanchez, Veronica",Bachelors,Clerical
666,1462,12461,"Suri, Ruth",Graduate Degree,Clerical
667,1463,12462,"Suri, Levi",Graduate Degree,Clerical
668,1470,12469,"Srini, Shane",High School,Manual
669,1471,12470,"He, Barbara",High School,Manual
670,1472,12471,"Zeng, Lacey",Bachelors,Clerical
671,1476,12475,"Carter, Logan",Partial High School,Manual
672,1479,12478,"Mehta, Ruben",High School,Manual
673,1480,12479,"Tang, Priscilla",Bachelors,Skilled Manual
674,1482,12481,"Diaz, Victor",Partial High School,Manual
675,1485,12484,"Suarez, Lori",High School,Manual
676,1488,12487,"Zhu, Willie",High School,Manual
677,1494,12493,"Vazquez, Dwayne",Bachelors,Professional
678,1496,12495,"Miller, Lucas",Partial College,Clerical
679,1498,12497,"Kumar, Ashlee",Bachelors,Skilled Manual
680,1499,12498,"Diaz, Eduardo",Bachelors,Skilled Manual
681,1500,12499,"Wang, Heather",High School,Manual
682,1501,12500,"Vazquez, Kathleen",Partial College,Clerical
683,1502,12501,"Sai, Cory",Partial College,Clerical
684,1508,12507,"Bell, Ian",Partial College,Clerical
685,1513,12512,"Gomez, Carolyn",Partial College,Clerical
686,1517,12516,"Chander, Shawna",Partial College,Clerical
687,1518,12517,"Watson, Alexa",Partial College,Clerical
688,1519,12518,"Dominguez, Jacquelyn",Partial College,Clerical
689,1522,12521,"Dominguez, Meredith",Partial High School,Manual
690,1528,12527,"Rodriguez, José",Graduate Degree,Skilled Manual
691,1529,12528,"Wilson, Devin",Graduate Degree,Skilled Manual
692,1530,12529,"Allen, Isaiah",Graduate Degree,Skilled Manual
693,1532,12531,"Xu, Autumn",Partial College,Clerical
694,1534,12533,"Washington, Luis",Graduate Degree,Management
695,1536,12535,"Kapoor, Clifford",Bachelors,Manual
696,1537,12536,"Dominguez, Javier",Bachelors,Manual
697,1539,12538,"Blanco, Paula",Graduate Degree,Clerical
698,1545,12544,"Jordan, Bruce",Bachelors,Manual
699,1547,12546,"Andersen, Clarence",Bachelors,Clerical
700,1549,12548,"Collins, Alexandra",Partial College,Manual
701,1557,12556,"Kapoor, Manuel",Bachelors,Clerical
702,1559,12558,"Evans, Amanda",Bachelors,Clerical
703,1592,12591,"Madan, Meredith",Graduate Degree,Clerical
704,1601,12600,"Romero, Larry",Graduate Degree,Clerical
705,1605,12604,"Lee, Nathan",Bachelors,Clerical
706,1606,12605,"Cooper, Carol",Bachelors,Clerical
707,1617,12616,"Tang, Kelsey",Partial College,Manual
708,1618,12617,"Ma, Jake",Partial College,Manual
709,1625,12624,"Xu, Jamie",Partial College,Manual
710,1630,12629,"Nara, Russell",Partial College,Manual
711,1637,12636,"Salah, Tamer",Bachelors,Management
712,1639,12638,"Brooks, Sebastian",Partial College,Professional
713,1644,12643,"Perez, Kristina",Bachelors,Management
714,1647,12646,"Xu, Kenneth",High School,Professional
715,1658,12657,"Blanco, Audrey",High School,Management
716,1710,12709,"Rodriguez, Ian",Bachelors,Management
717,1713,12712,"Romero, Arthur",Partial High School,Manual
718,1714,12713,"Xie, Deborah",Partial High School,Manual
719,1715,12714,"Lu, Colleen",Partial College,Clerical
720,1722,12721,"Martinez, Rebekah",Partial College,Clerical
721,1723,12722,"Gomez, Latasha",Partial High School,Manual
722,1725,12724,"Martin, Eddie",Partial High School,Manual
723,1726,12725,"James, Gabrielle",Partial High School,Manual
724,1727,12726,"Goel, Kurt",Partial High School,Manual
725,1729,12728,"Stewart, Jeremiah",Partial College,Clerical
726,1732,12731,"Murphy, Steven",High School,Manual
727,1736,12735,"Mehta, Donald",Partial High School,Manual
728,1737,12736,"Ruiz, Diana",Partial High School,Manual
729,1739,12738,"Rubio, Melinda",Bachelors,Skilled Manual
730,1742,12741,"Sam, Raymond",High School,Manual
731,1743,12742,"Martinez, Samantha",Partial College,Clerical
732,1748,12747,"Hu, Colleen",Partial High School,Manual
733,1752,12751,"Xu, Priscilla",Partial College,Clerical
734,1758,12757,"Ramirez, Sara",Partial College,Clerical
735,1759,12758,"Ramirez, Stephanie",Bachelors,Skilled Manual
736,1760,12759,"Sanders, Jada",Graduate Degree,Skilled Manual
737,1762,12761,"Richardson, Alexandra",Graduate Degree,Skilled Manual
738,1763,12762,"Smith, Jonathan",Bachelors,Skilled Manual
739,1765,12764,"Harris, Alexandra",Partial College,Clerical
740,1767,12766,"Bryant, Jordyn",Partial High School,Clerical
741,1768,12767,"Robinson, Christopher",High School,Clerical
742,1769,12768,"Chapman, Johnathan",High School,Clerical
743,1770,12769,"Zhang, Thomas",Partial College,Clerical
744,1771,12770,"Evans, Charles",Partial College,Clerical
745,1772,12771,"Thomas, Morgan",Partial College,Clerical
746,1773,12772,"Clark, Abigail",Partial College,Clerical
747,1774,12773,"Taylor, Samantha",Partial College,Clerical
748,1775,12774,"Gao, Kristen",Partial College,Clerical
749,1776,12775,"Griffin, Connor",Partial College,Clerical
750,1777,12776,"Campbell, Blake",Graduate Degree,Skilled Manual
751,1778,12777,"Anderson, Joseph",Partial College,Clerical
752,1779,12778,"Morgan, Connie",Partial College,Clerical
753,1780,12779,"Rogers, Mason",Partial College,Clerical
754,1790,12789,"Zeng, Jamie",Partial College,Clerical
755,1791,12790,"Kumar, Brandon",Graduate Degree,Skilled Manual
756,1792,12791,"Foster, Angelica",Graduate Degree,Skilled Manual
757,1793,12792,"White, Blake",Graduate Degree,Skilled Manual
758,1794,12793,"Guo, Jessie",Graduate Degree,Skilled Manual
759,1795,12794,"Jackson, Megan",Graduate Degree,Skilled Manual
760,1797,12796,"Zhang, Jason",Graduate Degree,Skilled Manual
761,1798,12797,"Howard, Patrick",Graduate Degree,Skilled Manual
762,1800,12799,"Chandra, George",Bachelors,Clerical
763,1801,12800,"Chen, Lacey",Bachelors,Clerical
764,1802,12801,"Browning, Melody",Bachelors,Clerical
765,1803,12802,"Sun, Alan",Bachelors,Clerical
766,1807,12806,"Zeng, Ronnie",Graduate Degree,Clerical
767,1808,12807,"Kumar, Nina",Graduate Degree,Clerical
768,1810,12809,"Navarro, Michele",Partial College,Manual
769,1811,12810,"Stewart, Chase",Bachelors,Clerical
770,1812,12811,"Serrano, Marc",Partial College,Manual
771,1814,12813,"Ramos, Reginald",Bachelors,Clerical
772,1815,12814,"Sharma, Casey",Bachelors,Clerical
773,1816,12815,"Mehta, Dominique",Bachelors,Clerical
774,1817,12816,"Mehta, Tammy",Partial High School,Manual
775,1823,12822,"James, Alexandra",Bachelors,Clerical
776,1826,12825,"Hu, Kelvin",Bachelors,Skilled Manual
777,1827,12826,"Gonzalez, Caleb",Partial High School,Manual
778,1828,12827,"Raje, Nicolas",High School,Manual
779,1829,12828,"Rubio, Carol",Partial High School,Manual
780,1830,12829,"Li, Micah",High School,Manual
781,1832,12831,"Lal, Kathryn",High School,Manual
782,1833,12832,"Prasad, Douglas",High School,Manual
783,1834,12833,"Goel, Sheena",High School,Manual
784,1836,12835,"Yuan, Karl",Partial High School,Manual
785,1838,12837,"Anderson, Nicole",Partial College,Manual
786,1839,12838,"Beck, Ralph",Bachelors,Professional
787,1845,12844,"Gonzalez, Gerald",Bachelors,Skilled Manual
788,1846,12845,"Torres, Angela",Bachelors,Skilled Manual
789,1847,12846,"Nara, Bridget",Partial College,Clerical
790,1851,12850,"Raji, Johnny",High School,Manual
791,1853,12852,"Carlson, Teresa",Partial College,Clerical
792,1859,12858,"Mehta, Adriana",Partial College,Clerical
793,1864,12863,"Zhang, Caleb",Partial College,Clerical
794,1868,12867,"Ye, Laura",Partial High School,Manual
795,1871,12870,"Munoz, Tyrone",Partial High School,Manual
796,1873,12872,"Hughes, Olivia",Partial College,Clerical
797,1876,12875,"Ross, Brianna",Graduate Degree,Skilled Manual
798,1877,12876,"Robinson, Blake",Graduate Degree,Skilled Manual
799,1878,12877,"Williams, Alexander",Graduate Degree,Skilled Manual
800,1879,12878,"Sun, Gilbert",High School,Skilled Manual
801,1880,12879,"Nelson, Elijah",Graduate Degree,Skilled Manual
802,1882,12881,"Edwards, Isabella",Graduate Degree,Skilled Manual
803,1883,12882,"Allen, Eduardo",Graduate Degree,Skilled Manual
804,1884,12883,"Bailey, Stephanie",Graduate Degree,Skilled Manual
805,1885,12884,"Williams, Megan",Graduate Degree,Skilled Manual
806,1886,12885,"Anderson, Jonathan",Graduate Degree,Skilled Manual
807,1887,12886,"Long, Jocelyn",Graduate Degree,Skilled Manual
808,1888,12887,"Pal, Brendan",Graduate Degree,Skilled Manual
809,1889,12888,"Barnes, Melissa",Graduate Degree,Skilled Manual
810,1890,12889,"Adams, James",Graduate Degree,Skilled Manual
811,1891,12890,"Thorpe, Steven",Graduate Degree,Skilled Manual
812,1892,12891,"King, Kaylee",Graduate Degree,Skilled Manual
813,1894,12893,"Foster, Brittany",Graduate Degree,Professional
814,1895,12894,"Walker, Natalie",Graduate Degree,Professional
815,1897,12896,"Wood, Victoria",Bachelors,Skilled Manual
816,1898,12897,"Wilson, Alyssa",Bachelors,Skilled Manual
817,1899,12898,"Campbell, Madeline",Bachelors,Skilled Manual
818,1900,12899,"Ross, Ana",Bachelors,Skilled Manual
819,1901,12900,"Ward, Carlos",Graduate Degree,Professional
820,1902,12901,"Adams, Robert",Bachelors,Skilled Manual
821,1905,12904,"Jai, Thomas",Bachelors,Skilled Manual
822,1906,12905,"Sanchez, Alexandra",Graduate Degree,Professional
823,1907,12906,"Ramos, Philip",Graduate Degree,Professional
824,1908,12907,"Bryant, Julia",Graduate Degree,Professional
825,1909,12908,"Clark, Tyler",Graduate Degree,Professional
826,1910,12909,"Shan, Kelsey",Graduate Degree,Professional
827,1922,12921,"Lee, Wyatt",Bachelors,Skilled Manual
828,1923,12922,"Sanders, Jennifer",Bachelors,Skilled Manual
829,1924,12923,"Wright, Fernando",Bachelors,Skilled Manual
830,1925,12924,"Chande, Devon",Bachelors,Skilled Manual
831,1926,12925,"Blue, Mackenzie",Graduate Degree,Professional
832,1927,12926,"Murphy, Sara",Graduate Degree,Professional
833,1930,12929,"Bryant, Vanessa",Graduate Degree,Professional
834,1931,12930,"Harris, Grace",Graduate Degree,Professional
835,1932,12931,"Fernandez, Ann",Graduate Degree,Professional
836,1933,12932,"Johnson, Tyler",Graduate Degree,Professional
837,1934,12933,"Hall, Jonathan",Graduate Degree,Professional
838,1935,12934,"Foster, Jason",Graduate Degree,Professional
839,1936,12935,"Hill, Robert",Graduate Degree,Professional
840,1938,12937,"Wilson, Megan",Bachelors,Professional
841,1939,12938,"Parker, Edward",Bachelors,Professional
842,1941,12940,"Rogers, Steven",Bachelors,Skilled Manual
843,1942,12941,"Morgan, Maria",Bachelors,Skilled Manual
844,1943,12942,"Harris, Morgan",Bachelors,Skilled Manual
845,1944,12943,"Perez, Caleb",Bachelors,Skilled Manual
846,1947,12946,"Allen, Seth",Graduate Degree,Professional
847,1948,12947,"Sanchez, Isaiah",Bachelors,Professional
848,1949,12948,"Kumar, Adam",Bachelors,Skilled Manual
849,1950,12949,"Rivera, Morgan",Bachelors,Skilled Manual
850,1951,12950,"Adams, Mary",Bachelors,Skilled Manual
851,1952,12951,"Simmons, Blake",Bachelors,Professional
852,1953,12952,"Hughes, Jennifer",Bachelors,Professional
853,1954,12953,"Cooper, Catherine",Graduate Degree,Professional
854,1955,12954,"Diaz, Pedro",Bachelors,Professional
855,1956,12955,"Hernandez, Theresa",Bachelors,Professional
856,1957,12956,"Sun, Marshall",Bachelors,Professional
857,1958,12957,"Lopez, Isabella",Bachelors,Professional
858,1959,12958,"Campbell, Jennifer",Bachelors,Professional
859,1961,12960,"Lewis, Ashley",Bachelors,Professional
860,1962,12961,"Murphy, Kimberly",Partial College,Skilled Manual
861,1963,12962,"Edwards, Jennifer",Partial College,Skilled Manual
862,1964,12963,"Anderson, Marcus",Partial College,Skilled Manual
863,1966,12965,"Bell, Cody",High School,Skilled Manual
864,1967,12966,"Zhu, Dennis",High School,Skilled Manual
865,1968,12967,"Rodriguez, Fernando",High School,Skilled Manual
866,1969,12968,"Butler, Paige",Partial College,Skilled Manual
867,1972,12971,"Nara, Carl",Bachelors,Professional
868,1974,12973,"Howard, Adrian",Partial College,Skilled Manual
869,1975,12974,"Gill, Marc",Graduate Degree,Professional
870,1976,12975,"Wilson, Marcus",Graduate Degree,Professional
871,1977,12976,"Thompson, Hunter",Graduate Degree,Professional
872,1978,12977,"Johnson, Destiny",Graduate Degree,Professional
873,1979,12978,"James, Danielle",High School,Skilled Manual
874,1980,12979,"Ward, Christina",Partial College,Skilled Manual
875,1981,12980,"Moyer, Max",Graduate Degree,Professional
876,1982,12981,"Sanz, Joe",Graduate Degree,Professional
877,1983,12982,"Patterson, Brittany",Partial College,Skilled Manual
878,1984,12983,"Carter, Gabriella",Bachelors,Professional
879,1986,12985,"Roberts, Hailey",Graduate Degree,Professional
880,2015,13014,"Clark, James",Bachelors,Management
881,2016,13015,"Parker, Rebecca",Bachelors,Management
882,2017,13016,"Bryant, Antonio",Graduate Degree,Management
883,2018,13017,"Alexander, Xavier",Partial College,Skilled Manual
884,2020,13019,"Murphy, Destiny",Partial College,Skilled Manual
885,2029,13028,"Thompson, Dalton",Partial College,Skilled Manual
886,2030,13029,"Foster, Jennifer",Partial College,Skilled Manual
887,2031,13030,"Lopez, Sophia",Partial College,Skilled Manual
888,2032,13031,"Shan, Hunter",Partial College,Skilled Manual
889,2033,13032,"Baker, Kevin",Partial College,Skilled Manual
890,2040,13039,"Ma, Trisha",Partial College,Skilled Manual
891,2056,13055,"Gray, Patrick",High School,Skilled Manual
892,2057,13056,"Blue, Morgan",High School,Skilled Manual
893,2058,13057,"Powell, Destiny",High School,Skilled Manual
894,2059,13058,"Huang, Ramon",High School,Skilled Manual
895,2060,13059,"Deng, Keith",High School,Skilled Manual
896,2061,13060,"Zhu, Eugene",High School,Skilled Manual
897,2067,13066,"Perry, Carson",High School,Skilled Manual
898,2068,13067,"Garcia, Olivia",High School,Skilled Manual
899,2069,13068,"Morris, Alexandria",High School,Skilled Manual
900,2070,13069,"Green, Adam",High School,Skilled Manual
901,2071,13070,"Clark, Emma",Partial College,Skilled Manual
902,2073,13072,"Rogers, Emma",Partial College,Professional
903,2074,13073,"Lopez, Sydney",Partial College,Professional
904,2075,13074,"Hughes, Grace",Partial College,Professional
905,2084,13083,"Butler, Jordyn",Partial College,Professional
906,2086,13085,"Harris, Daniel",Partial High School,Skilled Manual
907,2087,13086,"Nelson, Blake",Partial College,Professional
908,2088,13087,"Collins, Jeremy",Partial College,Professional
909,2089,13088,"Powell, Megan",Partial College,Professional
910,2093,13092,"Walker, William",Graduate Degree,Management
911,2148,13147,"Lin, Cedric",High School,Skilled Manual
912,2168,13167,"Tang, Mario",Partial College,Skilled Manual
913,2169,13168,"Price, Hannah",Partial College,Skilled Manual
914,2171,13170,"Reed, Sebastian",Bachelors,Management
915,2172,13171,"Torres, Catherine",Bachelors,Management
916,2173,13172,"Cook, Isabella",Bachelors,Management
917,2174,13173,"Brooks, Dalton",Bachelors,Management
918,2175,13174,"Morris, Gabriella",Bachelors,Management
919,2177,13176,"Chander, Kurt",Graduate Degree,Management
920,2178,13177,"Rogers, Taylor",Partial College,Skilled Manual
921,2179,13178,"Gray, Megan",Bachelors,Management
922,2181,13180,"Sanz, Leslie",Bachelors,Management
923,2182,13181,"Morgan, Brian",Bachelors,Management
924,2183,13182,"Bennett, Jeremy",Bachelors,Management
925,2184,13183,"Jenkins, Christian",Bachelors,Management
926,2185,13184,"Perez, Miguel",Bachelors,Management
927,2187,13186,"Sanders, Marcus",Graduate Degree,Management
928,2188,13187,"Wright, Evan",Graduate Degree,Management
929,2189,13188,"Davis, Anthony",Graduate Degree,Management
930,2190,13189,"Romero, Gloria",Graduate Degree,Management
931,2191,13190,"Diaz, Jonathan",Graduate Degree,Management
932,2192,13191,"Rodriguez, Emma",Bachelors,Management
933,2193,13192,"Martinez, Hunter",Bachelors,Management
934,2194,13193,"Evans, Kevin",Bachelors,Management
935,2195,13194,"Carter, Kevin",Bachelors,Management
936,2196,13195,"Perry, Aaron",Bachelors,Management
937,2197,13196,"Sanders, Kimberly",Bachelors,Management
938,2201,13200,"Miller, Jessica",Bachelors,Management
939,2203,13202,"Romero, Natasha",Bachelors,Management
940,2204,13203,"Bell, Bailey",Bachelors,Management
941,2211,13210,"Simmons, Ethan",Bachelors,Management
942,2212,13211,"Jai, James",Bachelors,Management
943,2213,13212,"Phillips, Logan",Bachelors,Management
944,2214,13213,"King, Courtney",Bachelors,Management
945,2215,13214,"Adams, Elijah",Bachelors,Management
946,2216,13215,"Sharma, Colleen",Bachelors,Management
947,2229,13228,"Sanchez, Thomas",Bachelors,Management
948,2230,13229,"Wang, Dylan",Bachelors,Management
949,2231,13230,"Bryant, Chloe",Bachelors,Management
950,2233,13232,"Baker, Kaitlyn",Partial College,Professional
951,2234,13233,"Coleman, Richard",Partial College,Professional
952,2235,13234,"Lewis, Robert",Partial College,Professional
953,2236,13235,"Robinson, Jonathan",Partial College,Professional
954,2237,13236,"Wang, Robert",Partial College,Professional
955,2238,13237,"Stewart, Devin",Bachelors,Management
956,2239,13238,"Williams, John",Bachelors,Management
957,2241,13240,"Foster, Blake",Bachelors,Management
958,2243,13242,"Yang, Kyle",Partial College,Professional
959,2244,13243,"Davis, Alyssa",High School,Professional
960,2245,13244,"Sharma, Jose",High School,Professional
961,2246,13245,"Scott, Angel",Partial College,Professional
962,2247,13246,"Perez, Hailey",High School,Professional
963,2248,13247,"Chen, Zachary",High School,Professional
964,2249,13248,"Martinez, Isabella",High School,Professional
965,2251,13250,"King, Jordan",Partial College,Professional
966,2256,13255,"Blanco, Lance",Partial College,Professional
967,2257,13256,"Subram, Abby",Partial College,Professional
968,2258,13257,"Chander, Jon",Partial College,Professional
969,2259,13258,"Dominguez, Anne",Partial College,Professional
970,2260,13259,"Garcia, Allen",Partial College,Professional
971,2261,13260,"Flores, James",Partial College,Professional
972,2262,13261,"Andersen, Lindsey",Partial College,Professional
973,2265,13264,"Sanchez, Melanie",High School,Professional
974,2266,13265,"Adams, Luke",High School,Professional
975,2267,13266,"Wang, Samuel",Partial College,Professional
976,2270,13269,"Martin, Rachel",Graduate Degree,Management
977,2273,13272,"Gonzalez, Jordan",Graduate Degree,Management
978,2274,13273,"Lee, Elizabeth",Graduate Degree,Management
979,2275,13274,"Lee, Joshua",Partial College,Professional
980,2276,13275,"Murphy, Carlos",Bachelors,Management
981,2277,13276,"Johnson, Sarah",Bachelors,Management
982,2278,13277,"Brown, Nathan",Partial College,Professional
983,2279,13278,"Hu, Jorge",Bachelors,Management
984,2280,13279,"Howard, Rachel",Graduate Degree,Management
985,2281,13280,"Adams, Bailey",Partial College,Professional
986,2282,13281,"Li, Brent",Bachelors,Management
987,2283,13282,"Price, Madison",Partial College,Professional
988,2284,13283,"Griffin, Dakota",Partial College,Professional
989,2287,13286,"Rodriguez, Hannah",Partial College,Professional
990,2288,13287,"Rodriguez, Brandon",Bachelors,Management
991,2289,13288,"Lopez, Jackson",Partial College,Professional
992,2294,13293,"Lu, Barbara",Bachelors,Management
993,2295,13294,"Hughes, Cassidy",Partial College,Professional
994,2296,13295,"Jackson, Jasmine",High School,Professional
995,2297,13296,"Anderson, Seth",Bachelors,Management
996,2298,13297,"Rubio, Arthur",Partial College,Professional
997,2299,13298,"Harris, Anna",Bachelors,Management
998,2300,13299,"Ross, Vanessa",Bachelors,Management
999,2301,13300,"Hernandez, Timothy",High School,Professional
1000,2302,13301,"Stewart, Angela",High School,Professional
1001,2303,13302,"Torres, Cole",High School,Professional
1002,2305,13304,"Peterson, Sara",High School,Professional
1003,2306,13305,"Alexander, Oscar",High School,Professional
1004,2307,13306,"Cox, Kaitlyn",High School,Professional
1005,2308,13307,"Stone, Michelle",Graduate Degree,Management
1006,2309,13308,"King, Kaitlyn",Graduate Degree,Management
1007,2310,13309,"Sanders, Angela",Bachelors,Management
1008,2311,13310,"Barnes, Miguel",Partial College,Professional
1009,2312,13311,"Reed, Isabella",Partial College,Professional
1010,2313,13312,"Jenkins, Natalie",Partial College,Professional
1011,2314,13313,"Stone, Megan",High School,Professional
1012,2315,13314,"Hernandez, Jordan",High School,Professional
1013,2316,13315,"Thomas, Lucas",Partial High School,Skilled Manual
1014,2317,13316,"Rivera, Angel",Partial High School,Skilled Manual
1015,2318,13317,"Long, Jeremiah",High School,Professional
1016,2320,13319,"Howard, Charles",High School,Professional
1017,2321,13320,"Jones, Jasmine",Graduate Degree,Management
1018,2322,13321,"Barnes, Arianna",Graduate Degree,Management
1019,2323,13322,"Patterson, Elizabeth",Graduate Degree,Management
1020,2324,13323,"Adams, Adam",Graduate Degree,Management
1021,2325,13324,"Stiller, Florian",Bachelors,Management
1022,2326,13325,"Wright, Marcus",Bachelors,Management
1023,2327,13326,"Fernandez, Bob",Bachelors,Management
1024,2328,13327,"Russell, Isabelle",Graduate Degree,Management
1025,2330,13329,"Wang, Jake",Bachelors,Management
1026,2332,13331,"Diaz, Lauren",Bachelors,Management
1027,2333,13332,"Alonso, Neil",Bachelors,Management
1028,2334,13333,"Chander, Tara",Bachelors,Management
1029,2335,13334,"Rivera, Melanie",Bachelors,Management
1030,2336,13335,"Barnes, Alyssa",Bachelors,Management
1031,2337,13336,"Gill, Deanna",Graduate Degree,Management
1032,2338,13337,"Cox, Lauren",Bachelors,Management
1033,2339,13338,"Carter, Jada",Bachelors,Management
1034,2340,13339,"Clark, Nicole",Bachelors,Management
1035,2341,13340,"Edwards, Natalie",Bachelors,Management
1036,2342,13341,"King, Lucas",Bachelors,Management
1037,2343,13342,"Jackson, Brandon",Bachelors,Management
1038,2345,13344,"Reed, Caitlin",Bachelors,Management
1039,2347,13346,"Chande, Gregory",Bachelors,Management
1040,2348,13347,"Hall, Rachel",Bachelors,Management
1041,2349,13348,"Young, Noah",Bachelors,Management
1042,2350,13349,"Gonzalez, Kaitlyn",Bachelors,Management
1043,2352,13351,"Cox, Mariah",Bachelors,Management
1044,2353,13352,"Davis, Joseph",Bachelors,Management
1045,2354,13353,"Coleman, Jordyn",Graduate Degree,Management
1046,2355,13354,"Campbell, Eric",Bachelors,Management
1047,2356,13355,"Jai, Jackson",Bachelors,Management
1048,2357,13356,"Prasad, Stefanie",Bachelors,Management
1049,2358,13357,"Gonzales, Blake",Bachelors,Management
1050,2360,13359,"Wood, Ian",Bachelors,Management
1051,2361,13360,"Cook, Jada",Bachelors,Management
1052,2362,13361,"Jai, Cameron",Bachelors,Management
1053,2363,13362,"Morgan, Destiny",Bachelors,Management
1054,2364,13363,"Allen, Sydney",Bachelors,Management
1055,2365,13364,"Anderson, Natalie",Bachelors,Management
1056,2366,13365,"Shan, Luke",Bachelors,Management
1057,2368,13367,"Edwards, Savannah",Bachelors,Management
1058,2369,13368,"Henderson, Kyle",Bachelors,Management
1059,2370,13369,"Henderson, Mariah",Bachelors,Management
1060,2371,13370,"Ross, Blake",Partial College,Professional
1061,2372,13371,"Gonzales, Sydney",Partial College,Professional
1062,2373,13372,"Edwards, Isaac",Partial College,Professional
1063,2374,13373,"Murphy, Michelle",Partial College,Professional
1064,2375,13374,"Martinez, Marco",Partial College,Professional
1065,2376,13375,"Kumar, Jason",Partial College,Professional
1066,2377,13376,"Rai, Jerry",Partial College,Professional
1067,2378,13377,"Hernandez, Thomas",Bachelors,Management
1068,2379,13378,"Bailey, Alexandra",Partial College,Professional
1069,2380,13379,"Morris, Bailey",Partial College,Professional
1070,2381,13380,"Scott, Katherine",Bachelors,Management
1071,2382,13381,"Jenkins, Vanessa",Bachelors,Management
1072,2383,13382,"Rogers, Richard",Partial College,Professional
1073,2384,13383,"Wright, Natalie",Partial College,Professional
1074,2385,13384,"Ashe, Mario",Partial College,Professional
1075,2386,13385,"Cook, Danielle",Partial College,Professional
1076,2387,13386,"Patterson, Samuel",Partial College,Professional
1077,2388,13387,"Jenkins, Miranda",Partial College,Professional
1078,2389,13388,"Shen, Marshall",Partial College,Professional
1079,2390,13389,"Thomas, Madison",Partial College,Professional
1080,2391,13390,"Collins, Julia",Partial College,Professional
1081,2393,13392,"Parker, Hunter",High School,Professional
1082,2394,13393,"Kumar, Willie",High School,Professional
1083,2395,13394,"Clark, Matthew",High School,Professional
1084,2396,13395,"Li, Gabriel",High School,Professional
1085,2397,13396,"Kumar, David",High School,Professional
1086,2398,13397,"Mitchell, Adam",Partial College,Professional
1087,2399,13398,"Ross, Logan",Partial College,Professional
1088,2400,13399,"Young, Edward",Partial College,Professional
1089,2401,13400,"Thomas, Julia",Partial College,Professional
1090,2402,13401,"Bradley, Erin",High School,Professional
1091,2403,13402,"Turner, Gabriel",High School,Professional
1092,2404,13403,"Jackson, Jennifer",Partial College,Professional
1093,2407,13406,"Jiménez, Craig",Partial College,Professional
1094,2411,13410,"Madan, Jillian",Partial College,Professional
1095,2414,13413,"Phillips, Fernando",Graduate Degree,Management
1096,2415,13414,"Wilson, Miguel",Graduate Degree,Management
1097,2416,13415,"Rogers, Marcus",Graduate Degree,Management
1098,2417,13416,"Roberts, Richard",Graduate Degree,Management
1099,2418,13417,"Cox, Ian",Graduate Degree,Management
1100,2420,13419,"Coleman, Lauren",Partial College,Professional
1101,2421,13420,"Turner, Jordan",Bachelors,Management
1102,2422,13421,"Patterson, Alyssa",Graduate Degree,Management
1103,2423,13422,"Washington, Jacqueline",Graduate Degree,Management
1104,2425,13424,"Thomas, Jasmine",Partial College,Professional
1105,2426,13425,"Garcia, Jose",Partial College,Professional
1106,2427,13426,"Williams, Taylor",Bachelors,Management
1107,2428,13427,"Winston, Connor",Bachelors,Management
1108,2429,13428,"Ramirez, Marcus",Bachelors,Management
1109,2430,13429,"Washington, Gabrielle",Bachelors,Management
1110,2431,13430,"Griffin, Edward",Bachelors,Management
1111,2432,13431,"James, Bryan",Partial College,Professional
1112,2433,13432,"Wood, Dalton",Partial College,Professional
1113,2434,13433,"Vazquez, Jessie",Partial College,Professional
1114,2436,13435,"Pal, Tracy",Graduate Degree,Management
1115,2440,13439,"Lin, Arturo",Bachelors,Management
1116,2445,13444,"Lopez, Abby",Bachelors,Management
1117,2446,13445,"Davis, Logan",Partial College,Professional
1118,2447,13446,"Scott, Katelyn",Partial College,Professional
1119,2448,13447,"Cox, Destiny",Bachelors,Management
1120,2449,13448,"Ward, Catherine",Bachelors,Management
1121,2452,13451,"Browning, Robin",Partial College,Professional
1122,2453,13452,"Evans, Kaitlyn",Bachelors,Management
1123,2454,13453,"Howard, Amanda",Bachelors,Management
1124,2455,13454,"Griffin, Benjamin",Bachelors,Management
1125,2456,13455,"Bryant, Kaitlyn",Bachelors,Management
1126,2462,13461,"Jones, Anthony",Graduate Degree,Management
1127,2472,13471,"Bryant, Eric",High School,Professional
1128,2473,13472,"Pearson, Simon",Partial High School,Skilled Manual
1129,2474,13473,"Hill, Logan",Partial High School,Skilled Manual
1130,2476,13475,"Allen, Charles",Partial High School,Skilled Manual
1131,2477,13476,"Hall, Timothy",Partial High School,Skilled Manual
1132,2478,13477,"Wood, Katherine",High School,Professional
1133,2479,13478,"Coleman, Alexia",High School,Professional
1134,2480,13479,"Rogers, Katelyn",Graduate Degree,Management
1135,2481,13480,"Rodriguez, Anna",Graduate Degree,Management
1136,2482,13481,"Hernandez, Hunter",Graduate Degree,Management
1137,2485,13484,"Martinez, Marcus",Graduate Degree,Management
1138,2486,13485,"Allen, Thomas",Graduate Degree,Management
1139,2488,13487,"Martin, Emily",Graduate Degree,Management
1140,2489,13488,"Guo, Laura",Graduate Degree,Management
1141,2491,13490,"Rodriguez, Edward",Graduate Degree,Management
1142,2493,13492,"Foster, Christian",Bachelors,Management
1143,2495,13494,"Gutierrez, Byron",Graduate Degree,Manual
1144,2498,13497,"Sharma, Deborah",Graduate Degree,Clerical
1145,2501,13500,"Vance, Molly",Bachelors,Manual
1146,2502,13501,"Zhu, Clayton",Bachelors,Manual
1147,2503,13502,"Nara, Deborah",Bachelors,Manual
1148,2514,13513,"Henderson, Abigail",Bachelors,Clerical
1149,2515,13514,"Luo, Lindsay",Partial College,Manual
1150,2516,13515,"Liang, Cara",Partial College,Manual
1151,2533,13532,"Gill, Melody",Graduate Degree,Clerical
1152,2539,13538,"Henderson, Vanessa",Partial College,Manual
1153,2541,13540,"Ortega, Paula",Graduate Degree,Clerical
1154,2542,13541,"Xu, Ashlee",Graduate Degree,Clerical
1155,2543,13542,"Kumar, Sharon",Bachelors,Clerical
1156,2544,13543,"Rana, Phillip",Bachelors,Clerical
1157,2546,13545,"Sharma, Brad",Bachelors,Clerical
1158,2547,13546,"Jai, Mitchell",Bachelors,Clerical
1159,2549,13548,"Jai, Bridget",Bachelors,Clerical
1160,2560,13559,"Ramos, Lori",Graduate Degree,Skilled Manual
1161,2561,13560,"Shan, Andres",Graduate Degree,Skilled Manual
1162,2567,13566,"Sandberg, Mikael",High School,Manual
1163,2568,13567,"Rubio, Anne",High School,Manual
1164,2570,13569,"Hall, Marcus",High School,Manual
1165,2571,13570,"Jackson, Benjamin",High School,Manual
1166,2573,13572,"Deng, Shaun",High School,Manual
1167,2575,13574,"Garcia, Brenda",Partial College,Manual
1168,2580,13579,"Chen, Alan",Bachelors,Management
1169,2581,13580,"Xu, Carol",Bachelors,Management
1170,2588,13587,"Subram, Kristina",High School,Professional
1171,2589,13588,"Dominguez, Deb",Partial College,Professional
1172,2594,13593,"Navarro, Deanna",Partial College,Professional
1173,2595,13594,"Williams, Jessica",Partial College,Professional
1174,2598,13597,"Gutierrez, Lance",High School,Professional
1175,2599,13598,"Luo, Keith",Partial College,Professional
1176,2602,13601,"Dominguez, Tanya",Partial College,Management
1177,2607,13606,"Sharma, Drew",Partial College,Management
1178,2608,13607,"Rana, Levi",High School,Management
1179,2609,13608,"Kumar, Karla",High School,Management
1180,2657,13656,"Howard, Faith",Graduate Degree,Management
1181,2658,13657,"Collins, Kaylee",Graduate Degree,Management
1182,2659,13658,"Bennett, Wyatt",Bachelors,Management
1183,2660,13659,"Shan, Clayton",Bachelors,Management
1184,2664,13663,"Tang, Melvin",Partial High School,Manual
1185,2667,13666,"Ruiz, Teresa",Partial High School,Manual
1186,2672,13671,"Ramos, Frank",Partial College,Clerical
1187,2678,13677,"Albrecht, Brian",High School,Manual
1188,2683,13682,"Lopez, Fernando",High School,Manual
1189,2684,13683,"Torres, Sheila",High School,Manual
1190,2685,13684,"Dominguez, Francis",Partial High School,Manual
1191,2686,13685,"Torres, Briana",Bachelors,Skilled Manual
1192,2687,13686,"Jai, Peter",Bachelors,Skilled Manual
1193,2697,13696,"Edwards, Katherine",Partial College,Clerical
1194,2698,13697,"Munoz, Jésus",Partial College,Clerical
1195,2699,13698,"Sanchez, Catherine",Partial College,Clerical
1196,2704,13703,"Sanders, Mackenzie",Graduate Degree,Skilled Manual
1197,2705,13704,"Davis, Victoria",Graduate Degree,Skilled Manual
1198,2706,13705,"Mitchell, Blake",Graduate Degree,Skilled Manual
1199,2713,13712,"Martinez, Nancy",Graduate Degree,Skilled Manual
1200,2714,13713,"Walker, Alexander",Graduate Degree,Skilled Manual
1201,2715,13714,"Ward, Amanda",High School,Manual
1202,2716,13715,"Sanchez, Eduardo",Bachelors,Skilled Manual
1203,2717,13716,"Jai, Brandon",Bachelors,Skilled Manual
1204,2718,13717,"Gill, Audrey",Bachelors,Skilled Manual
1205,2719,13718,"Barnes, Marcus",Bachelors,Skilled Manual
1206,2722,13721,"Howard, Lucas",Partial High School,Clerical
1207,2723,13722,"Campbell, Luke",High School,Manual
1208,2724,13723,"Raje, Leonard",High School,Clerical
1209,2725,13724,"Thompson, Charles",Partial College,Clerical
1210,2726,13725,"Henderson, Nathan",Partial College,Clerical
1211,2727,13726,"Lewis, Austin",Partial College,Clerical
1212,2728,13727,"Rubio, Paula",Partial College,Clerical
1213,2729,13728,"Stewart, Taylor",Partial College,Clerical
1214,2730,13729,"Li, Jason",Partial College,Clerical
1215,2731,13730,"Suarez, Walter",Partial College,Clerical
1216,2732,13731,"James, Jan",Graduate Degree,Skilled Manual
1217,2734,13733,"Collins, Sydney",Partial College,Clerical
1218,2735,13734,"Gonzalez, Kristi",Partial College,Clerical
1219,2736,13735,"Guo, Dennis",Partial College,Clerical
1220,2737,13736,"Rivera, Cole",Partial College,Clerical
1221,2738,13737,"Sanders, Garrett",Partial College,Clerical
1222,2739,13738,"Young, Jose",Partial College,Clerical
1223,2740,13739,"Coleman, Jason",Partial College,Clerical
1224,2741,13740,"Ramirez, Jada",Partial College,Clerical
1225,2742,13741,"Morgan, Haley",Partial College,Clerical
1226,2743,13742,"Ross, Benjamin",Partial College,Clerical
1227,2745,13744,"Andersen, Alvin",Partial College,Clerical
1228,2768,13767,"Jimenez, Linda",Bachelors,Clerical
1229,2771,13770,"Moreno, Gerald",Graduate Degree,Clerical
1230,2772,13771,"Moreno, Victor",Graduate Degree,Clerical
1231,2775,13774,"Guo, Steve",Partial High School,Manual
1232,2776,13775,"Subram, Patricia",Partial High School,Manual
1233,2779,13778,"Huang, Roger",Bachelors,Clerical
1234,2783,13782,"Lu, Kelli",Bachelors,Clerical
1235,2787,13786,"Chavez, Jon",Bachelors,Clerical
1236,2788,13787,"Cai, Glenn",Bachelors,Clerical
1237,2790,13789,"Shan, Julie",Partial High School,Manual
1238,2791,13790,"Deng, Nina",High School,Manual
1239,2796,13795,"Raje, Carl",High School,Manual
1240,2797,13796,"Zheng, Martha",Partial High School,Manual
1241,2798,13797,"Gao, Franklin",High School,Manual
1242,2804,13803,"Zheng, Krystal",Graduate Degree,Skilled Manual
1243,2808,13807,"Rana, Frederick",Partial College,Clerical
1244,2809,13808,"Perez, Richard",Partial College,Clerical
1245,2823,13822,"Moyer, Jay",Bachelors,Skilled Manual
1246,2825,13824,"Wood, Destiny",Partial College,Clerical
1247,2827,13826,"He, Candice",Partial College,Clerical
1248,2828,13827,"Harris, Nathan",Partial College,Clerical
1249,2829,13828,"Travers, Jessie",Partial College,Clerical
1250,2830,13829,"Carlson, Randall",Partial College,Clerical
1251,2837,13836,"Sara, Dominic",Partial College,Clerical
1252,2838,13837,"Lee, Alyssa",Partial College,Clerical
1253,2843,13842,"Xie, Kenneth",Partial High School,Manual
1254,2845,13844,"Mehta, Phillip",Partial College,Clerical
1255,2857,13856,"Scott, Ian",High School,Skilled Manual
1256,2858,13857,"Thompson, Victoria",Graduate Degree,Skilled Manual
1257,2859,13858,"Richardson, Melanie",Graduate Degree,Skilled Manual
1258,2860,13859,"Deng, Kristin",Graduate Degree,Skilled Manual
1259,2862,13861,"Rogers, Hailey",Graduate Degree,Skilled Manual
1260,2863,13862,"Walker, Andrew",Graduate Degree,Skilled Manual
1261,2864,13863,"Long, Kevin",Graduate Degree,Skilled Manual
1262,2865,13864,"Torres, Robin",Graduate Degree,Skilled Manual
1263,2866,13865,"Foster, Mariah",Graduate Degree,Professional
1264,2867,13866,"Butler, Mya",Graduate Degree,Professional
1265,2868,13867,"Griffin, Luke",Bachelors,Skilled Manual
1266,2869,13868,"Morris, Shelby",Graduate Degree,Professional
1267,2870,13869,"Morgan, Anna",Bachelors,Skilled Manual
1268,2871,13870,"Clark, Jonathan",Bachelors,Skilled Manual
1269,2872,13871,"Gonzales, Sarah",Bachelors,Skilled Manual
1270,2873,13872,"Henderson, Alyssa",Graduate Degree,Professional
1271,2874,13873,"Jai, Russell",Graduate Degree,Professional
1272,2875,13874,"Bryant, Alyssa",Graduate Degree,Professional
1273,2876,13875,"Williams, Samantha",Graduate Degree,Professional
1274,2877,13876,"Murphy, Sebastian",Graduate Degree,Professional
1275,2878,13877,"Lal, Adam",Bachelors,Skilled Manual
1276,2880,13879,"Hernandez, Derrick",Bachelors,Skilled Manual
1277,2881,13880,"Kumar, Marshall",Bachelors,Skilled Manual
1278,2882,13881,"Wood, Jasmine",Bachelors,Skilled Manual
1279,2883,13882,"Russell, Mariah",Bachelors,Professional
1280,2884,13883,"Lal, Brandon",Bachelors,Professional
1281,2885,13884,"Rogers, Jada",Bachelors,Professional
1282,2886,13885,"Howard, Brian",Graduate Degree,Professional
1283,2887,13886,"Taylor, Rachel",Graduate Degree,Professional
1284,2888,13887,"Scott, Nathan",Graduate Degree,Professional
1285,2889,13888,"Brown, Ian",Bachelors,Skilled Manual
1286,2890,13889,"Martin, Robert",Graduate Degree,Professional
1287,2891,13890,"Carter, Jennifer",Graduate Degree,Professional
1288,2892,13891,"Simmons, Aaron",Graduate Degree,Professional
1289,2893,13892,"Diaz, Spencer",Graduate Degree,Professional
1290,2894,13893,"Carter, Dalton",Graduate Degree,Professional
1291,2895,13894,"Ruiz, Robyn",Graduate Degree,Professional
1292,2896,13895,"Brooks, Isabella",Graduate Degree,Professional
1293,2897,13896,"Mitchell, Hailey",Graduate Degree,Professional
1294,2898,13897,"Washington, Carol",Graduate Degree,Professional
1295,2899,13898,"Baker, Richard",Graduate Degree,Professional
1296,2900,13899,"Jones, Cameron",Graduate Degree,Professional
1297,2901,13900,"Campbell, Isaac",Graduate Degree,Professional
1298,2902,13901,"Foster, Oscar",Graduate Degree,Professional
1299,2904,13903,"Hernandez, Elijah",Graduate Degree,Professional
1300,2905,13904,"Thompson, Natalie",Graduate Degree,Professional
1301,2906,13905,"Henderson, Christian",Graduate Degree,Professional
1302,2907,13906,"Evans, Courtney",Bachelors,Professional
1303,2908,13907,"Xie, Misty",Bachelors,Skilled Manual
1304,2911,13910,"Butler, Isabelle",Bachelors,Skilled Manual
1305,2912,13911,"Kelly, Andrea",Bachelors,Skilled Manual
1306,2913,13912,"Simmons, Caroline",Bachelors,Skilled Manual
1307,2914,13913,"Rogers, Angela",Bachelors,Skilled Manual
1308,2915,13914,"Bell, Abigail",Bachelors,Professional
1309,2916,13915,"King, Allison",Bachelors,Skilled Manual
1310,2918,13917,"Allen, Samuel",Bachelors,Skilled Manual
1311,2920,13919,"Smith, Grace",Bachelors,Skilled Manual
1312,2922,13921,"Jones, Joseph",Bachelors,Professional
1313,2923,13922,"Foster, Jackson",Bachelors,Professional
1314,2924,13923,"Howard, Steven",Bachelors,Professional
1315,2940,13939,"Ramirez, Eduardo",Graduate Degree,Professional
1316,2941,13940,"Simmons, Emma",Graduate Degree,Professional
1317,2943,13942,"Long, Seth",Partial College,Skilled Manual
1318,2944,13943,"Bryant, Kelly",Partial College,Skilled Manual
1319,2946,13945,"Luo, Yolanda",Partial College,Skilled Manual
1320,2947,13946,"Powell, Jason",Bachelors,Professional
1321,2948,13947,"Hughes, Megan",Graduate Degree,Professional
1322,2949,13948,"Ma, Susan",Graduate Degree,Professional
1323,2950,13949,"Ramos, Dwayne",Graduate Degree,Professional
1324,2951,13950,"Hernandez, Meredith",Graduate Degree,Professional
1325,2952,13951,"Hughes, Dylan",Graduate Degree,Management
1326,2977,13976,"Smith, Emmanuel",Bachelors,Management
1327,2978,13977,"Brown, Alexandra",Bachelors,Management
1328,2979,13978,"Peterson, Zoe",Bachelors,Management
1329,2980,13979,"Jenkins, Chloe",High School,Skilled Manual
1330,2981,13980,"Liu, Margaret",Partial College,Skilled Manual
1331,2985,13984,"Richardson, Adrian",Partial College,Skilled Manual
1332,2986,13985,"Wood, Alexis",Partial College,Skilled Manual
1333,2987,13986,"Anderson, Chloe",Partial College,Skilled Manual
1334,2990,13989,"Bradley, Chloe",Partial College,Skilled Manual
1335,2991,13990,"Wood, Stephanie",Partial College,Skilled Manual
1336,2992,13991,"Hayes, Jack",Partial College,Skilled Manual
1337,2993,13992,"Xie, Gregory",Partial College,Skilled Manual
1338,2994,13993,"Patterson, Zachary",Partial College,Skilled Manual
1339,3000,13999,"Gonzales, Elijah",Partial College,Skilled Manual
1340,3001,14000,"Sharma, Terry",Partial High School,Clerical
1341,3003,14002,"Reed, Jacqueline",Partial College,Skilled Manual
1342,3004,14003,"Ramirez, Angel",Partial College,Skilled Manual
1343,3018,14017,"Rodriguez, Chloe",Partial College,Skilled Manual
1344,3022,14021,"Richardson, Michelle",Partial College,Skilled Manual
1345,3023,14022,"Lee, Taylor",High School,Skilled Manual
1346,3024,14023,"Carlson, Beth",High School,Skilled Manual
1347,3025,14024,"Moore, Hannah",Partial College,Skilled Manual
1348,3026,14025,"Alexander, Robert",High School,Skilled Manual
1349,3027,14026,"Butler, Chloe",High School,Skilled Manual
1350,3028,14027,"Perez, Carlos",Partial College,Professional
1351,3029,14028,"Srini, Patricia",Partial College,Professional
1352,3030,14029,"Morris, Christina",Partial College,Professional
1353,3036,14035,"Hughes, Hunter",Bachelors,Management
1354,3037,14036,"Torres, Amanda",Partial College,Professional
1355,3038,14037,"Sara, Lydia",Partial College,Professional
1356,3041,14040,"Morris, Stephanie",Partial High School,Skilled Manual
1357,3043,14042,"Adams, Stephanie",High School,Professional
1358,3044,14043,"Gonzalez, Mary",High School,Professional
1359,3045,14044,"Wright, Thomas",Partial College,Professional
1360,3076,14075,"Harris, Robert",High School,Skilled Manual
1361,3077,14076,"Ross, Justin",High School,Skilled Manual
1362,3081,14080,"Srini, Cynthia",High School,Skilled Manual
1363,3082,14081,"Butler, Nicole",High School,Skilled Manual
1364,3083,14082,"Jai, Johnny",High School,Skilled Manual
1365,3084,14083,"Lopez, Nathan",High School,Skilled Manual
1366,3086,14085,"Garcia, Nathan",High School,Skilled Manual
1367,3089,14088,"Lopez, Alexandra",Partial High School,Clerical
1368,3090,14089,"Gray, Kaitlyn",High School,Skilled Manual
1369,3091,14090,"Lewis, Jennifer",Partial High School,Clerical
1370,3093,14092,"Nath, Maurice",Partial High School,Clerical
1371,3094,14093,"Arthur, Jillian",Partial High School,Clerical
1372,3095,14094,"Russell, Amanda",High School,Skilled Manual
1373,3096,14095,"Griffin, Paige",High School,Skilled Manual
1374,3098,14097,"Srini, Johnathan",High School,Skilled Manual
1375,3099,14098,"Lopez, Allison",High School,Skilled Manual
1376,3105,14104,"James, Sydney",Partial College,Skilled Manual
1377,3106,14105,"Zhang, Jackson",Partial College,Skilled Manual
1378,3107,14106,"Hughes, Melissa",Partial College,Skilled Manual
1379,3110,14109,"Gonzales, Aidan",Partial College,Skilled Manual
1380,3112,14111,"Anderson, Michael",Partial College,Skilled Manual
1381,3113,14112,"Sanchez, Charles",Partial College,Skilled Manual
1382,3114,14113,"Lopez, Natalie",Partial College,Skilled Manual
1383,3115,14114,"Martin, Chloe",Partial College,Skilled Manual
1384,3116,14115,"Gonzales, Samantha",Bachelors,Management
1385,3117,14116,"Torres, Brianna",Bachelors,Management
1386,3118,14117,"Cook, Emma",Bachelors,Management
1387,3121,14120,"Cooper, Gabrielle",Bachelors,Management
1388,3122,14121,"Goel, Devon",Graduate Degree,Management
1389,3123,14122,"Miller, Kaitlyn",Bachelors,Management
1390,3138,14137,"Ruiz, Joy",Partial College,Manual
1391,3139,14138,"He, Vincent",Partial College,Manual
1392,3140,14139,"Sai, Meredith",Graduate Degree,Clerical
1393,3141,14140,"Sai, Meagan",Graduate Degree,Clerical
1394,3143,14142,"Zheng, Damien",High School,Manual
1395,3148,14147,"Rivera, Marcus",Graduate Degree,Clerical
1396,3149,14148,"Sharma, Shaun",Graduate Degree,Clerical
1397,3150,14149,"Srini, Donald",Bachelors,Clerical
1398,3154,14153,"Lewis, Dylan",Partial College,Manual
1399,3161,14160,"Hu, Brittney",Graduate Degree,Clerical
1400,3162,14161,"Li, Claudia",Graduate Degree,Clerical
1401,3163,14162,"Garcia, Brett",Graduate Degree,Clerical
1402,3164,14163,"Garcia, Ebony",Graduate Degree,Clerical
1403,3165,14164,"Smith, Kari",Graduate Degree,Skilled Manual
1404,3168,14167,"Subram, Pamela",Partial College,Manual
1405,3172,14171,"Lal, Michele",Partial College,Professional
1406,3175,14174,"Diaz, Alberto",High School,Professional
1407,3180,14179,"Xu, Claudia",Bachelors,Management
1408,3181,14180,"Patel, Henry",Bachelors,Management
1409,3182,14181,"Chandra, Adriana",Bachelors,Management
1410,3183,14182,"Lin, Steve",Partial College,Professional
1411,3188,14187,"Lu, Eugene",Partial College,Professional
1412,3190,14189,"Martin, Krista",High School,Professional
1413,3191,14190,"Patel, Candace",High School,Professional
1414,3194,14193,"Vance, Pamela",Partial College,Management
1415,3198,14197,"Gill, Frank",Partial College,Management
1416,3199,14198,"Romero, Daisy",High School,Management
1417,3203,14202,"Zeng, Clayton",Partial High School,Skilled Manual
1418,3207,14206,"West, Edwin",Partial High School,Professional
1419,3208,14207,"Saraiva, José",Partial High School,Professional
1420,3240,14239,"Peterson, Maria",Bachelors,Management
1421,3241,14240,"Foster, Caroline",Bachelors,Management
1422,3242,14241,"Wood, Grace",Graduate Degree,Management
1423,3243,14242,"Ye, Rafael",Bachelors,Management
1424,3244,14243,"Winston, Gregory",Bachelors,Management
1425,3246,14245,"Russell, Ana",Bachelors,Management
1426,3247,14246,"Garcia, Devin",Bachelors,Management
1427,3248,14247,"Allen, Hunter",Bachelors,Management
1428,3249,14248,"Tang, Misty",Graduate Degree,Management
1429,3250,14249,"Thomas, Eduardo",Graduate Degree,Management
1430,3251,14250,"Collins, Adam",Bachelors,Management
1431,3252,14251,"Brooks, Alex",Graduate Degree,Management
1432,3253,14252,"Cook, Destiny",Graduate Degree,Management
1433,3254,14253,"Scott, Eduardo",Bachelors,Management
1434,3255,14254,"Gill, Tabitha",Bachelors,Management
1435,3256,14255,"Jackson, Jonathan",Bachelors,Management
1436,3257,14256,"Robinson, Elizabeth",Graduate Degree,Management
1437,3258,14257,"Carter, James",Graduate Degree,Management
1438,3259,14258,"Foster, Haley",Bachelors,Management
1439,3267,14266,"Patel, Cory",Partial College,Skilled Manual
1440,3268,14267,"Wood, Lauren",Partial College,Skilled Manual
1441,3269,14268,"Roberts, Isabella",High School,Skilled Manual
1442,3270,14269,"She, Tony",High School,Skilled Manual
1443,3271,14270,"Ross, James",Partial College,Skilled Manual
1444,3272,14271,"Wright, Lucas",High School,Skilled Manual
1445,3273,14272,"Ward, Sydney",High School,Skilled Manual
1446,3274,14273,"Parker, Angel",Partial College,Skilled Manual
1447,3281,14280,"Oliver, Isaac",Bachelors,Management
1448,3284,14283,"Simmons, Seth",Partial College,Professional
1449,3285,14284,"Anderson, Wyatt",Partial College,Professional
1450,3286,14285,"Hughes, Taylor",Partial College,Professional
1451,3289,14288,"Ramirez, Christina",Graduate Degree,Management
1452,3290,14289,"Martinez, Jessica",Bachelors,Management
1453,3291,14290,"Wilson, Jonathan",Partial High School,Skilled Manual
1454,3293,14292,"Ross, Isabella",Partial High School,Skilled Manual
1455,3294,14293,"Campbell, Kyle",High School,Professional
1456,3295,14294,"Gray, Steven",High School,Professional
1457,3296,14295,"Thomas, Hannah",High School,Professional
1458,3297,14296,"Russell, Benjamin",High School,Professional
1459,3298,14297,"Raji, Kristin",Partial College,Professional
1460,3299,14298,"Jenkins, Kaitlyn",Partial College,Professional
1461,3328,14327,"Butler, Kyle",High School,Skilled Manual
1462,3330,14329,"Sanchez, Holly",High School,Skilled Manual
1463,3332,14331,"Murphy, Timothy",High School,Skilled Manual
1464,3334,14333,"Suri, Bobby",Partial High School,Clerical
1465,3335,14334,"Murphy, Patrick",High School,Skilled Manual
1466,3336,14335,"Cox, Allison",High School,Skilled Manual
1467,3337,14336,"Baker, Gabriel",High School,Skilled Manual
1468,3338,14337,"Coleman, Olivia",High School,Skilled Manual
1469,3340,14339,"Suri, Brandy",Partial High School,Clerical
1470,3341,14340,"Butler, Miranda",High School,Skilled Manual
1471,3343,14342,"Ruiz, Beth",High School,Skilled Manual
1472,3344,14343,"Turner, Xavier",High School,Skilled Manual
1473,3350,14349,"Griffin, Nicole",High School,Skilled Manual
1474,3351,14350,"Moore, Emily",High School,Skilled Manual
1475,3352,14351,"Gray, Riley",Partial College,Skilled Manual
1476,3353,14352,"Butler, Melissa",High School,Skilled Manual
1477,3355,14354,"Green, Seth",Partial College,Skilled Manual
1478,3356,14355,"King, Ian",Partial College,Skilled Manual
1479,3357,14356,"Baker, Isabella",Bachelors,Management
1480,3358,14357,"Collins, Dalton",Bachelors,Management
1481,3359,14358,"Watson, Amanda",Bachelors,Management
1482,3361,14360,"Patterson, Samantha",Graduate Degree,Skilled Manual
1483,3362,14361,"Raje, Franklin",Graduate Degree,Skilled Manual
1484,3363,14362,"Gill, Roberto",Partial College,Clerical
1485,3365,14364,"Rai, Mario",Graduate Degree,Skilled Manual
1486,3366,14365,"Ward, Evan",Graduate Degree,Skilled Manual
1487,3367,14366,"Brooks, Anna",Graduate Degree,Skilled Manual
1488,3368,14367,"Green, Courtney",Graduate Degree,Skilled Manual
1489,3369,14368,"Thompson, Richard",Graduate Degree,Skilled Manual
1490,3370,14369,"Sanchez, Devin",Graduate Degree,Skilled Manual
1491,3373,14372,"Washington, Kaitlyn",Graduate Degree,Skilled Manual
1492,3374,14373,"Jai, Ricardo",Graduate Degree,Skilled Manual
1493,3375,14374,"Yang, David",Graduate Degree,Professional
1494,3376,14375,"Moore, Alexandra",Bachelors,Skilled Manual
1495,3377,14376,"Torres, Faith",Bachelors,Management
1496,3378,14377,"Ruiz, Paula",Bachelors,Management
1497,3379,14378,"Mehta, Cory",Graduate Degree,Management
1498,3380,14379,"Foster, Richard",Graduate Degree,Management
1499,3381,14380,"Watson, Kaylee",Bachelors,Management
1500,3382,14381,"Cooper, Alexa",Bachelors,Management
1501,3383,14382,"Blanco, Darren",Bachelors,Management
1502,3384,14383,"Ferrier, Marvin",Bachelors,Management
1503,3385,14384,"Miller, Rachel",Bachelors,Management
1504,3386,14385,"Hall, Maria",Bachelors,Management
1505,3387,14386,"Wood, Marissa",Bachelors,Management
1506,3389,14388,"Rogers, Kaylee",Bachelors,Management
1507,3390,14389,"Harris, Ryan",Bachelors,Management
1508,3391,14390,"Kumar, Logan",Bachelors,Management
1509,3392,14391,"Long, Jason",Bachelors,Management
1510,3393,14392,"Jackson, Justin",Bachelors,Management
1511,3394,14393,"Perez, José",Bachelors,Management
1512,3395,14394,"Rodriguez, Jacob",Bachelors,Management
1513,3396,14395,"Reed, Devin",Bachelors,Management
1514,3397,14396,"Sanchez, Zoe",Partial College,Professional
1515,3398,14397,"Edwards, Sierra",Partial College,Professional
1516,3399,14398,"Anderson, James",Partial College,Professional
1517,3400,14399,"Peterson, Jeremy",Bachelors,Management
1518,3401,14400,"Brown, Brandon",Bachelors,Management
1519,3402,14401,"Kumar, Jose",Partial College,Professional
1520,3403,14402,"Parker, Hailey",Partial College,Professional
1521,3404,14403,"Russell, Angelica",Partial College,Professional
1522,3405,14404,"Davis, Rachel",Partial College,Professional
1523,3406,14405,"Walker, Dylan",Partial College,Professional
1524,3407,14406,"Schmidt, Carrie",Partial College,Professional
1525,3408,14407,"Bryant, Thomas",Partial College,Professional
1526,3409,14408,"Cook, Jasmine",Partial College,Professional
1527,3410,14409,"Wang, Eric",Partial College,Professional
1528,3411,14410,"Brooks, Arianna",Partial College,Professional
1529,3412,14411,"Johnson, Ashley",High School,Professional
1530,3413,14412,"Blue, Nicole",High School,Professional
1531,3414,14413,"Patterson, Rachel",Partial College,Professional
1532,3416,14415,"Davis, William",Partial College,Professional
1533,3418,14417,"Lu, Ernest",High School,Professional
1534,3419,14418,"Young, Rebecca",High School,Professional
1535,3420,14419,"Ward, Abigail",Partial College,Professional
1536,3421,14420,"Wright, Chloe",Partial College,Professional
1537,3422,14421,"Barnes, Hannah",Partial College,Professional
1538,3423,14422,"Lu, Cara",Bachelors,Management
1539,3426,14425,"Carlson, Victor",High School,Professional
1540,3427,14426,"Hughes, Madison",Partial College,Professional
1541,3429,14428,"Andersen, Cassie",Partial College,Professional
1542,3431,14430,"Jones, Sydney",Partial College,Professional
1543,3432,14431,"Moore, Kayla",Partial College,Professional
1544,3433,14432,"Russell, Antonio",Graduate Degree,Management
1545,3434,14433,"Peterson, Jennifer",Graduate Degree,Management
1546,3435,14434,"Hill, Sophia",Graduate Degree,Management
1547,3436,14435,"Wilson, Jennifer",Graduate Degree,Management
1548,3438,14437,"Anand, Mitchell",Partial College,Professional
1549,3442,14441,"Lewis, William",Bachelors,Management
1550,3443,14442,"Peterson, Shelby",Partial College,Professional
1551,3444,14443,"Wilson, Benjamin",Graduate Degree,Management
1552,3445,14444,"Sanders, Patrick",Graduate Degree,Management
1553,3446,14445,"Henderson, Benjamin",Graduate Degree,Management
1554,3451,14450,"Butler, Kevin",Graduate Degree,Management
1555,3452,14451,"Moore, Tyler",Graduate Degree,Management
1556,3458,14457,"White, Thomas",Partial College,Professional
1557,3463,14462,"Sanz, Beth",Bachelors,Management
1558,3464,14463,"Patterson, Julia",Partial College,Professional
1559,3465,14464,"Price, Elizabeth",Bachelors,Management
1560,3471,14470,"Robinson, Jeremy",Bachelors,Management
1561,3472,14471,"Gonzalez, Gabriel",Bachelors,Management
1562,3473,14472,"Diaz, Natalie",Bachelors,Management
1563,3474,14473,"King, Miguel",Bachelors,Management
1564,3480,14479,"Smith, Samantha",Graduate Degree,Management
1565,3484,14483,"Henderson, Nicole",High School,Professional
1566,3485,14484,"Hall, Samantha",Bachelors,Management
1567,3486,14485,"Stewart, Bailey",Partial College,Professional
1568,3487,14486,"Coleman, Jonathan",Graduate Degree,Management
1569,3488,14487,"Hall, Seth",Partial High School,Skilled Manual
1570,3489,14488,"Hughes, Connor",High School,Professional
1571,3490,14489,"Wang, Jason",Graduate Degree,Management
1572,3491,14490,"Butler, Aidan",Graduate Degree,Management
1573,3492,14491,"Bailey, Isaac",Graduate Degree,Management
1574,3493,14492,"Patterson, Justin",Graduate Degree,Management
1575,3494,14493,"Parker, Sara",Graduate Degree,Management
1576,3495,14494,"Diaz, Cameron",Graduate Degree,Management
1577,3496,14495,"Diaz, Nathan",Partial College,Professional
1578,3499,14498,"Luo, Katie",Graduate Degree,Management
1579,3500,14499,"Flores, Samuel",Graduate Degree,Management
1580,3501,14500,"Ward, Jasmine",Bachelors,Management
1581,3502,14501,"Prasad, Ruben",Graduate Degree,Management
1582,3504,14503,"Alexander, Brianna",Bachelors,Management
1583,3506,14505,"Edwards, Alex",Bachelors,Management
1584,3507,14506,"Suarez, Stacy",Bachelors,Management
1585,3508,14507,"Wright, Eric",Graduate Degree,Management
1586,3509,14508,"Hall, Madison",Graduate Degree,Management
1587,3510,14509,"Deng, Bridget",Partial College,Skilled Manual
1588,3511,14510,"Hernandez, Samuel",Bachelors,Management
1589,3512,14511,"Rogers, Danielle",Bachelors,Management
1590,3513,14512,"Jones, Christopher",Bachelors,Management
1591,3514,14513,"Turner, Alexandra",Graduate Degree,Management
1592,3515,14514,"Jones, Rachel",Partial College,Skilled Manual
1593,3516,14515,"Cooper, Anna",Partial College,Skilled Manual
1594,3520,14519,"Rana, Denise",Partial College,Skilled Manual
1595,3521,14520,"Xu, Bonnie",Partial College,Skilled Manual
1596,3527,14526,"Hall, Emily",Graduate Degree,Manual
1597,3528,14527,"Raji, Kurt",Graduate Degree,Manual
1598,3529,14528,"Ramos, Casey",Graduate Degree,Manual
1599,3538,14537,"Cai, Clayton",Graduate Degree,Clerical
1600,3542,14541,"Kapoor, Douglas",Graduate Degree,Clerical
1601,3544,14543,"Lu, Heather",Partial College,Manual
1602,3550,14549,"Goel, Arturo",Partial College,Manual
1603,3552,14551,"Vance, Michele",Bachelors,Clerical
1604,3559,14558,"Truempy, Marcel",Bachelors,Skilled Manual
1605,3560,14559,"Washington, Ashley",Bachelors,Skilled Manual
1606,3561,14560,"Huang, Kelvin",Bachelors,Skilled Manual
1607,3563,14562,"Stewart, Bryce",Bachelors,Skilled Manual
1608,3564,14563,"Carter, Fernando",Bachelors,Skilled Manual
1609,3565,14564,"Bailey, Chloe",Bachelors,Skilled Manual
1610,3566,14565,"Hernandez, Natalie",Bachelors,Skilled Manual
1611,3569,14568,"Kumar, Priscilla",Graduate Degree,Professional
1612,3570,14569,"Rodriguez, Kristopher",Graduate Degree,Professional
1613,3571,14570,"Henderson, Hannah",Graduate Degree,Professional
1614,3572,14571,"Richardson, Rachel",Graduate Degree,Professional
1615,3573,14572,"Foster, Melanie",Graduate Degree,Professional
1616,3577,14576,"Price, Anna",Bachelors,Skilled Manual
1617,3578,14577,"Rogers, Natalie",Bachelors,Skilled Manual
1618,3580,14579,"Henderson, Luis",Bachelors,Skilled Manual
1619,3581,14580,"Diaz, Kyle",Bachelors,Professional
1620,3582,14581,"Adams, Kevin",Bachelors,Professional
1621,3584,14583,"Morris, Sydney",Graduate Degree,Professional
1622,3585,14584,"Mitchell, Gabrielle",Graduate Degree,Professional
1623,3586,14585,"Torres, Kimberly",Graduate Degree,Professional
1624,3588,14587,"Peterson, Jade",Bachelors,Skilled Manual
1625,3589,14588,"Taylor, Alexander",Bachelors,Skilled Manual
1626,3590,14589,"Cook, Mackenzie",Bachelors,Skilled Manual
1627,3591,14590,"Butler, Marissa",Bachelors,Skilled Manual
1628,3592,14591,"Harris, Charles",Graduate Degree,Professional
1629,3593,14592,"Thompson, Jessica",Graduate Degree,Professional
1630,3594,14593,"Washington, Jack",Graduate Degree,Professional
1631,3595,14594,"Taylor, Lauren",Graduate Degree,Professional
1632,3596,14595,"Ward, Andrea",Graduate Degree,Professional
1633,3597,14596,"Hill, Amber",Graduate Degree,Professional
1634,3600,14599,"Wilson, Charles",Graduate Degree,Professional
1635,3601,14600,"Ramirez, Ariana",Graduate Degree,Professional
1636,3602,14601,"Rai, Nicolas",Graduate Degree,Professional
1637,3608,14607,"Nelson, Isaiah",Bachelors,Skilled Manual
1638,3609,14608,"Gao, Warren",Bachelors,Skilled Manual
1639,3610,14609,"Phillips, Julia",Bachelors,Skilled Manual
1640,3611,14610,"Jenkins, Lauren",Bachelors,Skilled Manual
1641,3613,14612,"Zhang, Ernest",Bachelors,Professional
1642,3614,14613,"Huang, Glenn",Bachelors,Professional
1643,3615,14614,"Bryant, Dylan",Bachelors,Professional
1644,3616,14615,"Dominguez, Audrey",Bachelors,Professional
1645,3617,14616,"Sandberg, Emma",Bachelors,Professional
1646,3618,14617,"Flores, Aaron",Bachelors,Professional
1647,3619,14618,"Baker, Gabrielle",Graduate Degree,Professional
1648,3620,14619,"Sanders, Nathaniel",Graduate Degree,Professional
1649,3621,14620,"Patterson, Kayla",Graduate Degree,Professional
1650,3622,14621,"Morris, Chloe",Bachelors,Professional
1651,3623,14622,"Patterson, Brandon",Partial College,Skilled Manual
1652,3624,14623,"Li, Benjamin",Partial College,Skilled Manual
1653,3625,14624,"Thomas, Anna",Partial College,Skilled Manual
1654,3626,14625,"Simmons, Benjamin",Partial College,Skilled Manual
1655,3628,14627,"Hill, Isaiah",Partial College,Skilled Manual
1656,3629,14628,"Brooks, Carlos",Partial College,Skilled Manual
1657,3630,14629,"Hernandez, Blake",Partial College,Skilled Manual
1658,3631,14630,"James, Isaiah",Partial College,Skilled Manual
1659,3640,14639,"Howard, Jeremiah",Partial College,Skilled Manual
1660,3643,14642,"Zeng, Jeffery",Partial College,Skilled Manual
1661,3644,14643,"Simmons, Eric",Partial College,Skilled Manual
1662,3645,14644,"Lee, Jennifer",Partial College,Skilled Manual
1663,3646,14645,"Kelly, Isaac",Graduate Degree,Professional
1664,3647,14646,"Garcia, Dylan",Graduate Degree,Professional
1665,3648,14647,"Howard, Sean",Graduate Degree,Professional
1666,3649,14648,"Evans, Eric",Graduate Degree,Professional
1667,3689,14688,"Carlson, Tabitha",Partial High School,Manual
1668,3691,14690,"Rai, Drew",Partial High School,Manual
1669,3696,14695,"Andersen, Russell",Partial High School,Manual
1670,3697,14696,"Anand, Shawn",Partial High School,Manual
1671,3699,14698,"Navarro, Diane",Bachelors,Skilled Manual
1672,3700,14699,"Munoz, Gerald",Bachelors,Skilled Manual
1673,3704,14703,"Srini, Clifford",High School,Manual
1674,3708,14707,"Raje, Tonya",Partial High School,Manual
1675,3710,14709,"Martin, Ian",High School,Manual
1676,3711,14710,"Ma, Lisa",High School,Manual
1677,3712,14711,"Xu, Deborah",High School,Manual
1678,3714,14713,"Ye, Jon",Partial College,Clerical
1679,3716,14715,"Munoz, Erik",Partial College,Clerical
1680,3719,14718,"Raji, Gregory",Partial College,Clerical
1681,3731,14730,"Ferrier, Jerry",High School,Manual
1682,3732,14731,"Brown, Seth",Bachelors,Skilled Manual
1683,3733,14732,"Cook, Trinity",Bachelors,Skilled Manual
1684,3734,14733,"Raji, Clarence",Bachelors,Skilled Manual
1685,3735,14734,"Edwards, Kevin",Bachelors,Skilled Manual
1686,3736,14735,"Rogers, Maria",Partial College,Clerical
1687,3737,14736,"Roberts, Jack",Partial High School,Manual
1688,3738,14737,"Srini, Dominic",Partial High School,Clerical
1689,3739,14738,"Garcia, Ethan",Partial College,Clerical
1690,3740,14739,"Gonzalez, Charles",Partial College,Clerical
1691,3741,14740,"Scott, Jenna",Partial College,Clerical
1692,3742,14741,"Cooper, Emma",Partial College,Clerical
1693,3743,14742,"Howard, Andrea",Partial College,Clerical
1694,3744,14743,"Turner, Nathan",Partial College,Clerical
1695,3745,14744,"Yang, Elijah",Partial College,Clerical
1696,3747,14746,"Nelson, Courtney",Partial College,Clerical
1697,3748,14747,"Wood, Aidan",Partial College,Clerical
1698,3749,14748,"Roessler, Don",Partial College,Clerical
1699,3750,14749,"Jenkins, Jose",Partial College,Clerical
1700,3751,14750,"Green, Mary",Partial College,Clerical
1701,3752,14751,"Price, Gabrielle",Partial College,Clerical
1702,3753,14752,"Turner, Seth",Partial College,Clerical
1703,3754,14753,"Foster, Austin",Partial College,Clerical
1704,3755,14754,"Pal, Grant",Partial College,Clerical
1705,3756,14755,"Davis, Robert",Partial College,Clerical
1706,3757,14756,"Reed, Charles",Partial College,Clerical
1707,3758,14757,"Garcia, Elizabeth",Partial College,Clerical
1708,3759,14758,"Long, Victoria",Graduate Degree,Skilled Manual
1709,3760,14759,"Davis, Madison",Graduate Degree,Skilled Manual
1710,3762,14761,"Kelly, Morgan",Graduate Degree,Skilled Manual
1711,3763,14762,"Perez, Adriana",Graduate Degree,Skilled Manual
1712,3764,14763,"Arun, George",Graduate Degree,Skilled Manual
1713,3765,14764,"Scott, Xavier",Graduate Degree,Skilled Manual
1714,3768,14767,"Blanco, Stacy",Partial College,Manual
1715,3769,14768,"Kelly, Ian",Partial College,Manual
1716,3770,14769,"Powell, Jessica",Bachelors,Clerical
1717,3773,14772,"Torres, Stacy",Bachelors,Clerical
1718,3775,14774,"Ferrier, Max",Graduate Degree,Clerical
1719,3776,14775,"Xie, Bonnie",Graduate Degree,Clerical
1720,3782,14781,"Butler, Robert",Partial College,Manual
1721,3783,14782,"Lewis, Michael",Partial College,Manual
1722,3787,14786,"Jenkins, Tristan",Bachelors,Clerical
1723,3790,14789,"Zhang, Rosa",High School,Manual
1724,3796,14795,"Gao, Crystal",Bachelors,Skilled Manual
1725,3798,14797,"Gao, Steve",Partial High School,Manual
1726,3801,14800,"Arthur, Abby",Bachelors,Skilled Manual
1727,3802,14801,"Simmons, Riley",Partial High School,Manual
1728,3804,14803,"Martin, Stacy",High School,Manual
1729,3806,14805,"Garcia, Kari",Partial High School,Manual
1730,3812,14811,"Sanchez, Molly",Bachelors,Professional
1731,3820,14819,"Ruiz, Dana",Partial College,Clerical
1732,3823,14822,"Martin, Jessica",Partial College,Clerical
1733,3824,14823,"Harrison, Nelson",Partial College,Clerical
1734,3825,14824,"Baker, Miguel",Partial College,Clerical
1735,3826,14825,"Alonso, Rebekah",High School,Manual
1736,3828,14827,"Xu, Ernest",Partial College,Clerical
1737,3829,14828,"Muñoz, Hector",Partial College,Clerical
1738,3831,14830,"Ward, Isabella",Bachelors,Skilled Manual
1739,3835,14834,"Jimenez, Ebony",Partial College,Clerical
1740,3836,14835,"Saunders, Melody",Partial College,Clerical
1741,3838,14837,"Li, Dennis",Partial College,Clerical
1742,3839,14838,"Alvarez, Darren",Partial College,Clerical
1743,3842,14841,"Pal, Franklin",Partial High School,Manual
1744,3843,14842,"Kim, Meagan",High School,Manual
1745,3845,14844,"Miller, Blake",Partial High School,Manual
1746,3850,14849,"Martin, Dwayne",Partial College,Clerical
1747,3853,14852,"Gonzalez, Adam",Partial College,Skilled Manual
1748,3857,14856,"Carlson, Kari",Partial High School,Clerical
1749,3867,14866,"Peterson, Hailey",Partial College,Clerical
1750,3869,14868,"Morgan, Ariana",Partial College,Clerical
1751,3870,14869,"Bryant, Jennifer",Partial College,Clerical
1752,3871,14870,"Ortega, Brandi",Partial College,Clerical
1753,3873,14872,"Clark, Fernando",Graduate Degree,Skilled Manual
1754,3874,14873,"Long, Fernando",Graduate Degree,Skilled Manual
1755,3877,14876,"Anderson, Nathan",Graduate Degree,Skilled Manual
1756,3879,14878,"Murphy, Marcus",Graduate Degree,Skilled Manual
1757,3880,14879,"Richardson, Andrea",Graduate Degree,Skilled Manual
1758,3881,14880,"Ross, Jessica",Bachelors,Skilled Manual
1759,3882,14881,"Griffin, Eric",Bachelors,Skilled Manual
1760,3883,14882,"Nara, Kathryn",Bachelors,Skilled Manual
1761,3884,14883,"Barnes, Gabrielle",Bachelors,Skilled Manual
1762,3885,14884,"Torres, Kristi",Bachelors,Skilled Manual
1763,3888,14887,"Wilson, Lauren",High School,Clerical
1764,3889,14888,"Russell, Jasmine",High School,Clerical
1765,3890,14889,"Kumar, Drew",High School,Clerical
1766,3891,14890,"Adams, Wyatt",High School,Clerical
1767,3892,14891,"Hayes, Kyle",Partial College,Clerical
1768,3893,14892,"Sanders, Savannah",Partial College,Clerical
1769,3895,14894,"Baker, James",Partial College,Clerical
1770,3896,14895,"Hernandez, Connor",Partial College,Clerical
1771,3897,14896,"Flores, Alexia",Partial College,Clerical
1772,3899,14898,"Edwards, Katelyn",Partial College,Clerical
1773,3900,14899,"Dominguez, Rodney",Partial College,Clerical
1774,3902,14901,"Richardson, Katherine",Partial College,Clerical
1775,3903,14902,"Diaz, Arianna",Partial College,Clerical
1776,3904,14903,"Morgan, Amanda",Partial College,Clerical
1777,3922,14921,"Watson, Sara",Graduate Degree,Skilled Manual
1778,3923,14922,"Perry, Paige",Graduate Degree,Skilled Manual
1779,3928,14927,"Martinez, Chelsea",Bachelors,Clerical
1780,3934,14933,"Patel, Ronald",Partial College,Manual
1781,3936,14935,"Liang, Rafael",Bachelors,Clerical
1782,3940,14939,"Kapoor, Cory",Bachelors,Clerical
1783,3941,14940,"Rana, Carmen",Bachelors,Clerical
1784,3944,14943,"Pal, Lindsay",Bachelors,Clerical
1785,3946,14945,"Lewis, Samantha",Partial High School,Manual
1786,3952,14951,"Rai, Katie",Bachelors,Skilled Manual
1787,3953,14952,"Srini, Holly",Bachelors,Skilled Manual
1788,3957,14956,"Romero, Krista",High School,Manual
1789,3962,14961,"Yang, Jaclyn",Bachelors,Skilled Manual
1790,3968,14967,"Xu, Bridget",Partial College,Clerical
1791,3970,14969,"Vazquez, Julio",Partial College,Clerical
1792,3973,14972,"Deng, Cristina",Partial College,Clerical
1793,3974,14973,"Jai, Alicia",Partial College,Clerical
1794,3979,14978,"Ortega, Jamie",Partial College,Clerical
1795,3980,14979,"Serrano, Rodney",Partial College,Clerical
1796,3981,14980,"Garcia, Michele",Partial College,Clerical
1797,3991,14990,"Ramos, Nelson",Partial College,Clerical
1798,3997,14996,"Gill, Ross",Partial College,Clerical
1799,3998,14997,"Cooper, Angel",Partial College,Clerical
1800,4001,15000,"Zhou, Kelli",Partial High School,Manual
1801,4002,15001,"Lu, Autumn",Partial High School,Manual
1802,4006,15005,"Cooper, Adrian",Partial College,Skilled Manual
1803,4007,15006,"Jackson, Grace",Partial College,Skilled Manual
1804,4010,15009,"Patterson, Chloe",Partial College,Skilled Manual
1805,4011,15010,"Suri, Cory",Partial College,Skilled Manual
1806,4018,15017,"Ramirez, Amanda",Partial College,Skilled Manual
1807,4050,15049,"Dominguez, Frank",High School,Manual
1808,4051,15050,"Miller, Joshua",Partial College,Manual
1809,4055,15054,"Anand, Roger",Partial College,Manual
1810,4056,15055,"Torres, Patrick",Partial College,Manual
1811,4064,15063,"Malhotra, Kari",Bachelors,Clerical
1812,4066,15065,"Gao, Alejandro",High School,Manual
1813,4069,15068,"Barnes, Jessica",Partial College,Manual
1814,4070,15069,"Lal, Noah",Partial College,Manual
1815,4074,15073,"Chander, Tasha",Bachelors,Clerical
1816,4075,15074,"Perry, Elizabeth",Bachelors,Clerical
1817,4077,15076,"Ramos, Sheila",Partial College,Manual
1818,4085,15084,"Serrano, Adrienne",Graduate Degree,Clerical
1819,4091,15090,"Mehta, Troy",High School,Manual
1820,4092,15091,"Madan, Jermaine",Partial College,Manual
1821,4093,15092,"Morris, Adrian",Partial College,Professional
1822,4097,15096,"Schare, Gary",Bachelors,Management
1823,4101,15100,"Chandra, Brenda",Bachelors,Management
1824,4102,15101,"Shan, Shawn",Bachelors,Management
1825,4106,15105,"Rana, Tina",High School,Professional
1826,4111,15110,"Prasad, Janelle",Partial College,Professional
1827,4114,15113,"Smith, Robert",High School,Professional
1828,4115,15114,"Munoz, Erika",Partial College,Professional
1829,4117,15116,"Ramirez, Mackenzie",Partial College,Management
1830,4118,15117,"Dominguez, Dana",Partial College,Management
1831,4167,15166,"Goel, Nina",Bachelors,Management
1832,4168,15167,"Hernandez, Sara",Bachelors,Management
1833,4174,15173,"Henderson, Miguel",Partial College,Skilled Manual
1834,4175,15174,"Rogers, Trinity",High School,Skilled Manual
1835,4194,15193,"King, Samuel",Bachelors,Management
1836,4195,15194,"Suarez, Erik",Bachelors,Management
1837,4196,15195,"Huang, Edwin",Bachelors,Management
1838,4197,15196,"Reed, Isaiah",Bachelors,Management
1839,4244,15243,"Harris, Lauren",High School,Skilled Manual
1840,4246,15245,"Ross, Eduardo",High School,Skilled Manual
1841,4247,15246,"Watson, Kaitlyn",High School,Skilled Manual
1842,4249,15248,"Harris, Richard",High School,Skilled Manual
1843,4250,15249,"Anderson, Abigail",High School,Skilled Manual
1844,4251,15250,"Scott, Jose",High School,Skilled Manual
1845,4253,15252,"Murphy, Jada",High School,Skilled Manual
1846,4255,15254,"Chapman, Carla",High School,Skilled Manual
1847,4256,15255,"Collins, Evan",High School,Skilled Manual
1848,4257,15256,"Ramirez, Dalton",High School,Skilled Manual
1849,4258,15257,"Anderson, Matthew",High School,Skilled Manual
1850,4259,15258,"Reed, Chloe",High School,Skilled Manual
1851,4260,15259,"Zhu, Franklin",Partial High School,Clerical
1852,4261,15260,"Torres, Kathleen",Partial High School,Clerical
1853,4270,15269,"King, Chloe",High School,Skilled Manual
1854,4271,15270,"Cox, Ariana",High School,Skilled Manual
1855,4272,15271,"Yang, Samuel",High School,Skilled Manual
1856,4273,15272,"Gonzales, Kyle",High School,Skilled Manual
1857,4274,15273,"Alexander, Brandon",Partial College,Skilled Manual
1858,4275,15274,"Johnson, Alexander",Partial College,Skilled Manual
1859,4276,15275,"Collins, Eric",Partial College,Skilled Manual
1860,4277,15276,"Hall, Megan",Partial College,Skilled Manual
1861,4278,15277,"Griffin, Hailey",Partial College,Skilled Manual
1862,4279,15278,"Russell, Brandon",Partial College,Skilled Manual
1863,4280,15279,"Lee, Hunter",Partial College,Skilled Manual
1864,4281,15280,"Griffin, Mya",Bachelors,Management
1865,4282,15281,"Anderson, Hunter",Graduate Degree,Management
1866,4283,15282,"Thomas, Elizabeth",Bachelors,Management
1867,4285,15284,"Prasad, Jay",Graduate Degree,Skilled Manual
1868,4286,15285,"Rodriguez, Olivia",Graduate Degree,Skilled Manual
1869,4287,15286,"Nelson, Thomas",Graduate Degree,Skilled Manual
1870,4288,15287,"Baker, Stephanie",Graduate Degree,Skilled Manual
1871,4289,15288,"Perry, Logan",Graduate Degree,Skilled Manual
1872,4290,15289,"Gray, Katelyn",Graduate Degree,Skilled Manual
1873,4291,15290,"Thompson, Edward",Graduate Degree,Skilled Manual
1874,4293,15292,"Bailey, Megan",Graduate Degree,Skilled Manual
1875,4294,15293,"Watson, Mason",Graduate Degree,Skilled Manual
1876,4295,15294,"Robinson, Michael",Graduate Degree,Skilled Manual
1877,4296,15295,"Shan, Louis",Graduate Degree,Skilled Manual
1878,4297,15296,"Peterson, Chloe",Graduate Degree,Skilled Manual
1879,4298,15297,"Bryant, Nicole",Graduate Degree,Skilled Manual
1880,4299,15298,"Chandra, Joe",Bachelors,Skilled Manual
1881,4300,15299,"Lopez, Charles",Bachelors,Skilled Manual
1882,4301,15300,"Butler, Seth",Graduate Degree,Skilled Manual
1883,4302,15301,"Guo, Amy",Graduate Degree,Professional
1884,4303,15302,"Thomas, Brianna",Graduate Degree,Professional
1885,4304,15303,"Patterson, Haley",Bachelors,Management
1886,4306,15305,"Ortega, Jacquelyn",Bachelors,Management
1887,4307,15306,"Sanchez, Victoria",Bachelors,Management
1888,4308,15307,"Garcia, Jennifer",Bachelors,Management
1889,4309,15308,"Lal, Christy",Bachelors,Management
1890,4310,15309,"Wilson, Dylan",Bachelors,Management
1891,4312,15311,"Thompson, Brandon",Bachelors,Management
1892,4313,15312,"Gonzales, Alexandria",Bachelors,Management
1893,4314,15313,"Morris, Garrett",Bachelors,Management
1894,4315,15314,"Torres, Eduardo",Bachelors,Management
1895,4316,15315,"Bennett, Katherine",Bachelors,Management
1896,4317,15316,"Harris, Alexis",Bachelors,Management
1897,4318,15317,"Jenkins, Rachel",Bachelors,Management
1898,4319,15318,"Watson, Grace",Bachelors,Management
1899,4320,15319,"Sanchez, Jade",Bachelors,Management
1900,4321,15320,"Brooks, Eduardo",Bachelors,Management
1901,4322,15321,"Phillips, Blake",Bachelors,Management
1902,4323,15322,"Green, Evan",Bachelors,Management
1903,4325,15324,"Serrano, Renee",High School,Professional
1904,4326,15325,"Hayes, Elijah",Partial College,Professional
1905,4327,15326,"Zheng, Todd",Partial College,Professional
1906,4328,15327,"Hernandez, Paula",Bachelors,Management
1907,4329,15328,"Jackson, Fernando",Bachelors,Management
1908,4330,15329,"Cox, Brianna",Bachelors,Management
1909,4331,15330,"Richardson, Catherine",Partial College,Professional
1910,4332,15331,"Taylor, Jacob",Partial College,Professional
1911,4333,15332,"Sharma, Jason",Partial College,Professional
1912,4334,15333,"Diaz, Marie",Bachelors,Management
1913,4336,15335,"Patterson, Emily",Partial College,Professional
1914,4337,15336,"Garcia, Marco",Partial College,Professional
1915,4338,15337,"Gonzales, Rachel",Partial College,Professional
1916,4339,15338,"Navarro, Marie",Partial College,Professional
1917,4340,15339,"Zhang, Noah",Partial College,Professional
1918,4342,15341,"Deng, Lacey",Partial College,Professional
1919,4343,15342,"Raji, Ashlee",Partial College,Professional
1920,4344,15343,"Barnes, Carson",Partial College,Professional
1921,4345,15344,"Russell, Luke",Partial College,Professional
1922,4346,15345,"Perry, Ashley",Partial College,Professional
1923,4347,15346,"Rodriguez, Charles",Partial College,Professional
1924,4348,15347,"Alonso, Deanna",High School,Professional
1925,4349,15348,"Carter, Greg",Partial College,Professional
1926,4350,15349,"Gonzalez, Stephanie",Partial College,Professional
1927,4351,15350,"Serrano, Kathleen",Partial College,Professional
1928,4352,15351,"Lu, Steve",Partial College,Professional
1929,4353,15352,"Martinez, Raymond",Bachelors,Management
1930,4357,15356,"Jai, Dawn",Partial High School,Professional
1931,4358,15357,"Navarro, Craig",Partial High School,Professional
1932,4359,15358,"Sanders, Danielle",Graduate Degree,Management
1933,4360,15359,"Yang, Logan",Graduate Degree,Management
1934,4361,15360,"Martin, Ryan",Graduate Degree,Management
1935,4362,15361,"Gonzales, Thomas",Graduate Degree,Management
1936,4365,15364,"Bryant, Aidan",Partial College,Professional
1937,4366,15365,"Gray, Victoria",Bachelors,Management
1938,4367,15366,"Coleman, Alyssa",Graduate Degree,Management
1939,4368,15367,"White, Alyssa",Partial College,Professional
1940,4369,15368,"Martin, Brandi",Bachelors,Management
1941,4370,15369,"Perez, Connor",Partial College,Professional
1942,4371,15370,"Butler, Jessica",Partial College,Professional
1943,4372,15371,"Bryant, Cameron",Partial College,Professional
1944,4373,15372,"Alexander, Miguel",Partial College,Professional
1945,4374,15373,"Jones, Kaitlyn",Graduate Degree,Management
1946,4380,15379,"Griffin, Amanda",Bachelors,Management
1947,4381,15380,"Robinson, Nathan",Partial College,Professional
1948,4382,15381,"Howard, Alexa",Partial College,Professional
1949,4383,15382,"Blue, Kimberly",Bachelors,Management
1950,4384,15383,"Rivera, Charles",Bachelors,Management
1951,4385,15384,"Alan, Xavier",Partial College,Professional
1952,4386,15385,"Reed, Destiny",High School,Professional
1953,4387,15386,"Taylor, Nicholas",High School,Professional
1954,4388,15387,"Rodriguez, Miguel",Partial College,Professional
1955,4389,15388,"Smith, Victoria",Bachelors,Management
1956,4390,15389,"King, Joan",Bachelors,Management
1957,4391,15390,"Turner, Jonathan",High School,Professional
1958,4393,15392,"Brown, Sydney",Partial High School,Skilled Manual
1959,4394,15393,"Ruiz, Rebekah",Graduate Degree,Management
1960,4398,15397,"Tang, Karl",Partial College,Professional
1961,4399,15398,"Wang, Jose",Partial College,Professional
1962,4412,15411,"Chandra, Jay",Graduate Degree,Management
1963,4413,15412,"Griffin, Ryan",Graduate Degree,Management
1964,4415,15414,"Richardson, Isaac",Graduate Degree,Management
1965,4416,15415,"Gray, Rachel",Graduate Degree,Management
1966,4417,15416,"Barnes, Edward",Graduate Degree,Management
1967,4418,15417,"Lu, Alvin",Graduate Degree,Management
1968,4420,15419,"Baker, Carlos",Bachelors,Management
1969,4421,15420,"Hernandez, Nathan",Bachelors,Management
1970,4422,15421,"Clark, Cameron",Bachelors,Management
1971,4423,15422,"Griffin, Kelly",High School,Skilled Manual
1972,4424,15423,"Long, Jack",High School,Skilled Manual
1973,4425,15424,"Hill, Rebecca",Partial College,Skilled Manual
1974,4428,15427,"Murphy, Jade",Partial College,Skilled Manual
1975,4429,15428,"Howard, Richard",Partial College,Skilled Manual
1976,4430,15429,"Li, Aaron",Partial College,Skilled Manual
1977,4431,15430,"Jiménez, Alfredo",Partial College,Skilled Manual
1978,4432,15431,"Jackson, John",Partial College,Skilled Manual
1979,4433,15432,"Kumar, Alvin",Partial College,Skilled Manual
1980,4434,15433,"Sharma, Adam",Partial College,Skilled Manual
1981,4444,15443,"Patel, Francisco",Graduate Degree,Manual
1982,4455,15454,"Bennett, Ian",Bachelors,Clerical
1983,4457,15456,"Suri, Donald",Bachelors,Clerical
1984,4458,15457,"Martinez, Adriana",Partial College,Manual
1985,4459,15458,"Ma, Krystal",Partial College,Manual
1986,4460,15459,"Dominguez, Beth",Partial College,Manual
1987,4461,15460,"Nara, Bethany",Partial College,Manual
1988,4467,15466,"Perez, Elijah",Bachelors,Skilled Manual
1989,4468,15467,"Shan, Caleb",Bachelors,Skilled Manual
1990,4470,15469,"Williams, Fernando",Graduate Degree,Professional
1991,4471,15470,"Lopez, Hailey",Graduate Degree,Professional
1992,4472,15471,"White, Destiny",Bachelors,Skilled Manual
1993,4473,15472,"Torres, Jennifer",Bachelors,Skilled Manual
1994,4474,15473,"Jenkins, Abigail",Bachelors,Skilled Manual
1995,4475,15474,"Lal, Cameron",Bachelors,Skilled Manual
1996,4476,15475,"Brooks, Kaitlyn",Bachelors,Skilled Manual
1997,4477,15476,"Powell, Alyssa",Graduate Degree,Professional
1998,4478,15477,"Adams, Jose",Graduate Degree,Professional
1999,4480,15479,"Wright, Andrea",Graduate Degree,Professional
2000,4481,15480,"Lopez, Denise",Graduate Degree,Professional
2001,4482,15481,"Zhang, Jamie",Graduate Degree,Professional
2002,4483,15482,"Rubio, Audrey",Graduate Degree,Professional
2003,4484,15483,"Robinson, Katherine",Graduate Degree,Professional
2004,4485,15484,"Henderson, Samuel",Graduate Degree,Professional
2005,4486,15485,"Wright, Jordan",Graduate Degree,Professional
2006,4487,15486,"Griffin, Kevin",Graduate Degree,Professional
2007,4488,15487,"Ramirez, Jesse",Graduate Degree,Professional
2008,4490,15489,"Thompson, Emily",Bachelors,Skilled Manual
2009,4492,15491,"Li, Shannon",Bachelors,Skilled Manual
2010,4493,15492,"Long, Grace",Bachelors,Skilled Manual
2011,4494,15493,"Chen, Eric",Bachelors,Skilled Manual
2012,4496,15495,"Alonso, Craig",High School,Skilled Manual
2013,4497,15496,"Goel, Kelli",High School,Skilled Manual
2014,4498,15497,"Phillips, Katelyn",Bachelors,Professional
2015,4500,15499,"Thomas, Robert",Graduate Degree,Professional
2016,4501,15500,"Raji, Keith",Graduate Degree,Professional
2017,4502,15501,"Simmons, Justin",Graduate Degree,Professional
2018,4503,15502,"Howard, Nathaniel",Bachelors,Professional
2019,4504,15503,"James, Caitlin",Bachelors,Skilled Manual
2020,4505,15504,"James, Jared",Bachelors,Skilled Manual
2021,4506,15505,"Bailey, Gabriella",Bachelors,Skilled Manual
2022,4507,15506,"Sanders, Evan",Graduate Degree,Professional
2023,4509,15508,"Brooks, Megan",Graduate Degree,Professional
2024,4510,15509,"Washington, Zachary",Graduate Degree,Professional
2025,4511,15510,"She, Ernest",Graduate Degree,Professional
2026,4513,15512,"Hayes, Jose",Graduate Degree,Professional
2027,4514,15513,"Perez, Madeline",Graduate Degree,Professional
2028,4515,15514,"Ramirez, Angela",Graduate Degree,Professional
2029,4516,15515,"Wright, Carlos",Graduate Degree,Professional
2030,4517,15516,"Raje, Shaun",Graduate Degree,Professional
2031,4518,15517,"Edwards, Thomas",Graduate Degree,Professional
2032,4519,15518,"Bryant, Richard",Graduate Degree,Professional
2033,4520,15519,"Evans, Jennifer",Partial High School,Clerical
2034,4521,15520,"Navarro, Desiree",Bachelors,Professional
2035,4522,15521,"Deng, Kathryn",Bachelors,Skilled Manual
2036,4523,15522,"Russell, Ethan",Graduate Degree,Professional
2037,4524,15523,"Yang, Jonathan",Bachelors,Professional
2038,4525,15524,"Stone, Dalton",Bachelors,Skilled Manual
2039,4526,15525,"Gonzalez, Marie",Bachelors,Skilled Manual
2040,4528,15527,"Rivera, Megan",Bachelors,Skilled Manual
2041,4529,15528,"Ramirez, Lucas",Bachelors,Professional
2042,4530,15529,"Allen, Jason",Bachelors,Professional
2043,4532,15531,"Raji, Calvin",Bachelors,Professional
2044,4533,15532,"Jai, Marshall",Bachelors,Professional
2045,4534,15533,"Richardson, Anna",Bachelors,Professional
2046,4535,15534,"Bell, Steven",Bachelors,Professional
2047,4536,15535,"Scott, Jordan",Bachelors,Professional
2048,4538,15537,"Peterson, Destiny",Graduate Degree,Professional
2049,4539,15538,"Lal, Luis",Graduate Degree,Professional
2050,4540,15539,"Goel, Raul",Bachelors,Professional
2051,4541,15540,"Ortega, Randall",Bachelors,Professional
2052,4542,15541,"Morris, Zoe",Bachelors,Professional
2053,4543,15542,"Baker, Andrea",Bachelors,Professional
2054,4545,15544,"Brown, Thomas",Partial College,Skilled Manual
2055,4546,15545,"Rivera, Jennifer",High School,Skilled Manual
2056,4547,15546,"Jenkins, Robert",High School,Skilled Manual
2057,4548,15547,"Wood, Cassidy",Partial College,Skilled Manual
2058,4549,15548,"Brooks, Morgan",High School,Skilled Manual
2059,4551,15550,"Alonso, Orlando",Partial College,Skilled Manual
2060,4552,15551,"Gray, Kaylee",Partial College,Skilled Manual
2061,4553,15552,"Lewis, Tyler",Partial College,Skilled Manual
2062,4554,15553,"Lopez, Ivan",Graduate Degree,Professional
2063,4555,15554,"Bailey, Zoe",Graduate Degree,Professional
2064,4556,15555,"Barnes, Hailey",Partial College,Skilled Manual
2065,4558,15557,"Murphy, Nathaniel",Partial College,Skilled Manual
2066,4559,15558,"Morris, Hailey",Partial College,Skilled Manual
2067,4561,15560,"Gray, Gabrielle",Bachelors,Professional
2068,4562,15561,"Young, Angel",Bachelors,Professional
2069,4563,15562,"James, Kaitlyn",Bachelors,Professional
2070,4566,15565,"Mitchell, Kyle",Graduate Degree,Professional
2071,4569,15568,"Hayes, Aaron",Partial College,Skilled Manual
2072,4570,15569,"Ward, Morgan",Partial College,Skilled Manual
2073,4571,15570,"Powell, Brianna",Bachelors,Professional
2074,4574,15573,"Wilson, Thomas",Bachelors,Professional
2075,4575,15574,"Peterson, Carlos",Bachelors,Professional
2076,4609,15608,"James, Faith",Partial College,Clerical
2077,4619,15618,"Sharma, Gabriel",Bachelors,Skilled Manual
2078,4623,15622,"Schleger, Yvonne",High School,Manual
2079,4626,15625,"Alvarez, Clinton",Partial College,Clerical
2080,4627,15626,"White, Eduardo",Partial College,Clerical
2081,4628,15627,"Srini, Troy",Partial College,Clerical
2082,4629,15628,"Sandberg, Brianna",Bachelors,Skilled Manual
2083,4630,15629,"Ruiz, Meghan",Partial High School,Manual
2084,4634,15633,"Shan, Ashlee",Partial High School,Manual
2085,4637,15636,"White, David",Partial College,Clerical
2086,4650,15649,"Jimenez, Melinda",Bachelors,Clerical
2087,4656,15655,"Gomez, Deanna",Partial College,Manual
2088,4657,15656,"Zhao, Darryl",Partial College,Manual
2089,4660,15659,"Rivera, Angela",Partial College,Manual
2090,4665,15664,"Vazquez, Jill",Bachelors,Clerical
2091,4668,15667,"Ramos, Hector",Bachelors,Clerical
2092,4673,15672,"Nara, Kelvin",Partial College,Manual
2093,4675,15674,"Raheem, Tommy",Bachelors,Clerical
2094,4676,15675,"Alonso, Jay",Graduate Degree,Clerical
2095,4681,15680,"She, Tasha",High School,Manual
2096,4683,15682,"Garcia, Heidi",Bachelors,Management
2097,4684,15683,"Carlson, Jessie",Partial College,Professional
2098,4685,15684,"Suarez, Tyrone",Partial College,Professional
2099,4686,15685,"Vazquez, Robin",Bachelors,Management
2100,4690,15689,"Wang, Stacey",Partial College,Professional
2101,4694,15693,"Barnes, Isabel",High School,Professional
2102,4698,15697,"Morris, Julia",Partial College,Professional
2103,4699,15698,"Wang, Susan",Bachelors,Management
2104,4704,15703,"Chande, Alison",High School,Professional
2105,4705,15704,"Luo, Peter",High School,Professional
2106,4706,15705,"Simmons, Gabriel",Partial College,Management
2107,4708,15707,"Rubio, Robin",Partial College,Management
2108,4709,15708,"Jai, Nina",High School,Management
2109,4737,15736,"Raje, Sheena",Graduate Degree,Management
2110,4738,15737,"Robinson, Alexander",Graduate Degree,Management
2111,4739,15738,"Miller, Abigail",Graduate Degree,Management
2112,4740,15739,"Rogers, Garrett",Bachelors,Management
2113,4741,15740,"Kumar, Johnny",Bachelors,Management
2114,4742,15741,"Allen, Isabella",Bachelors,Management
2115,4743,15742,"Thompson, Grace",Bachelors,Management
2116,4744,15743,"Thompson, Chloe",Graduate Degree,Management
2117,4745,15744,"Gray, Angela",Graduate Degree,Management
2118,4746,15745,"Hayes, Julian",Graduate Degree,Management
2119,4747,15746,"Walker, Emily",Bachelors,Management
2120,4748,15747,"Nelson, Evan",Bachelors,Management
2121,4750,15749,"Brown, Grace",Bachelors,Management
2122,4751,15750,"Martinez, Kaitlin",Partial College,Professional
2123,4760,15759,"Brooks, Erin",Bachelors,Management
2124,4764,15763,"Young, Xavier",Partial College,Professional
2125,4769,15768,"Walker, Victoria",Graduate Degree,Management
2126,4770,15769,"Coleman, Kelly",Graduate Degree,Management
2127,4771,15770,"Brooks, Xavier",Bachelors,Management
2128,4772,15771,"Diaz, Maria",Graduate Degree,Management
2129,4773,15772,"Anderson, Christopher",Partial High School,Skilled Manual
2130,4774,15773,"Jenkins, Dylan",Partial High School,Skilled Manual
2131,4775,15774,"Kelly, Natalie",High School,Professional
2132,4776,15775,"Ward, Michelle",High School,Professional
2133,4777,15776,"Mitchell, Jesse",High School,Professional
2134,4778,15777,"Smith, Brianna",High School,Professional
2135,4779,15778,"Miller, José",Partial College,Professional
2136,4780,15779,"Hayes, Jackson",Partial College,Professional
2137,4781,15780,"McDonald, Claudia",Partial College,Professional
2138,4782,15781,"Evans, Blake",Bachelors,Management
2139,4783,15782,"Collins, Katelyn",Partial College,Professional
2140,4814,15813,"Diaz, Julian",High School,Skilled Manual
2141,4815,15814,"Subram, Monica",High School,Skilled Manual
2142,4818,15817,"Alexander, Chloe",High School,Skilled Manual
2143,4819,15818,"Perez, Stanley",High School,Skilled Manual
2144,4820,15819,"Cox, Savannah",High School,Skilled Manual
2145,4821,15820,"Ward, Chase",High School,Skilled Manual
2146,4822,15821,"Anderson, Logan",High School,Skilled Manual
2147,4825,15824,"Kumar, Lindsay",Partial High School,Clerical
2148,4826,15825,"Simmons, Angela",High School,Skilled Manual
2149,4828,15827,"Ward, Danielle",High School,Skilled Manual
2150,4835,15834,"Green, Rebecca",Partial College,Skilled Manual
2151,4836,15835,"Smith, Marcus",Partial College,Skilled Manual
2152,4837,15836,"Jackson, Devin",Partial College,Skilled Manual
2153,4838,15837,"Johnston, Julia",High School,Skilled Manual
2154,4839,15838,"Taylor, Julia",Partial College,Skilled Manual
2155,4840,15839,"Taylor, William",Partial College,Skilled Manual
2156,4841,15840,"Peterson, Natalie",Partial College,Skilled Manual
2157,4842,15841,"Shan, Luis",Bachelors,Management
2158,4843,15842,"Gray, Haley",Bachelors,Management
2159,4844,15843,"Wright, Caleb",Bachelors,Management
2160,4845,15844,"Brown, Megan",Bachelors,Management
2161,4846,15845,"Carter, Mackenzie",Bachelors,Management
2162,4850,15849,"Kelly, Destiny",Graduate Degree,Management
2163,4852,15851,"Anderson, Taylor",Graduate Degree,Management
2164,4853,15852,"Henderson, Oscar",Bachelors,Management
2165,4854,15853,"Brown, Jasmine",Bachelors,Management
2166,4855,15854,"Wood, Miranda",Bachelors,Management
2167,4862,15861,"Zhao, Damien",Partial College,Clerical
2168,4863,15862,"Narayanan, Sriniwa",Graduate Degree,Skilled Manual
2169,4866,15865,"Price, Isabel",High School,Skilled Manual
2170,4868,15867,"White, Victoria",Graduate Degree,Skilled Manual
2171,4870,15869,"Hall, Alexandra",Graduate Degree,Skilled Manual
2172,4871,15870,"Howard, Zoe",Graduate Degree,Skilled Manual
2173,4872,15871,"Jai, Ryan",Graduate Degree,Skilled Manual
2174,4874,15873,"Richardson, Hailey",Graduate Degree,Professional
2175,4876,15875,"Morris, Devin",Bachelors,Management
2176,4878,15877,"Perez, Jordan",Bachelors,Management
2177,4881,15880,"Bailey, Patrick",Bachelors,Management
2178,4883,15882,"Xie, Maurice",Bachelors,Management
2179,4884,15883,"Coleman, Tristan",Bachelors,Management
2180,4885,15884,"Bradley, Dakota",Bachelors,Management
2181,4886,15885,"Sanchez, Garrett",Bachelors,Management
2182,4887,15886,"Brown, Matthew",Bachelors,Management
2183,4888,15887,"Vazquez, Deanna",Bachelors,Management
2184,4898,15897,"Cooper, Haley",Partial College,Professional
2185,4899,15898,"Gonzalez, Isaiah",Partial College,Professional
2186,4900,15899,"James, Ian",Partial College,Professional
2187,4902,15901,"Bryant, Taylor",Partial College,Professional
2188,4903,15902,"Diaz, Robert",Partial College,Professional
2189,4904,15903,"Barnes, Abigail",Partial College,Professional
2190,4905,15904,"Bennett, Janice",Partial College,Professional
2191,4908,15907,"Bailey, Steven",Partial College,Professional
2192,4909,15908,"Wilson, David",Partial College,Professional
2193,4910,15909,"Ross, Cassidy",Partial College,Professional
2194,4911,15910,"Hughes, Caleb",Partial College,Professional
2195,4912,15911,"Baker, Maria",High School,Professional
2196,4913,15912,"Simmons, Mya",High School,Professional
2197,4915,15914,"Bryant, Logan",Partial College,Professional
2198,4916,15915,"Cox, Alex",Partial College,Professional
2199,4919,15918,"Ruiz, Roberto",Partial College,Professional
2200,4927,15926,"Deng, Donna",High School,Professional
2201,4928,15927,"Huang, Gilbert",High School,Professional
2202,4929,15928,"Pal, Priscilla",High School,Professional
2203,4933,15932,"Jimenez, Tabitha",Partial College,Professional
2204,4935,15934,"Raji, Nichole",Partial College,Professional
2205,4936,15935,"King, Amber",Graduate Degree,Management
2206,4937,15936,"Johnson, Abigail",Bachelors,Management
2207,4938,15937,"Lewis, Grace",Partial College,Professional
2208,4939,15938,"Collins, Sean",Partial College,Professional
2209,4940,15939,"Brown, Jennifer",Partial College,Professional
2210,4941,15940,"Bryant, Jack",Partial College,Professional
2211,4942,15941,"Brooks, Bailey",Bachelors,Management
2212,4945,15944,"Lu, Damien",Partial College,Professional
2213,4946,15945,"Kelly, Alexandria",Partial College,Professional
2214,4947,15946,"Wilson, Wyatt",Bachelors,Management
2215,4948,15947,"Blue, Michelle",Partial College,Professional
2216,4949,15948,"Hughes, Angela",Bachelors,Management
2217,4950,15949,"Green, Katherine",Bachelors,Management
2218,4951,15950,"Peterson, Erin",Partial College,Professional
2219,4952,15951,"Baker, Jenna",Partial College,Professional
2220,4953,15952,"Cooper, Evan",Partial College,Professional
2221,4954,15953,"Moreno, Julio",Graduate Degree,Management
2222,4955,15954,"Deng, Marshall",Partial College,Professional
2223,4956,15955,"Ortega, Neil",Bachelors,Management
2224,4957,15956,"Li, Ryan",Bachelors,Management
2225,4958,15957,"Ross, Samuel",Bachelors,Management
2226,4959,15958,"Ross, Nicole",Partial College,Professional
2227,4960,15959,"Rodriguez, Logan",Partial College,Professional
2228,4961,15960,"Bryant, Brianna",Partial College,Professional
2229,4962,15961,"Walker, Ashley",Partial College,Professional
2230,4963,15962,"Winter, Benjamin",High School,Professional
2231,4964,15963,"Smith, Madison",High School,Professional
2232,4965,15964,"Cox, Steven",Bachelors,Management
2233,4966,15965,"Watson, Jennifer",Partial College,Professional
2234,4967,15966,"Foster, Natalie",High School,Professional
2235,4968,15967,"Diaz, Dakota",High School,Professional
2236,4969,15968,"Gonzalez, Edward",High School,Professional
2237,4970,15969,"Murphy, Sean",High School,Professional
2238,4971,15970,"Thompson, Samuel",Partial High School,Skilled Manual
2239,4972,15971,"Jenkins, Ryan",Graduate Degree,Management
2240,4973,15972,"Bailey, Caitlin",Graduate Degree,Management
2241,4974,15973,"Garcia, Christopher",Graduate Degree,Management
2242,4976,15975,"Collins, Gabrielle",High School,Professional
2243,4977,15976,"Patel, Kristopher",High School,Professional
2244,4978,15977,"Harris, Julia",High School,Professional
2245,4979,15978,"Walker, Xavier",High School,Professional
2246,4980,15979,"Cook, Nicole",High School,Professional
2247,4983,15982,"Evans, Jose",Partial College,Professional
2248,4984,15983,"Ross, Alexis",Partial College,Professional
2249,4985,15984,"Wright, Nathan",Bachelors,Management
2250,4986,15985,"Johnson, Devin",Bachelors,Management
2251,4992,15991,"Taylor, David",Graduate Degree,Management
2252,4993,15992,"Alexander, Isabelle",Graduate Degree,Management
2253,4995,15994,"Blue, Olivia",Partial College,Professional
2254,4996,15995,"Johnson, Kaitlyn",Partial College,Professional
2255,4999,15998,"Flores, Marissa",Graduate Degree,Management
2256,5000,15999,"Hill, Maria",Graduate Degree,Management
2257,5002,16001,"Pal, Ricardo",Graduate Degree,Management
2258,5003,16002,"Hayes, Paige",Graduate Degree,Management
2259,5004,16003,"Robinson, Carol",Graduate Degree,Management
2260,5005,16004,"Martinez, Joe",Bachelors,Management
2261,5007,16006,"Henderson, Angelica",Graduate Degree,Management
2262,5008,16007,"Gonzalez, Janelle",Bachelors,Management
2263,5009,16008,"Allen, Morgan",Graduate Degree,Management
2264,5011,16010,"Wood, Nicole",Graduate Degree,Management
2265,5014,16013,"Williams, Xavier",Partial College,Skilled Manual
2266,5015,16014,"Wilson, Christopher",Bachelors,Management
2267,5016,16015,"Cooper, Jessica",Partial College,Skilled Manual
2268,5018,16017,"Ramirez, Jeremy",Partial College,Skilled Manual
2269,5019,16018,"Henderson, Emma",Partial College,Skilled Manual
2270,5020,16019,"Hernandez, Amber",Partial College,Skilled Manual
2271,5023,16022,"Hernandez, Devin",Partial High School,Clerical
2272,5025,16024,"Hill, Isaac",Partial College,Skilled Manual
2273,5035,16034,"Suri, Pamela",Graduate Degree,Manual
2274,5038,16037,"Kelly, Melissa",Bachelors,Manual
2275,5040,16039,"Yang, Steve",Bachelors,Manual
2276,5045,16044,"Rai, Connie",Bachelors,Manual
2277,5048,16047,"Johnson, Taylor",Partial College,Manual
2278,5049,16048,"Yang, Kelli",Partial College,Manual
2279,5050,16049,"Nara, Ashlee",Partial College,Manual
2280,5056,16055,"Lee, Ryan",Partial College,Manual
2281,5058,16057,"Gomez, Michele",Partial College,Manual
2282,5060,16059,"Carlson, Jésus",Bachelors,Clerical
2283,5061,16060,"Griffin, Antonio",Bachelors,Skilled Manual
2284,5062,16061,"Butler, Miguel",Bachelors,Skilled Manual
2285,5063,16062,"Johnson, Katherine",Bachelors,Skilled Manual
2286,5064,16063,"Kapoor, Francisco",Bachelors,Skilled Manual
2287,5065,16064,"Griffin, Isabella",Bachelors,Skilled Manual
2288,5066,16065,"Torres, Makayla",Bachelors,Skilled Manual
2289,5067,16066,"Ramirez, Alex",Bachelors,Skilled Manual
2290,5068,16067,"Butler, Maria",Bachelors,Skilled Manual
2291,5069,16068,"Shen, Jerry",Bachelors,Skilled Manual
2292,5070,16069,"Hall, Brianna",Bachelors,Skilled Manual
2293,5071,16070,"Phillips, Sierra",Graduate Degree,Professional
2294,5073,16072,"Evans, Caleb",Graduate Degree,Professional
2295,5074,16073,"Bryant, Miranda",Graduate Degree,Professional
2296,5075,16074,"Roberts, Caleb",Graduate Degree,Professional
2297,5076,16075,"Johnson, Alexis",Graduate Degree,Professional
2298,5077,16076,"Rogers, Catherine",Graduate Degree,Professional
2299,5078,16077,"Rogers, Stephanie",Graduate Degree,Professional
2300,5079,16078,"James, Nicole",Graduate Degree,Professional
2301,5080,16079,"Carter, Natalie",Graduate Degree,Professional
2302,5081,16080,"Patterson, Oscar",High School,Skilled Manual
2303,5082,16081,"Cai, Arturo",Bachelors,Skilled Manual
2304,5083,16082,"Zeng, Autumn",Bachelors,Skilled Manual
2305,5085,16084,"Wright, Allison",Bachelors,Professional
2306,5087,16086,"Watson, Charles",Graduate Degree,Professional
2307,5088,16087,"Chen, Micah",Graduate Degree,Professional
2308,5089,16088,"Sanders, Bryce",Bachelors,Professional
2309,5092,16091,"Lewis, Alyssa",Bachelors,Skilled Manual
2310,5093,16092,"Bryant, Jessica",Graduate Degree,Professional
2311,5094,16093,"Morris, Kaitlyn",Graduate Degree,Professional
2312,5095,16094,"Brown, Kayla",Graduate Degree,Professional
2313,5096,16095,"Garcia, Marcus",Graduate Degree,Professional
2314,5100,16099,"Jenkins, Julian",Graduate Degree,Professional
2315,5101,16100,"Johnson, Jose",Graduate Degree,Professional
2316,5102,16101,"Lopez, Mary",Graduate Degree,Professional
2317,5103,16102,"Alexander, Marcus",Bachelors,Professional
2318,5105,16104,"Hernandez, Jordan",Bachelors,Skilled Manual
2319,5106,16105,"Diaz, Kristy",Bachelors,Skilled Manual
2320,5127,16126,"Kelly, Faith",Partial College,Skilled Manual
2321,5128,16127,"Edwards, Amanda",Partial College,Skilled Manual
2322,5130,16129,"Russell, Jordyn",High School,Skilled Manual
2323,5131,16130,"Seamans, Mike",Bachelors,Professional
2324,5132,16131,"Romero, Albert",Bachelors,Professional
2325,5135,16134,"Hernandez, Roy",Partial College,Skilled Manual
2326,5136,16135,"Raman, Chelsea",Partial College,Skilled Manual
2327,5137,16136,"Srini, George",Partial College,Skilled Manual
2328,5138,16137,"King, Timothy",Partial College,Skilled Manual
2329,5139,16138,"Butler, David",Graduate Degree,Professional
2330,5140,16139,"Alexander, Jacqueline",Partial College,Skilled Manual
2331,5142,16141,"Ramirez, Shelby",Partial College,Skilled Manual
2332,5143,16142,"King, Sophia",Bachelors,Professional
2333,5144,16143,"Evans, Sara",Bachelors,Professional
2334,5145,16144,"Kelly, Patrick",Graduate Degree,Professional
2335,5146,16145,"Anderson, Sydney",Graduate Degree,Professional
2336,5147,16146,"Saunders, Jacquelyn",Graduate Degree,Professional
2337,5197,16196,"Raheem, Kurt",Bachelors,Skilled Manual
2338,5198,16197,"Prasad, Heidi",Partial High School,Manual
2339,5200,16199,"Xie, Terrence",Partial College,Clerical
2340,5207,16206,"Lewis, Cindy",Partial College,Clerical
2341,5208,16207,"Shan, Jordan",Partial College,Clerical
2342,5209,16208,"Chandra, Ruth",Partial College,Clerical
2343,5215,16214,"Fernandez, Brett",Graduate Degree,Skilled Manual
2344,5216,16215,"Turner, Thomas",Graduate Degree,Skilled Manual
2345,5217,16216,"Mitchell, Charles",Graduate Degree,Skilled Manual
2346,5218,16217,"Gonzales, Amanda",Graduate Degree,Skilled Manual
2347,5219,16218,"Simmons, Julia",Bachelors,Skilled Manual
2348,5222,16221,"Saunders, Darren",Bachelors,Skilled Manual
2349,5223,16222,"Anderson, Brandon",Bachelors,Skilled Manual
2350,5224,16223,"Collins, Carlos",Bachelors,Skilled Manual
2351,5225,16224,"Martinez, Jacob",Bachelors,Skilled Manual
2352,5226,16225,"Nelson, Wyatt",Bachelors,Skilled Manual
2353,5227,16226,"Blue, Maria",Partial College,Clerical
2354,5228,16227,"Lopez, Eric",High School,Clerical
2355,5229,16228,"Zhu, Rafael",Partial College,Clerical
2356,5230,16229,"Chande, Wayne",Partial College,Clerical
2357,5231,16230,"Blanco, Craig",Partial College,Clerical
2358,5232,16231,"Martin, Dana",Partial College,Clerical
2359,5233,16232,"Richardson, Chase",Partial College,Clerical
2360,5234,16233,"King, Rebecca",Graduate Degree,Skilled Manual
2361,5235,16234,"Martin, Wyatt",Partial College,Clerical
2362,5236,16235,"Morris, Sebastian",Partial College,Clerical
2363,5253,16252,"Jiménez, Danny",Partial High School,Manual
2364,5254,16253,"Lal, Bethany",Partial College,Manual
2365,5264,16263,"Robinson, Eduardo",Bachelors,Clerical
2366,5268,16267,"Chen, Edwin",Bachelors,Skilled Manual
2367,5270,16269,"Nath, Tara",Bachelors,Skilled Manual
2368,5271,16270,"Hernandez, Jerome",Bachelors,Skilled Manual
2369,5272,16271,"Gutierrez, Michele",High School,Manual
2370,5275,16274,"Diaz, Ross",Partial High School,Manual
2371,5277,16276,"Carlson, Brandi",High School,Manual
2372,5279,16278,"Turner, Angel",Partial College,Manual
2373,5280,16279,"Patterson, Victoria",Partial High School,Manual
2374,5281,16280,"Ma, Glenn",Partial High School,Manual
2375,5285,16284,"Perez, Troy",High School,Manual
2376,5291,16290,"Nath, Russell",Partial College,Clerical
2377,5293,16292,"Lal, Carly",Bachelors,Skilled Manual
2378,5298,16297,"Garcia, Deanna",Bachelors,Skilled Manual
2379,5299,16298,"Sanz, Adrienne",Bachelors,Skilled Manual
2380,5300,16299,"Tang, Alison",High School,Manual
2381,5304,16303,"Yuan, Tracy",High School,Manual
2382,5305,16304,"Moore, Justin",High School,Manual
2383,5306,16305,"Gonzalez, Stanley",Partial College,Clerical
2384,5308,16307,"Sun, Kelli",Bachelors,Skilled Manual
2385,5310,16309,"Ortega, Desiree",Bachelors,Skilled Manual
2386,5314,16313,"Russell, Hailey",Partial College,Clerical
2387,5317,16316,"Hu, Kelli",Partial College,Clerical
2388,5327,16326,"Romero, Jésus",Partial High School,Manual
2389,5328,16327,"Diaz, Darren",Partial High School,Manual
2390,5334,16333,"Hill, Caleb",Partial College,Skilled Manual
2391,5335,16334,"Bailey, Natalie",Partial College,Skilled Manual
2392,5336,16335,"Lu, Kristen",Partial College,Skilled Manual
2393,5341,16340,"Mitchell, Sean",Partial College,Skilled Manual
2394,5354,16353,"Xu, Alejandro",Partial College,Skilled Manual
2395,5355,16354,"Torres, Janet",High School,Skilled Manual
2396,5356,16355,"Foster, Sam",High School,Skilled Manual
2397,5358,16357,"Russell, Margaret",High School,Skilled Manual
2398,5360,16359,"Richardson, Shelby",High School,Clerical
2399,5361,16360,"Garcia, Justin",High School,Clerical
2400,5372,16371,"Diaz, Caleb",Partial College,Clerical
2401,5373,16372,"Foster, Vanessa",Partial College,Clerical
2402,5374,16373,"Cook, Sara",Partial College,Clerical
2403,5375,16374,"Phillips, Edward",Partial College,Clerical
2404,5376,16375,"Hernandez, Gabriella",Partial College,Clerical
2405,5377,16376,"Wright, Maria",Partial College,Clerical
2406,5378,16377,"Adams, Jordan",Graduate Degree,Skilled Manual
2407,5379,16378,"Baker, Hailey",Graduate Degree,Skilled Manual
2408,5380,16379,"Jimenez, Marc",Graduate Degree,Skilled Manual
2409,5382,16381,"Davis, Kayla",Graduate Degree,Skilled Manual
2410,5383,16382,"Davis, Jennifer",Graduate Degree,Skilled Manual
2411,5384,16383,"Kelly, Brian",Graduate Degree,Skilled Manual
2412,5385,16384,"Reed, Jada",Graduate Degree,Skilled Manual
2413,5386,16385,"Perez, James",Graduate Degree,Skilled Manual
2414,5390,16389,"Shen, Arturo",Bachelors,Clerical
2415,5391,16390,"Nath, Mario",Bachelors,Clerical
2416,5397,16396,"Rai, Keith",Partial High School,Manual
2417,5398,16397,"Navarro, Andy",Partial College,Manual
2418,5400,16399,"Xu, Arturo",Bachelors,Clerical
2419,5410,16409,"Moreno, Ebony",Bachelors,Skilled Manual
2420,5412,16411,"Sanchez, Stanley",Partial High School,Manual
2421,5414,16413,"Gonzalez, Julia",High School,Manual
2422,5415,16414,"Flores, Kelly",Partial High School,Manual
2423,5420,16419,"Simpson, Lacey",High School,Manual
2424,5423,16422,"Xu, Kurt",High School,Manual
2425,5430,16429,"Luo, Jaclyn",Partial College,Clerical
2426,5435,16434,"Bailey, Taylor",Bachelors,Skilled Manual
2427,5442,16441,"Young, Jason",High School,Manual
2428,5443,16442,"Gonzalez, Luke",Partial College,Clerical
2429,5449,16448,"Martin, Cheryl",Bachelors,Skilled Manual
2430,5452,16451,"Stone, Karl",Partial College,Clerical
2431,5457,16456,"Navarro, Larry",High School,Manual
2432,5458,16457,"Martin, Kathleen",Partial High School,Manual
2433,5459,16458,"Ruiz, Michele",Partial College,Clerical
2434,5463,16462,"Gonzales, Marissa",Partial High School,Manual
2435,5464,16463,"Murphy, Anna",Partial High School,Manual
2436,5467,16466,"Kumar, Alisha",Partial High School,Manual
2437,5474,16473,"Andersen, Dawn",Partial High School,Manual
2438,5475,16474,"Serrano, Jay",Partial High School,Manual
2439,5476,16475,"Anand, Kurt",Partial High School,Manual
2440,5478,16477,"Gonzales, Anna",Partial High School,Clerical
2441,5479,16478,"Gray, Adrian",Partial College,Skilled Manual
2442,5486,16485,"Foster, Ian",Partial High School,Clerical
2443,5499,16498,"Jones, Hunter",Partial College,Skilled Manual
2444,5500,16499,"Kelly, Danielle",High School,Skilled Manual
2445,5501,16500,"Perry, Chloe",High School,Skilled Manual
2446,5502,16501,"Wood, Vanessa",High School,Skilled Manual
2447,5503,16502,"Parker, Jackson",High School,Skilled Manual
2448,5505,16504,"Russell, Justin",High School,Skilled Manual
2449,5506,16505,"Gray, Erin",High School,Skilled Manual
2450,5535,16534,"Holt, Claudia",Graduate Degree,Clerical
2451,5538,16537,"Dominguez, Arthur",Partial College,Manual
2452,5539,16538,"Liang, Stacey",Partial College,Manual
2453,5540,16539,"Li, Christy",Partial College,Manual
2454,5541,16540,"Browning, Theodore",Partial College,Manual
2455,5550,16549,"Moreno, Linda",Bachelors,Clerical
2456,5553,16552,"Sanchez, Joe",Bachelors,Clerical
2457,5557,16556,"Butler, Angelica",Partial College,Manual
2458,5559,16558,"Sara, Preston",Partial College,Manual
2459,5566,16565,"Anand, Corey",Graduate Degree,Clerical
2460,5568,16567,"Lopez, Erick",Graduate Degree,Skilled Manual
2461,5569,16568,"Coleman, Caroline",Graduate Degree,Clerical
2462,5573,16572,"Xu, Jon",High School,Manual
2463,5579,16578,"Weber, Stefanie",Bachelors,Management
2464,5583,16582,"Torres, Frank",High School,Professional
2465,5584,16583,"Martinez, Justin",High School,Professional
2466,5588,16587,"Martinez, Zachary",Bachelors,Management
2467,5598,16597,"Xu, Kelli",Partial College,Professional
2468,5604,16603,"Seely, Scott",Partial High School,Professional
2469,5605,16604,"Serrano, Roy",High School,Management
2470,5643,16642,"Mitchell, Mason",Bachelors,Management
2471,5645,16644,"Goel, Leonard",Graduate Degree,Management
2472,5648,16647,"Alexander, Anna",Graduate Degree,Management
2473,5649,16648,"Coleman, Rachel",Bachelors,Management
2474,5651,16650,"Green, Kaitlyn",Graduate Degree,Management
2475,5652,16651,"Martinez, Abigail",Bachelors,Management
2476,5669,16668,"Malhotra, Levi",High School,Professional
2477,5677,16676,"Perry, Amanda",Graduate Degree,Management
2478,5678,16677,"Hughes, Jack",Graduate Degree,Management
2479,5715,16714,"Nicholls, Dalton",High School,Skilled Manual
2480,5716,16715,"Ramirez, Katelyn",High School,Skilled Manual
2481,5717,16716,"Henderson, Jose",High School,Skilled Manual
2482,5721,16720,"Perry, Morgan",High School,Skilled Manual
2483,5723,16722,"Gray, Sean",High School,Skilled Manual
2484,5724,16723,"Zhao, Barbara",High School,Skilled Manual
2485,5725,16724,"Yang, Gabriel",High School,Skilled Manual
2486,5726,16725,"Williams, Jacob",High School,Skilled Manual
2487,5727,16726,"Wood, Miguel",High School,Skilled Manual
2488,5728,16727,"Johnston, Charles",High School,Skilled Manual
2489,5729,16728,"Morris, Cole",High School,Skilled Manual
2490,5733,16732,"Flores, Natalie",High School,Skilled Manual
2491,5736,16735,"Hayes, Melissa",High School,Skilled Manual
2492,5737,16736,"Alexander, Kelly",High School,Skilled Manual
2493,5738,16737,"Selikoff, Steven",High School,Skilled Manual
2494,5750,16749,"Coleman, Aaron",Partial College,Skilled Manual
2495,5751,16750,"Sanders, Seth",Partial College,Skilled Manual
2496,5758,16757,"Cox, Mackenzie",Graduate Degree,Management
2497,5760,16759,"Bell, Jasmine",Graduate Degree,Management
2498,5761,16760,"Alexander, Sydney",Graduate Degree,Skilled Manual
2499,5762,16761,"Ward, Angel",Partial College,Clerical
2500,5763,16762,"Ferrier, Franklin",Graduate Degree,Skilled Manual
2501,5766,16765,"White, Dalton",Graduate Degree,Skilled Manual
2502,5767,16766,"Arun, Summer",Graduate Degree,Skilled Manual
2503,5768,16767,"Liu, Rafael",Graduate Degree,Skilled Manual
2504,5769,16768,"Barnes, Eduardo",Graduate Degree,Skilled Manual
2505,5770,16769,"Walker, Tyler",Graduate Degree,Skilled Manual
2506,5771,16770,"Rogers, Charles",Graduate Degree,Skilled Manual
2507,5775,16774,"Perry, Eduardo",Graduate Degree,Skilled Manual
2508,5776,16775,"Russell, Sarah",Graduate Degree,Professional
2509,5777,16776,"Lewis, Dalton",Bachelors,Skilled Manual
2510,5778,16777,"Simmons, Cameron",Bachelors,Management
2511,5779,16778,"Hayes, Blake",Graduate Degree,Management
2512,5780,16779,"Watson, Morgan",Bachelors,Management
2513,5781,16780,"Bailey, Carlos",Bachelors,Management
2514,5782,16781,"Chen, Dylan",Bachelors,Management
2515,5783,16782,"Clark, Lucas",Bachelors,Management
2516,5784,16783,"Barnes, Grace",Bachelors,Management
2517,5786,16785,"Lee, Christian",Bachelors,Management
2518,5787,16786,"Reed, Lucas",Bachelors,Management
2519,5788,16787,"Jackson, Nicole",Bachelors,Management
2520,5789,16788,"Gao, Ronnie",Bachelors,Management
2521,5790,16789,"Harris, Jennifer",Bachelors,Management
2522,5791,16790,"Lopez, Hunter",Bachelors,Management
2523,5793,16792,"Torres, Maria",Bachelors,Management
2524,5794,16793,"Hernandez, Savannah",Bachelors,Management
2525,5795,16794,"Cook, Taylor",Bachelors,Management
2526,5796,16795,"Garcia, Regina",Bachelors,Management
2527,5813,16812,"Richardson, Alexa",Partial College,Professional
2528,5814,16813,"Diaz, Carson",Partial College,Professional
2529,5815,16814,"Collins, Isabella",Partial College,Professional
2530,5816,16815,"Brown, Jacob",Partial College,Professional
2531,5817,16816,"Miller, Julia",Partial College,Professional
2532,5818,16817,"Peterson, Evan",Partial College,Professional
2533,5819,16818,"Reed, Gabrielle",Partial College,Professional
2534,5820,16819,"Cox, Dalton",Partial College,Professional
2535,5822,16821,"Carter, Mary",Bachelors,Management
2536,5825,16824,"Munoz, Randall",High School,Professional
2537,5826,16825,"Zeng, Susan",High School,Professional
2538,5827,16826,"Vazquez, Roberto",Partial College,Professional
2539,5831,16830,"Hall, Alexandra",Partial College,Professional
2540,5833,16832,"Parker, Isaiah",Graduate Degree,Management
2541,5834,16833,"Cooper, Richard",Graduate Degree,Management
2542,5836,16835,"Nelson, Noah",Graduate Degree,Management
2543,5839,16838,"Griffin, Jonathan",Bachelors,Management
2544,5840,16839,"Ross, Julia",Graduate Degree,Management
2545,5843,16842,"Yang, Jenny",Bachelors,Management
2546,5844,16843,"Ramos, Jimmy",Graduate Degree,Management
2547,5845,16844,"Robinson, Emma",Bachelors,Management
2548,5846,16845,"Adams, Andrea",Graduate Degree,Management
2549,5851,16850,"Jenkins, Jessica",Partial College,Professional
2550,5852,16851,"Hayes, Kevin",Partial College,Professional
2551,5853,16852,"She, Kate",Bachelors,Management
2552,5854,16853,"Bailey, Christina",Bachelors,Management
2553,5855,16854,"Adams, Seth",Graduate Degree,Management
2554,5857,16856,"Rivera, Erin",Partial College,Professional
2555,5858,16857,"Munoz, Lawrence",Partial College,Professional
2556,5859,16858,"Lopez, Jan",Partial College,Professional
2557,5860,16859,"Kumar, Jack",Partial College,Professional
2558,5861,16860,"Rogers, Haley",Bachelors,Management
2559,5862,16861,"Sharma, Luis",Bachelors,Management
2560,5863,16862,"Nelson, Timothy",Bachelors,Management
2561,5864,16863,"Clark, Kaitlyn",Partial College,Professional
2562,5865,16864,"Ramirez, Grace",Partial College,Professional
2563,5866,16865,"Diaz, Jordyn",High School,Professional
2564,5867,16866,"Parker, Alexandra",Bachelors,Management
2565,5868,16867,"King, Katelyn",Bachelors,Management
2566,5869,16868,"Jackson, Xavier",Bachelors,Management
2567,5870,16869,"Patterson, Vanessa",Graduate Degree,Management
2568,5872,16871,"Clark, Anna",High School,Professional
2569,5873,16872,"Taylor, Samuel",Partial High School,Skilled Manual
2570,5875,16874,"Munoz, Leslie",Bachelors,Management
2571,5876,16875,"Diaz, Samantha",Bachelors,Management
2572,5878,16877,"Adams, Katelyn",Graduate Degree,Management
2573,5879,16878,"Young, Devin",Graduate Degree,Management
2574,5880,16879,"Taylor, Morgan",Graduate Degree,Management
2575,5881,16880,"Patel, Edgar",Graduate Degree,Management
2576,5882,16881,"Alonso, Ruben",Graduate Degree,Management
2577,5883,16882,"Young, Robert",Partial College,Professional
2578,5884,16883,"Davis, Tyler",High School,Professional
2579,5885,16884,"Miller, Richard",High School,Professional
2580,5886,16885,"Cook, Garrett",Partial High School,Skilled Manual
2581,5887,16886,"Flores, Aidan",Partial High School,Skilled Manual
2582,5888,16887,"Rivera, Cody",Partial High School,Skilled Manual
2583,5889,16888,"Hughes, Arianna",Partial High School,Skilled Manual
2584,5890,16889,"Rodriguez, Daniel",Partial High School,Skilled Manual
2585,5891,16890,"Reed, Timothy",Partial High School,Skilled Manual
2586,5892,16891,"Gonzales, Natalie",High School,Professional
2587,5893,16892,"Evans, Rebecca",High School,Professional
2588,5894,16893,"Howard, Isaac",Graduate Degree,Management
2589,5895,16894,"Walker, Abigail",Graduate Degree,Management
2590,5896,16895,"Gonzales, Chloe",Partial College,Professional
2591,5897,16896,"Perez, Natalie",Partial College,Professional
2592,5898,16897,"Torres, Lauren",Partial College,Professional
2593,5899,16898,"Reed, Angel",Partial College,Professional
2594,5900,16899,"Sanchez, Whitney",Graduate Degree,Management
2595,5901,16900,"Jones, Miguel",Graduate Degree,Management
2596,5902,16901,"Munoz, Ricky",Bachelors,Management
2597,5904,16903,"Wright, Ian",Graduate Degree,Management
2598,5905,16904,"Bailey, Arianna",Graduate Degree,Management
2599,5906,16905,"Stewart, Janet",Bachelors,Management
2600,5908,16907,"Hall, Sarah",Graduate Degree,Management
2601,5909,16908,"Patel, Kristi",Graduate Degree,Management
2602,5910,16909,"Walker, Chloe",Bachelors,Management
2603,5912,16911,"Patterson, Caleb",Bachelors,Management
2604,5913,16912,"Patterson, Dalton",Bachelors,Management
2605,5914,16913,"Flores, Marcus",Graduate Degree,Management
2606,5917,16916,"Dominguez, Cheryl",Graduate Degree,Management
2607,5918,16917,"Subram, Brett",Bachelors,Management
2608,5924,16923,"Gonzales, Connor",Partial College,Skilled Manual
2609,5925,16924,"Price, Julia",Partial College,Skilled Manual
2610,5926,16925,"Patterson, Spencer",Partial College,Skilled Manual
2611,5940,16939,"Evans, Bailey",Partial College,Manual
2612,5941,16940,"Zeng, Jenny",Bachelors,Clerical
2613,5942,16941,"Yang, Amy",Partial College,Manual
2614,5944,16943,"Garcia, Veronica",Bachelors,Clerical
2615,5945,16944,"Raji, Alejandro",Bachelors,Clerical
2616,5948,16947,"Stewart, Savannah",Bachelors,Skilled Manual
2617,5950,16949,"Flores, Luis",Bachelors,Skilled Manual
2618,5963,16962,"Coleman, Zachary",Graduate Degree,Professional
2619,5964,16963,"Hughes, Faith",Graduate Degree,Professional
2620,5966,16965,"Romero, Kristi",Bachelors,Skilled Manual
2621,5967,16966,"Diaz, Amanda",High School,Skilled Manual
2622,5968,16967,"Hernandez, Noah",Graduate Degree,Professional
2623,5969,16968,"Griffin, Ian",Graduate Degree,Professional
2624,5970,16969,"Turner, Jackson",Graduate Degree,Professional
2625,5971,16970,"Foster, Katherine",Bachelors,Skilled Manual
2626,5974,16973,"Collins, Katherine",Bachelors,Skilled Manual
2627,5975,16974,"Rivera, Paige",Bachelors,Skilled Manual
2628,5976,16975,"Lee, Benjamin",Bachelors,Skilled Manual
2629,5977,16976,"Xu, Sandra",Bachelors,Skilled Manual
2630,5978,16977,"Adams, Noah",Graduate Degree,Professional
2631,5979,16978,"Rivera, Jeremy",Graduate Degree,Professional
2632,5980,16979,"Rogers, Kaitlyn",Graduate Degree,Professional
2633,5981,16980,"Moore, Jill",Graduate Degree,Professional
2634,5982,16981,"Simmons, Hunter",Graduate Degree,Professional
2635,5983,16982,"Lopez, Jillian",Graduate Degree,Professional
2636,5984,16983,"Collins, Gabriel",Graduate Degree,Professional
2637,5985,16984,"Moreno, Rodney",Bachelors,Professional
2638,5986,16985,"Li, Adam",Bachelors,Skilled Manual
2639,5987,16986,"Adams, Sara",Bachelors,Skilled Manual
2640,5989,16988,"Bailey, Brian",Bachelors,Skilled Manual
2641,5990,16989,"Richardson, Emma",Bachelors,Skilled Manual
2642,5991,16990,"Griffin, Zachary",Graduate Degree,Professional
2643,5992,16991,"Henderson, Brianna",Bachelors,Skilled Manual
2644,6000,16999,"Kelly, Chloe",Bachelors,Skilled Manual
2645,6001,17000,"Henderson, Miranda",Bachelors,Skilled Manual
2646,6002,17001,"Moore, Ashley",Bachelors,Skilled Manual
2647,6003,17002,"Martin, Dylan",Bachelors,Professional
2648,6004,17003,"Dominguez, Joanna",Bachelors,Professional
2649,6005,17004,"Torres, Krista",Bachelors,Professional
2650,6006,17005,"Anand, Priscilla",Bachelors,Professional
2651,6007,17006,"Williams, Hunter",Bachelors,Professional
2652,6008,17007,"Hayes, Samuel",Bachelors,Professional
2653,6009,17008,"Turner, Connor",Bachelors,Professional
2654,6010,17009,"Butler, Wyatt",Bachelors,Professional
2655,6011,17010,"James, Brianna",Bachelors,Professional
2656,6012,17011,"Hill, Sara",Graduate Degree,Professional
2657,6013,17012,"Collins, Joan",Graduate Degree,Professional
2658,6014,17013,"Mitchell, Gabriella",Bachelors,Professional
2659,6015,17014,"Harris, Michael",Bachelors,Professional
2660,6016,17015,"Patterson, Kelly",Bachelors,Professional
2661,6017,17016,"Hughes, Hailey",Bachelors,Professional
2662,6018,17017,"Jones, Jeremiah",Partial College,Skilled Manual
2663,6019,17018,"Guo, Mandy",High School,Skilled Manual
2664,6020,17019,"Hall, Andrea",High School,Skilled Manual
2665,6021,17020,"Bryant, Ashley",High School,Skilled Manual
2666,6022,17021,"Reed, Nicole",Partial College,Skilled Manual
2667,6023,17022,"Morgan, Karen",Partial College,Skilled Manual
2668,6025,17024,"Diaz, Jacqueline",Partial College,Skilled Manual
2669,6029,17028,"Richardson, Grace",Partial College,Skilled Manual
2670,6030,17029,"Xu, Suzanne",Partial College,Skilled Manual
2671,6031,17030,"Russell, Emily",Partial College,Skilled Manual
2672,6032,17031,"Thomas, Grace",Bachelors,Professional
2673,6033,17032,"Flores, Alexandria",Bachelors,Professional
2674,6034,17033,"Long, Carson",Bachelors,Professional
2675,6036,17035,"Flores, Jordan",Bachelors,Professional
2676,6039,17038,"Wang, Ernest",Graduate Degree,Professional
2677,6040,17039,"Watson, Ariana",Bachelors,Professional
2678,6041,17040,"Henderson, Adam",Bachelors,Professional
2679,6042,17041,"Perry, Connor",Bachelors,Professional
2680,6083,17082,"Smith, Morgan",Partial College,Clerical
2681,6084,17083,"Raje, Priscilla",Partial College,Clerical
2682,6087,17086,"Anderson, Xavier",High School,Manual
2683,6090,17089,"Zhu, Crystal",Partial High School,Manual
2684,6091,17090,"Alvarez, Leslie",Partial High School,Manual
2685,6092,17091,"Patel, Tammy",Partial High School,Manual
2686,6093,17092,"Beck, Devon",Bachelors,Skilled Manual
2687,6094,17093,"Sanchez, Seth",Bachelors,Skilled Manual
2688,6097,17096,"Bennett, Samantha",Partial High School,Manual
2689,6101,17100,"Wang, Vincent",High School,Manual
2690,6103,17102,"Goel, Andres",High School,Manual
2691,6104,17103,"Xu, Franklin",Partial College,Clerical
2692,6105,17104,"Rodriguez, Clifford",Partial College,Clerical
2693,6108,17107,"Yuan, Priscilla",Partial High School,Manual
2694,6112,17111,"Chande, Jenny",Partial College,Clerical
2695,6114,17113,"Pal, Clarence",Partial College,Clerical
2696,6115,17114,"Mehta, Jarrod",Partial College,Clerical
2697,6119,17118,"Blue, Sara",Graduate Degree,Skilled Manual
2698,6121,17120,"Raje, Michele",Graduate Degree,Skilled Manual
2699,6122,17121,"Bryant, Lucas",Graduate Degree,Skilled Manual
2700,6123,17122,"Gonzalez, Gabrielle",Graduate Degree,Skilled Manual
2701,6124,17123,"Romero, Pedro",Bachelors,Skilled Manual
2702,6125,17124,"Madan, Kaitlin",Bachelors,Skilled Manual
2703,6128,17127,"Gray, Makayla",High School,Professional
2704,6129,17128,"Alexander, Fernando",High School,Professional
2705,6130,17129,"Powell, Gabrielle",High School,Professional
2706,6131,17130,"Turner, Janet",Bachelors,Management
2707,6132,17131,"Henderson, Lauren",Bachelors,Management
2708,6133,17132,"James, Isabella",Bachelors,Management
2709,6134,17133,"Kelly, Lucas",Bachelors,Management
2710,6135,17134,"Mehta, Tabitha",Bachelors,Management
2711,6136,17135,"Edwards, Richard",Bachelors,Management
2712,6137,17136,"Ye, Glenn",Bachelors,Management
2713,6138,17137,"Washington, Jason",Bachelors,Management
2714,6139,17138,"Jenkins, Melanie",Bachelors,Management
2715,6140,17139,"Rivera, Jade",Partial College,Professional
2716,6141,17140,"Peterson, Sean",Partial College,Professional
2717,6142,17141,"Rogers, Makayla",Partial College,Professional
2718,6143,17142,"Flores, Seth",Bachelors,Management
2719,6145,17144,"Griffin, Luis",Partial College,Professional
2720,6146,17145,"Bennett, Sarah",Partial College,Professional
2721,6147,17146,"Cook, Juan",Bachelors,Management
2722,6150,17149,"Richardson, Steven",Partial College,Professional
2723,6151,17150,"Wright, Wyatt",Partial College,Professional
2724,6152,17151,"Alexander, Jasmine",Partial College,Professional
2725,6159,17158,"Nara, Mitchell",Partial College,Professional
2726,6160,17159,"Ruiz, Kellie",Partial College,Professional
2727,6161,17160,"Andersen, Louis",Partial College,Professional
2728,6162,17161,"Lopez, Katherine",Partial College,Professional
2729,6163,17162,"Blue, Rachel",Partial College,Professional
2730,6164,17163,"Adams, Edward",Partial College,Professional
2731,6165,17164,"Clark, Ryan",Partial College,Professional
2732,6166,17165,"Gonzalez, Isaac",Partial College,Professional
2733,6167,17166,"Several, Joshua",High School,Professional
2734,6168,17167,"Jenkins, Thomas",High School,Professional
2735,6169,17168,"Perez, Jada",High School,Professional
2736,6170,17169,"Taylor, Emily",Partial College,Professional
2737,6171,17170,"James, Jasmine",Partial College,Professional
2738,6172,17171,"Clark, Katherine",Partial College,Professional
2739,6173,17172,"Adams, Jesse",Partial High School,Skilled Manual
2740,6174,17173,"Bryant, David",Partial High School,Skilled Manual
2741,6175,17174,"Wood, Angelica",Partial High School,Skilled Manual
2742,6177,17176,"Ward, Isaac",Partial High School,Skilled Manual
2743,6178,17177,"Hayes, Richard",High School,Professional
2744,6179,17178,"Liang, Trisha",High School,Professional
2745,6180,17179,"Henderson, James",High School,Professional
2746,6181,17180,"Rogers, Timothy",Partial College,Professional
2747,6182,17181,"Lal, Jenny",Bachelors,Management
2748,6184,17183,"Sanchez, Shane",Partial College,Professional
2749,6185,17184,"Dominguez, Eddie",Partial College,Professional
2750,6190,17189,"Goel, Clarence",Partial College,Professional
2751,6191,17190,"Rana, Ebony",Partial High School,Professional
2752,6192,17191,"Guo, Gilbert",Partial College,Professional
2753,6195,17194,"Thompson, Wyatt",Partial College,Professional
2754,6198,17197,"Nara, Mindy",Partial College,Professional
2755,6199,17198,"Jiménez, Cheryl",Partial College,Professional
2756,6200,17199,"Zhou, Dennis",High School,Professional
2757,6201,17200,"She, Russell",Partial College,Professional
2758,6202,17201,"Yang, Vincent",Partial College,Professional
2759,6209,17208,"Miller, Jacob",Partial College,Professional
2760,6210,17209,"James, Jacqueline",Partial College,Professional
2761,6211,17210,"Deng, Karl",Partial College,Professional
2762,6216,17215,"Bell, Juan",High School,Professional
2763,6218,17217,"Gill, Raquel",Partial College,Management
2764,6221,17220,"Wang, Glenn",High School,Management
2765,6222,17221,"Navarro, Ricky",High School,Management
2766,6225,17224,"Li, Mandy",Partial High School,Skilled Manual
2767,6261,17260,"King, Sean",Partial College,Professional
2768,6262,17261,"Shan, Kyle",Partial College,Skilled Manual
2769,6263,17262,"Martin, Kristy",Partial College,Skilled Manual
2770,6265,17264,"Smith, Ian",Graduate Degree,Professional
2771,6266,17265,"Flores, Grace",Graduate Degree,Professional
2772,6267,17266,"Hall, Elijah",Graduate Degree,Professional
2773,6268,17267,"Stewart, Abigail",Partial College,Skilled Manual
2774,6269,17268,"Hughes, Alyssa",Partial College,Skilled Manual
2775,6270,17269,"Russell, Kevin",Bachelors,Professional
2776,6271,17270,"Parker, Jack",Bachelors,Professional
2777,6272,17271,"Griffin, Sarah",Bachelors,Professional
2778,6273,17272,"Hernandez, Mary",Bachelors,Professional
2779,6274,17273,"Torres, Jonathon",Graduate Degree,Professional
2780,6275,17274,"Lu, Arturo",Graduate Degree,Professional
2781,6276,17275,"Sanders, Ian",Graduate Degree,Professional
2782,6277,17276,"Jenkins, Elijah",Graduate Degree,Management
2783,6336,17335,"Gonzales, Miguel",High School,Skilled Manual
2784,6337,17336,"Sanchez, Chase",High School,Skilled Manual
2785,6340,17339,"Hayes, Ian",High School,Skilled Manual
2786,6341,17340,"Hernandez, Joy",High School,Skilled Manual
2787,6342,17341,"Alonso, Andy",High School,Skilled Manual
2788,6343,17342,"Jones, William",Partial High School,Clerical
2789,6344,17343,"Price, Tristan",Partial High School,Clerical
2790,6345,17344,"Kelly, Timothy",High School,Skilled Manual
2791,6350,17349,"Kennedy, Cassie",High School,Skilled Manual
2792,6357,17356,"Evans, Mary",High School,Skilled Manual
2793,6358,17357,"Miller, Brandon",High School,Skilled Manual
2794,6359,17358,"Bell, Sydney",Partial College,Skilled Manual
2795,6360,17359,"Flores, María",High School,Skilled Manual
2796,6362,17361,"Harris, Blake",Partial College,Skilled Manual
2797,6363,17362,"Collins, Miguel",Bachelors,Management
2798,6364,17363,"Harris, Benjamin",Bachelors,Management
2799,6365,17364,"Perry, Ian",Bachelors,Management
2800,6366,17365,"Patterson, Thomas",Bachelors,Management
2801,6367,17366,"Harris, Devin",Bachelors,Management
2802,6368,17367,"Cooper, Trinity",Bachelors,Management
2803,6369,17368,"Xie, Alisha",Partial College,Skilled Manual
2804,6370,17369,"Brown, Ethan",Partial College,Skilled Manual
2805,6377,17376,"She, Jaclyn",Partial College,Skilled Manual
2806,6378,17377,"Wood, Isabel",Partial College,Skilled Manual
2807,6379,17378,"Foster, Zachary",Partial College,Skilled Manual
2808,6380,17379,"Morgan, Alexandra",Partial College,Skilled Manual
2809,6381,17380,"Adams, Nathan",Partial College,Skilled Manual
2810,6383,17382,"Allen, Blake",Graduate Degree,Skilled Manual
2811,6384,17383,"Ortega, Craig",Graduate Degree,Skilled Manual
2812,6385,17384,"Prasad, Raymond",Graduate Degree,Skilled Manual
2813,6387,17386,"Scott, Alexandra",Graduate Degree,Skilled Manual
2814,6390,17389,"Butler, Abigail",Bachelors,Skilled Manual
2815,6391,17390,"Lewis, Blake",Graduate Degree,Skilled Manual
2816,6392,17391,"Bennett, Angela",Partial College,Professional
2817,6393,17392,"Jones, Dylan",Partial College,Professional
2818,6394,17393,"Sharma, Jordan",Bachelors,Management
2819,6395,17394,"Mehta, Veronica",Graduate Degree,Management
2820,6396,17395,"Ramirez, Katherine",Graduate Degree,Management
2821,6397,17396,"Rodriguez, Eduardo",Graduate Degree,Management
2822,6398,17397,"Cook, Alexandra",Graduate Degree,Management
2823,6399,17398,"Lopez, Kaylee",Bachelors,Management
2824,6400,17399,"Sanchez, Ian",Bachelors,Management
2825,6402,17401,"Wright, Noah",Partial College,Professional
2826,6406,17405,"Wu, Tamara",Graduate Degree,Management
2827,6407,17406,"Flores, Mariah",Graduate Degree,Management
2828,6408,17407,"Bryant, Elizabeth",Graduate Degree,Management
2829,6409,17408,"Miller, Thomas",Graduate Degree,Management
2830,6413,17412,"Carter, Kaylee",Partial College,Professional
2831,6414,17413,"Ramirez, Hailey",Partial College,Professional
2832,6415,17414,"Garcia, Nicholas",Partial College,Professional
2833,6416,17415,"Beck, Dawn",Partial College,Professional
2834,6417,17416,"Suri, Raymond",Partial College,Professional
2835,6418,17417,"Munoz, Lee",Partial College,Professional
2836,6419,17418,"Ramirez, Victoria",Bachelors,Management
2837,6420,17419,"Reed, Brianna",Bachelors,Management
2838,6421,17420,"Hughes, Thomas",Bachelors,Management
2839,6422,17421,"Henderson, Katherine",Bachelors,Management
2840,6424,17423,"Alexander, Arianna",Partial College,Professional
2841,6425,17424,"Long, Spencer",Partial College,Professional
2842,6426,17425,"Washington, Austin",Partial College,Professional
2843,6427,17426,"Shan, Donna",Bachelors,Management
2844,6428,17427,"Russell, Adam",Partial College,Professional
2845,6429,17428,"Perez, Xavier",Bachelors,Management
2846,6430,17429,"Carter, Wyatt",Partial College,Professional
2847,6431,17430,"King, Edward",Partial College,Professional
2848,6432,17431,"Kelly, Grace",Partial College,Professional
2849,6433,17432,"Peterson, Mariah",High School,Professional
2850,6434,17433,"Lee, Cameron",Partial College,Professional
2851,6435,17434,"Russell, Alyssa",Partial College,Professional
2852,6436,17435,"Mitchell, Edward",Graduate Degree,Management
2853,6437,17436,"Ramirez, Evan",High School,Professional
2854,6438,17437,"Baker, Natalie",High School,Professional
2855,6439,17438,"Hughes, Marcus",High School,Professional
2856,6440,17439,"Butler, Jasmine",Partial College,Professional
2857,6441,17440,"Cox, Richard",Partial High School,Skilled Manual
2858,6442,17441,"Turner, Natalie",Partial High School,Skilled Manual
2859,6444,17443,"Shen, Kristin",Graduate Degree,Management
2860,6445,17444,"Cox, Bailey",Graduate Degree,Management
2861,6446,17445,"Hernandez, Natasha",Graduate Degree,Management
2862,6447,17446,"Rana, Pamela",Graduate Degree,Management
2863,6448,17447,"Lewis, Sydney",Graduate Degree,Management
2864,6449,17448,"Hayes, Zachary",Graduate Degree,Management
2865,6450,17449,"Adams, Jackson",Graduate Degree,Management
2866,6452,17451,"Wood, Isabelle",High School,Professional
2867,6453,17452,"Nath, Mitchell",High School,Professional
2868,6454,17453,"Reed, Hailey",High School,Professional
2869,6455,17454,"Perry, Edward",Partial College,Professional
2870,6456,17455,"Hayes, Dylan",Partial College,Professional
2871,6457,17456,"Wood, Trevor",Partial High School,Skilled Manual
2872,6458,17457,"Allen, Katherine",Partial High School,Skilled Manual
2873,6459,17458,"Collins, Jason",High School,Professional
2874,6460,17459,"Barnes, Cassidy",High School,Professional
2875,6461,17460,"Murphy, Megan",High School,Professional
2876,6462,17461,"Allen, Sara",High School,Professional
2877,6463,17462,"Rogers, Jesse",Graduate Degree,Management
2878,6464,17463,"Moore, Nicholas",Graduate Degree,Management
2879,6465,17464,"Rodriguez, Jeremy",Graduate Degree,Management
2880,6466,17465,"Stewart, Arianna",Partial College,Professional
2881,6467,17466,"Perez, Thomas",Graduate Degree,Management
2882,6468,17467,"Hayes, Wyatt",Graduate Degree,Management
2883,6470,17469,"Perez, Ian",Graduate Degree,Management
2884,6471,17470,"Carlson, Jaime",Graduate Degree,Management
2885,6472,17471,"James, Grace",Graduate Degree,Management
2886,6473,17472,"Torres, Meredith",Graduate Degree,Management
2887,6474,17473,"Blanco, Ebony",Graduate Degree,Management
2888,6475,17474,"King, Jose",Graduate Degree,Management
2889,6476,17475,"Green, Jackson",Graduate Degree,Management
2890,6478,17477,"Griffin, Miranda",Bachelors,Management
2891,6481,17480,"Gonzalez, Lucas",Partial College,Skilled Manual
2892,6486,17485,"Davis, Blake",Partial College,Skilled Manual
2893,6487,17486,"Foster, Marissa",Partial College,Skilled Manual
2894,6488,17487,"Green, Nathan",Partial College,Skilled Manual
2895,6489,17488,"Adams, Jason",Partial College,Skilled Manual
2896,6490,17489,"Evans, Jack",Partial College,Skilled Manual
2897,6491,17490,"Moore, Grace",Partial College,Skilled Manual
2898,6499,17498,"Martin, Daniel",Partial College,Skilled Manual
2899,6506,17505,"Mitchell, Hunter",High School,Skilled Manual
2900,6519,17518,"Gill, Wendy",Partial High School,Skilled Manual
2901,6521,17520,"Baker, Marcus",Partial College,Professional
2902,6522,17521,"Jenkins, Destiny",High School,Professional
2903,6524,17523,"West, Jordan",Graduate Degree,Management
2904,6525,17524,"Washington, Lucas",Graduate Degree,Management
2905,6526,17525,"Wright, Adam",Graduate Degree,Management
2906,6527,17526,"Gonzales, Tristan",High School,Professional
2907,6528,17527,"Cook, Anna",High School,Professional
2908,6529,17528,"Kapoor, Whitney",Partial College,Professional
2909,6530,17529,"Mitchell, Chloe",Partial College,Professional
2910,6531,17530,"Wood, Devin",High School,Professional
2911,6532,17531,"Ramirez, Isaac",High School,Professional
2912,6533,17532,"Patterson, Nathan",High School,Professional
2913,6534,17533,"Baker, Fernando",Partial College,Professional
2914,6535,17534,"Griffin, Robert",Partial College,Professional
2915,6536,17535,"Guo, Colleen",Partial College,Professional
2916,6537,17536,"Robinson, Benjamin",Bachelors,Management
2917,6538,17537,"Mitchell, Courtney",Graduate Degree,Management
2918,6539,17538,"Bell, Brianna",Graduate Degree,Management
2919,6541,17540,"Gutierrez, Gloria",High School,Skilled Manual
2920,6542,17541,"Zeng, Kristen",High School,Skilled Manual
2921,6545,17544,"Rogers, Eduardo",Partial College,Skilled Manual
2922,6546,17545,"Ross, Wyatt",Partial College,Skilled Manual
2923,6547,17546,"James, Melanie",Partial College,Skilled Manual
2924,6548,17547,"Yuan, Alejandro",High School,Skilled Manual
2925,6549,17548,"Adams, Kaylee",High School,Skilled Manual
2926,6550,17549,"Taylor, Jonathan",Graduate Degree,Management
2927,6551,17550,"Edwards, Mason",Graduate Degree,Management
2928,6553,17552,"Howard, Julia",Bachelors,Management
2929,6554,17553,"Sanchez, Summer",Bachelors,Management
2930,6555,17554,"Harris, Emma",Graduate Degree,Management
2931,6556,17555,"Smith, William",Bachelors,Management
2932,6557,17556,"Powell, Emily",Partial High School,Clerical
2933,6558,17557,"Davis, Matthew",Partial High School,Clerical
2934,6560,17559,"Suarez, Kari",High School,Professional
2935,6561,17560,"Richardson, Kaylee",Graduate Degree,Skilled Manual
2936,6562,17561,"White, Samantha",Graduate Degree,Skilled Manual
2937,6563,17562,"Sharma, Zachary",Graduate Degree,Professional
2938,6564,17563,"King, Jeremiah",Graduate Degree,Professional
2939,6565,17564,"West, Julia",Bachelors,Skilled Manual
2940,6566,17565,"Murphy, Alexandra",Bachelors,Skilled Manual
2941,6567,17566,"Martinez, Rachel",Bachelors,Skilled Manual
2942,6568,17567,"Cook, Nathaniel",Bachelors,Skilled Manual
2943,6569,17568,"Perry, Dylan",Bachelors,Skilled Manual
2944,6570,17569,"Price, Mya",Graduate Degree,Professional
2945,6571,17570,"Sanchez, Carlos",Graduate Degree,Professional
2946,6572,17571,"Li, James",Bachelors,Skilled Manual
2947,6573,17572,"Edwards, Lucas",Bachelors,Skilled Manual
2948,6574,17573,"Ross, Caroline",Bachelors,Skilled Manual
2949,6584,17583,"Cook, Stephanie",Bachelors,Skilled Manual
2950,6585,17584,"Liu, Lisa",Bachelors,Skilled Manual
2951,6588,17587,"Liang, Curtis",Graduate Degree,Professional
2952,6589,17588,"Bennett, Gavin",Graduate Degree,Professional
2953,6590,17589,"Brooks, Melanie",Graduate Degree,Professional
2954,6591,17590,"Cox, Garrett",Graduate Degree,Professional
2955,6592,17591,"Hughes, Spencer",Graduate Degree,Professional
2956,6593,17592,"Sanders, Bryan",Graduate Degree,Professional
2957,6594,17593,"Butler, Richard",Graduate Degree,Professional
2958,6595,17594,"Cook, Michelle",Graduate Degree,Professional
2959,6605,17604,"Robinson, Noah",Graduate Degree,Professional
2960,6606,17605,"Ma, Jon",Graduate Degree,Professional
2961,6607,17606,"Peterson, Jacqueline",Graduate Degree,Professional
2962,6608,17607,"Gonzalez, Frederick",Bachelors,Professional
2963,6609,17608,"Cooper, Carlos",Bachelors,Professional
2964,6610,17609,"Davis, Charles",Bachelors,Professional
2965,6611,17610,"White, Anna",Bachelors,Skilled Manual
2966,6612,17611,"Butler, Luis",Bachelors,Skilled Manual
2967,6613,17612,"Parker, Courtney",Bachelors,Skilled Manual
2968,6615,17614,"Cook, Mason",Graduate Degree,Professional
2969,6616,17615,"Long, Brittany",Bachelors,Professional
2970,6617,17616,"Weisman, Daniel",Bachelors,Skilled Manual
2971,6618,17617,"Simmons, Abigail",Bachelors,Skilled Manual
2972,6619,17618,"Liu, Ramon",Bachelors,Skilled Manual
2973,6621,17620,"Coleman, Miranda",Bachelors,Skilled Manual
2974,6622,17621,"Price, Brianna",Bachelors,Professional
2975,6624,17623,"Robinson, Austin",Bachelors,Professional
2976,6625,17624,"Alexander, Samantha",Bachelors,Professional
2977,6630,17629,"Torres, Tabitha",Partial High School,Manual
2978,6631,17630,"Zhang, Gilbert",Bachelors,Skilled Manual
2979,6632,17631,"He, Cara",Bachelors,Skilled Manual
2980,6636,17635,"Deng, Terry",High School,Manual
2981,6637,17636,"Srini, Ross",High School,Manual
2982,6638,17637,"Tang, Arturo",High School,Manual
2983,6641,17640,"Allen, Haley",High School,Manual
2984,6653,17652,"Vazquez, Javier",Graduate Degree,Skilled Manual
2985,6659,17658,"Howard, Jade",High School,Manual
2986,6660,17659,"Tang, Jodi",Graduate Degree,Skilled Manual
2987,6661,17660,"Young, Seth",Graduate Degree,Skilled Manual
2988,6662,17661,"Smith, Natalie",Partial College,Clerical
2989,6663,17662,"Washington, Jose",Partial College,Clerical
2990,6664,17663,"Hayes, Elizabeth",High School,Clerical
2991,6665,17664,"Robinson, Devin",High School,Clerical
2992,6666,17665,"Jenkins, Zachary",High School,Clerical
2993,6667,17666,"Torres, Steven",Partial College,Clerical
2994,6668,17667,"Rai, Jaime",Partial College,Clerical
2995,6669,17668,"Peterson, Eduardo",High School,Skilled Manual
2996,6670,17669,"Rivera, Olivia",High School,Skilled Manual
2997,6671,17670,"Alexander, Gabrielle",High School,Skilled Manual
2998,6672,17671,"Stewart, Emma",High School,Skilled Manual
2999,6673,17672,"Coleman, Thomas",High School,Skilled Manual
3000,6674,17673,"Scott, Amber",Partial College,Clerical
3001,6675,17674,"Wang, Kevin",High School,Skilled Manual
3002,6676,17675,"Li, Rosa",High School,Skilled Manual
3003,6677,17676,"Yang, Eugene",High School,Skilled Manual
3004,6678,17677,"Hernandez, Lawrence",Partial College,Clerical
3005,6679,17678,"Blanco, Julio",Partial College,Clerical
3006,6680,17679,"Mehta, Joe",Partial College,Clerical
3007,6682,17681,"Carter, Robert",Partial College,Clerical
3008,6683,17682,"Ramirez, Anna",Graduate Degree,Skilled Manual
3009,6684,17683,"Evans, Jenna",Graduate Degree,Skilled Manual
3010,6685,17684,"Gomez, Leslie",Graduate Degree,Skilled Manual
3011,6686,17685,"Torres, Diana",Graduate Degree,Skilled Manual
3012,6688,17687,"Turner, Miguel",Graduate Degree,Skilled Manual
3013,6689,17688,"Subram, Pedro",Graduate Degree,Skilled Manual
3014,6690,17689,"Young, Mary",Graduate Degree,Skilled Manual
3015,6691,17690,"Gonzalez, Jenna",Graduate Degree,Skilled Manual
3016,6693,17692,"Smith, Emily",Graduate Degree,Skilled Manual
3017,6694,17693,"Jenkins, Justin",Graduate Degree,Skilled Manual
3018,6695,17694,"Carter, Joan",Graduate Degree,Skilled Manual
3019,6696,17695,"Washington, Hunter",Graduate Degree,Skilled Manual
3020,6697,17696,"Simmons, Madison",Graduate Degree,Skilled Manual
3021,6698,17697,"Gray, Nathaniel",Graduate Degree,Skilled Manual
3022,6699,17698,"Butler, Xavier",Graduate Degree,Skilled Manual
3023,6700,17699,"Bell, Jesse",Graduate Degree,Skilled Manual
3024,6705,17704,"Moreno, Nelson",Graduate Degree,Manual
3025,6708,17707,"Deng, Mindy",Bachelors,Manual
3026,6719,17718,"Jai, Lindsay",Graduate Degree,Clerical
3027,6723,17722,"Serrano, Jerome",Partial College,Manual
3028,6739,17738,"Deng, Nicolas",Partial College,Manual
3029,6742,17741,"Xu, Alvin",Graduate Degree,Clerical
3030,6743,17742,"Romero, Randall",Graduate Degree,Clerical
3031,6746,17745,"Suarez, Tanya",Partial College,Manual
3032,6747,17746,"Nath, Cedric",Partial College,Manual
3033,6759,17758,"Gill, Linda",Partial College,Manual
3034,6762,17761,"Sai, Kristopher",Bachelors,Clerical
3035,6763,17762,"Rodriguez, Rachel",High School,Manual
3036,6765,17764,"Garcia, Terrance",Bachelors,Clerical
3037,6766,17765,"Zhang, Valerie",Bachelors,Clerical
3038,6769,17768,"Parker, Luis",Partial College,Manual
3039,6770,17769,"Martin, Nathan",Partial College,Manual
3040,6775,17774,"Gutierrez, Brandi",Partial College,Manual
3041,6778,17777,"Alvarez, Armando",Bachelors,Clerical
3042,6782,17781,"She, Jake",Graduate Degree,Clerical
3043,6784,17783,"Jai, Tracy",Partial High School,Manual
3044,6785,17784,"Patel, Mayra",Partial High School,Manual
3045,6789,17788,"Liu, Jeffery",High School,Manual
3046,6790,17789,"Dominguez, Kari",Bachelors,Clerical
3047,6792,17791,"Davis, Sydney",Bachelors,Clerical
3048,6797,17796,"Taylor, Eduardo",Partial High School,Manual
3049,6798,17797,"Martinez, Ebony",High School,Manual
3050,6800,17799,"Guo, Alejandro",High School,Manual
3051,6803,17802,"Arun, Erick",Partial High School,Manual
3052,6805,17804,"Torres, Melody",Partial High School,Manual
3053,6807,17806,"Kumar, Omar",High School,Manual
3054,6812,17811,"Hernandez, Stacy",Bachelors,Professional
3055,6818,17817,"Gutierrez, Felicia",Bachelors,Skilled Manual
3056,6819,17818,"Yuan, Dale",Bachelors,Skilled Manual
3057,6825,17824,"Pal, Mario",Partial College,Clerical
3058,6826,17825,"Li, Clayton",Bachelors,Skilled Manual
3059,6833,17832,"Sharma, Cameron",Partial College,Clerical
3060,6834,17833,"Suarez, Monique",Bachelors,Skilled Manual
3061,6838,17837,"Garcia, Mayra",Partial College,Clerical
3062,6846,17845,"Diaz, Ebony",Partial High School,Manual
3063,6848,17847,"Lee, Logan",Partial College,Clerical
3064,6849,17848,"Yuan, Jaime",Partial College,Clerical
3065,6852,17851,"Tang, Warren",Partial High School,Manual
3066,6853,17852,"Shan, Lindsey",Partial High School,Manual
3067,6854,17853,"Chen, Ernest",Partial High School,Manual
3068,6855,17854,"Gomez, Shannon",Partial College,Clerical
3069,6857,17856,"Rai, Roger",Partial High School,Manual
3070,6858,17857,"Cabello, Albert",Partial High School,Manual
3071,6860,17859,"Gonzalez, Wyatt",Partial College,Skilled Manual
3072,6861,17860,"Diaz, Noah",Partial College,Skilled Manual
3073,6863,17862,"Baker, Aaron",High School,Skilled Manual
3074,6864,17863,"Cooper, Bailey",Bachelors,Professional
3075,6865,17864,"Martinez, Emily",Partial College,Skilled Manual
3076,6867,17866,"Baker, Jack",Partial College,Skilled Manual
3077,6869,17868,"Blue, Richard",Graduate Degree,Professional
3078,6870,17869,"Mehta, Henry",Graduate Degree,Professional
3079,6871,17870,"Price, Melissa",Graduate Degree,Professional
3080,6872,17871,"Patterson, Sydney",Partial College,Skilled Manual
3081,6873,17872,"Miller, Robert",Graduate Degree,Skilled Manual
3082,6874,17873,"She, Alejandro",Graduate Degree,Manual
3083,6876,17875,"Anand, Tommy",Graduate Degree,Manual
3084,6877,17876,"Harris, Fernando",Graduate Degree,Manual
3085,6878,17877,"Blanco, Danny",Bachelors,Manual
3086,6894,17893,"Rai, Omar",Bachelors,Clerical
3087,6899,17898,"Sanz, Janet",Bachelors,Clerical
3088,6902,17901,"Tang, Keith",Partial College,Manual
3089,6903,17902,"Lopez, Ruth",Partial College,Manual
3090,6929,17928,"She, Terrence",Partial College,Manual
3091,6930,17929,"Rubio, Alfredo",Partial College,Manual
3092,6935,17934,"Gill, Nelson",Partial College,Manual
3093,6936,17935,"Jai, Misty",Partial College,Manual
3094,6941,17940,"Yuan, Tommy",Partial College,Manual
3095,6942,17941,"Jenkins, David",Partial College,Manual
3096,6943,17942,"Watson, Steven",Partial College,Manual
3097,6946,17945,"Rubio, Julio",Graduate Degree,Clerical
3098,6947,17946,"Washington, Jocelyn",Graduate Degree,Clerical
3099,6948,17947,"Srini, Erick",Graduate Degree,Clerical
3100,6953,17952,"Beck, Brendan",High School,Manual
3101,6956,17955,"Zhao, Ronnie",Partial College,Manual
3102,6964,17963,"Collins, Natalie",Bachelors,Clerical
3103,6965,17964,"Suri, Darren",Graduate Degree,Clerical
3104,6971,17970,"Martinez, Erick",High School,Manual
3105,6977,17976,"Carlson, Daisy",Graduate Degree,Clerical
3106,6981,17980,"Hughes, Paige",Bachelors,Clerical
3107,6984,17983,"Saunders, Carol",Bachelors,Clerical
3108,6985,17984,"Andersen, Barbara",Bachelors,Clerical
3109,6986,17985,"Sun, Cedric",Bachelors,Clerical
3110,6987,17986,"Malhotra, Monica",Bachelors,Clerical
3111,6990,17989,"Sun, Tiffany",High School,Manual
3112,6993,17992,"Ma, Sandra",Partial High School,Manual
3113,6994,17993,"Williams, Richard",High School,Manual
3114,6995,17994,"Xu, Bradley",High School,Manual
3115,6996,17995,"Jimenez, Sabrina",High School,Manual
3116,6999,17998,"Weber, Tammy",High School,Manual
3117,7002,18001,"Suri, Ross",High School,Manual
3118,7003,18002,"Navarro, Gina",Partial College,Manual
3119,7004,18003,"Chande, Edwin",Bachelors,Skilled Manual
3120,7006,18005,"Ramos, Renee",Bachelors,Professional
3121,7007,18006,"Chander, Franklin",Graduate Degree,Skilled Manual
3122,7018,18017,"Shan, Kurt",Partial College,Clerical
3123,7020,18019,"Raji, Yolanda",Bachelors,Skilled Manual
3124,7021,18020,"Ruiz, Armando",High School,Manual
3125,7023,18022,"Alvarez, Victor",High School,Manual
3126,7024,18023,"Raji, Terrence",High School,Manual
3127,7028,18027,"Griffin, Alexia",Partial College,Clerical
3128,7030,18029,"Malhotra, Carmen",Partial College,Clerical
3129,7032,18031,"Tang, Shawna",Partial High School,Manual
3130,7034,18033,"Patel, Evelyn",Partial College,Clerical
3131,7035,18034,"Robinson, Ethan",High School,Manual
3132,7036,18035,"Zhang, Karen",Partial High School,Manual
3133,7037,18036,"Sanchez, Bruce",Partial High School,Manual
3134,7046,18045,"Arun, Toni",Partial College,Clerical
3135,7048,18047,"Alvarez, Latasha",Partial College,Clerical
3136,7050,18049,"Watson, Patrick",High School,Skilled Manual
3137,7051,18050,"Cooper, Sara",Partial College,Skilled Manual
3138,7053,18052,"Young, Maria",Partial College,Skilled Manual
3139,7054,18053,"Smith, Stefanie",Bachelors,Professional
3140,7057,18056,"Price, Haley",Graduate Degree,Professional
3141,7058,18057,"Washington, Logan",Graduate Degree,Professional
3142,7059,18058,"Patterson, Riley",High School,Skilled Manual
3143,7060,18059,"Gonzalez, Bailey",Partial College,Skilled Manual
3144,7061,18060,"Carter, Sara",Partial College,Skilled Manual
3145,7062,18061,"Bailey, Jesse",High School,Professional
3146,7063,18062,"Anderson, Dylan",Bachelors,Management
3147,7064,18063,"Ward, Alexandria",Bachelors,Management
3148,7065,18064,"Rivera, Catherine",High School,Professional
3149,7067,18066,"He, Steve",Bachelors,Management
3150,7068,18067,"King, Jackson",Bachelors,Management
3151,7069,18068,"Walker, Ethan",Bachelors,Management
3152,7070,18069,"Hill, Elijah",Bachelors,Management
3153,7071,18070,"Martinez, Alyssa",Bachelors,Management
3154,7072,18071,"Campbell, Katelyn",Bachelors,Management
3155,7073,18072,"Perez, Maria",Bachelors,Management
3156,7074,18073,"Chen, Robert",Bachelors,Management
3157,7075,18074,"Hall, Julia",Partial College,Professional
3158,7076,18075,"Adams, Courtney",Partial College,Professional
3159,7077,18076,"Mehta, Andre",Partial College,Professional
3160,7080,18079,"Martin, Victoria",Bachelors,Management
3161,7081,18080,"Richardson, Paige",Bachelors,Management
3162,7083,18082,"Sanchez, Steven",Partial College,Professional
3163,7084,18083,"Agbonile, Osarumwense",Partial College,Professional
3164,7085,18084,"Diaz, Jessica",Partial College,Professional
3165,7086,18085,"Nath, Christy",Partial College,Professional
3166,7087,18086,"Zeng, Jaclyn",Partial College,Professional
3167,7088,18087,"Long, Marcus",Bachelors,Management
3168,7089,18088,"Stewart, Seth",Bachelors,Management
3169,7094,18093,"Johnson, Grace",Partial College,Professional
3170,7095,18094,"Alonso, Roy",Bachelors,Management
3171,7096,18095,"Campbell, Thomas",Bachelors,Management
3172,7097,18096,"Kelly, Ariana",Bachelors,Management
3173,7098,18097,"Stewart, Sydney",Partial College,Professional
3174,7099,18098,"Lee, Edward",High School,Professional
3175,7100,18099,"Edwards, Marcus",Partial College,Professional
3176,7101,18100,"Li, Kyle",Partial College,Professional
3177,7102,18101,"Turner, Bailey",Partial College,Professional
3178,7103,18102,"Lewis, Nicholas",Bachelors,Management
3179,7105,18104,"Coleman, Taylor",Partial College,Professional
3180,7106,18105,"Brooks, Destiny",Partial College,Professional
3181,7107,18106,"Alexander, Carson",Partial College,Professional
3182,7108,18107,"Liang, Laura",Partial College,Professional
3183,7109,18108,"Gao, Colin",Partial College,Professional
3184,7110,18109,"Campbell, Samuel",Partial College,Professional
3185,7111,18110,"Li, Austin",Partial College,Professional
3186,7112,18111,"Morris, Timothy",Partial College,Professional
3187,7113,18112,"Gonzalez, Sophia",Partial College,Professional
3188,7114,18113,"Simmons, Abigail",Partial College,Professional
3189,7115,18114,"Foster, Alexandria",Partial High School,Skilled Manual
3190,7116,18115,"Young, Richard",Partial High School,Skilled Manual
3191,7118,18117,"Washington, Fernando",High School,Professional
3192,7120,18119,"Nath, Shawn",High School,Professional
3193,7121,18120,"Martin, Isabella",High School,Professional
3194,7122,18121,"Young, Madeline",High School,Professional
3195,7124,18123,"Hughes, Emily",Partial College,Professional
3196,7125,18124,"Chander, Calvin",Bachelors,Management
3197,7126,18125,"Cai, Leah",Bachelors,Management
3198,7131,18130,"Mitchell, Kaitlyn",Partial College,Professional
3199,7134,18133,"Smith, Karen",High School,Professional
3200,7135,18134,"Romero, Melody",High School,Professional
3201,7140,18139,"Washington, Jennifer",Partial High School,Professional
3202,7141,18140,"White, Anthony",Partial College,Professional
3203,7146,18145,"So, David",Bachelors,Management
3204,7147,18146,"Wang, Eugene",Partial College,Professional
3205,7154,18153,"Gao, Karen",Bachelors,Management
3206,7155,18154,"She, Calvin",Bachelors,Management
3207,7158,18157,"Hall, Isabella",Partial College,Professional
3208,7165,18164,"Wang, Alisha",Bachelors,Management
3209,7168,18167,"Chander, Raul",High School,Professional
3210,7170,18169,"Liang, Alisha",High School,Professional
3211,7171,18170,"Perez, Adam",High School,Professional
3212,7172,18171,"Zeng, Alejandro",Partial College,Professional
3213,7177,18176,"Kumar, Bradley",Partial College,Management
3214,7181,18180,"Howard, Juan",High School,Management
3215,7183,18182,"Prasad, Kristi",Partial High School,Skilled Manual
3216,7184,18183,"Schmidt, Meagan",Partial High School,Skilled Manual
3217,7186,18185,"Huang, Laura",Partial High School,Professional
3218,7224,18223,"Clark, Noah",Partial College,Professional
3219,7225,18224,"Perry, Vanessa",Partial College,Professional
3220,7226,18225,"Jenkins, Paige",Partial College,Professional
3221,7227,18226,"Walker, Joseph",Partial College,Skilled Manual
3222,7228,18227,"Diaz, Miranda",Partial College,Skilled Manual
3223,7229,18228,"Parker, Adam",Partial College,Skilled Manual
3224,7230,18229,"Ward, Gabriella",Partial College,Skilled Manual
3225,7231,18230,"Perry, Brianna",Bachelors,Professional
3226,7232,18231,"Gutierrez, Janet",Graduate Degree,Professional
3227,7233,18232,"Edwards, Sophia",Partial College,Skilled Manual
3228,7234,18233,"Bailey, Mackenzie",Bachelors,Professional
3229,7235,18234,"Russell, Alexandria",Bachelors,Professional
3230,7236,18235,"Guo, Vincent",Graduate Degree,Professional
3231,7312,18311,"Mitchell, Jennifer",High School,Skilled Manual
3232,7313,18312,"Moore, Miguel",High School,Skilled Manual
3233,7314,18313,"Foster, Arianna",High School,Skilled Manual
3234,7316,18315,"Dominguez, Melody",High School,Skilled Manual
3235,7317,18316,"Kumar, Justin",High School,Skilled Manual
3236,7319,18318,"Hughes, Benjamin",High School,Skilled Manual
3237,7322,18321,"Cook, Sebastian",Partial High School,Clerical
3238,7324,18323,"Clark, Jeremy",High School,Skilled Manual
3239,7328,18327,"Sharma, Jon",Partial High School,Clerical
3240,7329,18328,"Rai, Alvin",High School,Skilled Manual
3241,7340,18339,"Nath, Donna",Partial College,Skilled Manual
3242,7341,18340,"Cooper, Arianna",Partial College,Skilled Manual
3243,7342,18341,"Goel, Russell",Partial College,Skilled Manual
3244,7343,18342,"James, Victoria",Partial College,Skilled Manual
3245,7344,18343,"Green, Dalton",Partial College,Skilled Manual
3246,7345,18344,"Turner, Caleb",Partial College,Skilled Manual
3247,7347,18346,"Flores, Anna",Partial College,Skilled Manual
3248,7348,18347,"Clark, Alyssa",Partial College,Skilled Manual
3249,7349,18348,"Roberts, Katelyn",Partial College,Skilled Manual
3250,7350,18349,"Robinson, Jacob",Partial College,Skilled Manual
3251,7351,18350,"Ross, Emma",Partial College,Skilled Manual
3252,7352,18351,"Smith, Alexander",Partial College,Skilled Manual
3253,7353,18352,"Thomas, Noah",Bachelors,Management
3254,7354,18353,"Anderson, Robert",Bachelors,Management
3255,7355,18354,"Nara, Alvin",Graduate Degree,Management
3256,7358,18357,"Reed, Trinity",Bachelors,Management
3257,7359,18358,"Coleman, Oscar",Partial College,Skilled Manual
3258,7360,18359,"Bryant, Alexandria",Partial College,Skilled Manual
3259,7361,18360,"Li, Eric",Partial College,Skilled Manual
3260,7362,18361,"Simmons, Marcus",Partial College,Skilled Manual
3261,7365,18364,"Gray, Eduardo",Partial College,Skilled Manual
3262,7366,18365,"Lewis, Daniel",Partial College,Skilled Manual
3263,7367,18366,"Richardson, Alexandria",Partial College,Skilled Manual
3264,7370,18369,"He, Mandy",Graduate Degree,Skilled Manual
3265,7371,18370,"Flores, Tristan",Graduate Degree,Skilled Manual
3266,7372,18371,"Morgan, Jessica",Graduate Degree,Skilled Manual
3267,7374,18373,"Roberts, Stephanie",Bachelors,Skilled Manual
3268,7375,18374,"King, Logan",Partial College,Professional
3269,7376,18375,"Morris, Michelle",Bachelors,Management
3270,7377,18376,"Diaz, Abigail",Partial College,Professional
3271,7379,18378,"Foster, Dalton",Partial College,Professional
3272,7381,18380,"Kelly, Kaitlyn",Partial College,Professional
3273,7382,18381,"Ward, Katherine",Partial College,Professional
3274,7384,18383,"Torres, Natalie",Partial College,Professional
3275,7385,18384,"Williams, Nicole",Partial College,Professional
3276,7386,18385,"Gonzalez, Miguel",Bachelors,Management
3277,7387,18386,"Shan, Kevin",Partial College,Professional
3278,7388,18387,"Green, Carlos",Bachelors,Management
3279,7389,18388,"Russell, Julia",Bachelors,Management
3280,7394,18393,"Ross, Angela",Partial College,Professional
3281,7395,18394,"Wright, Sean",Partial College,Professional
3282,7397,18396,"Parker, Luke",Partial College,Professional
3283,7398,18397,"Anand, Louis",Partial College,Professional
3284,7399,18398,"Sanchez, Geoffrey",Bachelors,Management
3285,7400,18399,"Torres, Sara",Partial College,Professional
3286,7401,18400,"Jackson, Jeremiah",High School,Professional
3287,7403,18402,"Kelly, Kimberly",Partial College,Professional
3288,7404,18403,"Phillips, Madeline",Partial College,Professional
3289,7406,18405,"Gutierrez, Sheila",Bachelors,Management
3290,7407,18406,"Ross, Zachary",Bachelors,Management
3291,7411,18410,"Davis, Joshua",High School,Professional
3292,7413,18412,"Parker, Mary",High School,Professional
3293,7414,18413,"Jackson, Samuel",Partial College,Professional
3294,7415,18414,"Griffin, Gabrielle",Partial College,Professional
3295,7416,18415,"Mehta, Summer",Graduate Degree,Management
3296,7417,18416,"Peterson, Emma",Partial College,Professional
3297,7418,18417,"Roberts, Jonathan",Partial College,Professional
3298,7419,18418,"Sun, Dawn",Partial College,Professional
3299,7420,18419,"Johnson, Rachel",High School,Professional
3300,7421,18420,"Stewart, Riley",Partial College,Professional
3301,7422,18421,"Morgan, Megan",Graduate Degree,Management
3302,7423,18422,"Jones, Taylor",Bachelors,Management
3303,7424,18423,"Jones, Christian",Partial High School,Skilled Manual
3304,7425,18424,"Williams, Samuel",High School,Professional
3305,7426,18425,"Brooks, Garrett",High School,Professional
3306,7427,18426,"Gonzales, Luke",Graduate Degree,Management
3307,7428,18427,"Diaz, Justin",Graduate Degree,Management
3308,7429,18428,"Henderson, Alexis",Graduate Degree,Management
3309,7430,18429,"Gonzales, Faith",Graduate Degree,Management
3310,7431,18430,"Morgan, Victoria",Partial College,Professional
3311,7432,18431,"Hayes, Cameron",Partial College,Professional
3312,7433,18432,"Lopez, Jordan",Graduate Degree,Management
3313,7435,18434,"Stone, Clayton",Graduate Degree,Management
3314,7436,18435,"Phillips, Maria",Graduate Degree,Management
3315,7437,18436,"Johnson, Richard",Graduate Degree,Management
3316,7438,18437,"Butler, Isabella",Graduate Degree,Management
3317,7439,18438,"Sanz, Sheila",Graduate Degree,Management
3318,7440,18439,"Coleman, Angela",Graduate Degree,Management
3319,7441,18440,"Ashe, Joe",Graduate Degree,Management
3320,7442,18441,"Munoz, Tabitha",Graduate Degree,Management
3321,7443,18442,"Hill, Mason",Graduate Degree,Management
3322,7449,18448,"Bailey, Jennifer",Partial College,Skilled Manual
3323,7454,18453,"Patterson, Caroline",Partial College,Skilled Manual
3324,7455,18454,"Perez, George",Partial College,Skilled Manual
3325,7456,18455,"Wu, Alejandro",Partial College,Skilled Manual
3326,7457,18456,"Bailey, Timothy",Partial College,Skilled Manual
3327,7460,18459,"Sai, Toni",Partial College,Skilled Manual
3328,7461,18460,"Butler, Faith",Partial College,Skilled Manual
3329,7472,18471,"Stewart, Paige",Partial College,Skilled Manual
3330,7473,18472,"Ross, Hannah",High School,Skilled Manual
3331,7476,18475,"Brown, Natalie",High School,Skilled Manual
3332,7477,18476,"Rogers, Brooke",High School,Skilled Manual
3333,7504,18503,"Peterson, Timothy",Bachelors,Management
3334,7516,18515,"Patterson, Gabrielle",Partial College,Professional
3335,7517,18516,"Brooks, Juan",Graduate Degree,Management
3336,7518,18517,"Diaz, Tristan",Bachelors,Management
3337,7519,18518,"Scott, Stephanie",Bachelors,Management
3338,7520,18519,"Cook, Alex",Partial College,Professional
3339,7521,18520,"Huang, Rafael",Bachelors,Management
3340,7522,18521,"Rowe, Meghan",Bachelors,Management
3341,7523,18522,"Smith, Jeremiah",Graduate Degree,Management
3342,7527,18526,"Hernandez, Kevin",Bachelors,Professional
3343,7528,18527,"Baker, Jonathan",Partial College,Skilled Manual
3344,7529,18528,"Rodriguez, John",Partial College,Skilled Manual
3345,7530,18529,"Castro, Albert",High School,Skilled Manual
3346,7539,18538,"Mitchell, Ian",Bachelors,Management
3347,7540,18539,"Russell, Riley",Bachelors,Management
3348,7541,18540,"Perry, Victoria",Bachelors,Management
3349,7543,18542,"She, Dustin",Bachelors,Management
3350,7582,18581,"Dominguez, Melinda",Graduate Degree,Professional
3351,7583,18582,"Morgan, Bryan",Graduate Degree,Professional
3352,7584,18583,"Kumar, Luis",Graduate Degree,Professional
3353,7585,18584,"Evans, Haley",Graduate Degree,Professional
3354,7586,18585,"Blue, Katherine",Graduate Degree,Professional
3355,7587,18586,"Patterson, Benjamin",Graduate Degree,Professional
3356,7588,18587,"Arun, Monica",Bachelors,Professional
3357,7589,18588,"Rogers, Isabella",Bachelors,Professional
3358,7590,18589,"Stewart, Anna",Bachelors,Professional
3359,7616,18615,"Peterson, Charles",Bachelors,Professional
3360,7617,18616,"Butler, Spencer",Graduate Degree,Professional
3361,7620,18619,"Mehta, Dominic",Bachelors,Skilled Manual
3362,7627,18626,"Pal, Tony",Partial College,Clerical
3363,7636,18635,"Martinez, Toni",Partial College,Clerical
3364,7637,18636,"Chapman, Edgar",Partial College,Clerical
3365,7639,18638,"Thompson, Alyssa",Partial College,Clerical
3366,7640,18639,"Scott, Maria",Partial College,Clerical
3367,7641,18640,"James, Isaac",Graduate Degree,Skilled Manual
3368,7644,18643,"Thomas, Joshua",Graduate Degree,Professional
3369,7646,18645,"Bryant, Jordan",Graduate Degree,Skilled Manual
3370,7647,18646,"Adams, Blake",Graduate Degree,Skilled Manual
3371,7648,18647,"Huang, Christy",High School,Manual
3372,7649,18648,"Torres, Hailey",High School,Clerical
3373,7650,18649,"Patterson, Jackson",High School,Clerical
3374,7651,18650,"Flores, Kyle",High School,Clerical
3375,7652,18651,"Mitchell, Isaiah",High School,Clerical
3376,7653,18652,"Diaz, Meredith",High School,Clerical
3377,7654,18653,"Madan, Emmanuel",High School,Clerical
3378,7655,18654,"Lopez, Thomas",Partial College,Clerical
3379,7656,18655,"Diaz, Eric",Partial College,Clerical
3380,7657,18656,"Clark, Charles",High School,Skilled Manual
3381,7658,18657,"Morgan, Alex",High School,Skilled Manual
3382,7659,18658,"Turner, Dalton",High School,Skilled Manual
3383,7660,18659,"Thompson, Jasmine",Partial College,Clerical
3384,7661,18660,"Anand, Cristina",Partial College,Clerical
3385,7662,18661,"Walker, Daniel",High School,Skilled Manual
3386,7663,18662,"Sharma, Kyle",High School,Skilled Manual
3387,7664,18663,"Flores, Jason",High School,Skilled Manual
3388,7665,18664,"Long, Robert",High School,Skilled Manual
3389,7666,18665,"Brooks, Olivia",High School,Skilled Manual
3390,7667,18666,"Henderson, Jordyn",High School,Skilled Manual
3391,7668,18667,"Ma, Kelli",High School,Skilled Manual
3392,7669,18668,"Sanders, Brian",High School,Skilled Manual
3393,7670,18669,"Griffin, Adam",Partial College,Clerical
3394,7671,18670,"Bryant, Melanie",Partial College,Clerical
3395,7672,18671,"Kelly, Melanie",Graduate Degree,Skilled Manual
3396,7673,18672,"Lewis, Anthony",Graduate Degree,Skilled Manual
3397,7674,18673,"Green, James",Graduate Degree,Skilled Manual
3398,7676,18675,"Martin, Abigail",Graduate Degree,Skilled Manual
3399,7677,18676,"Young, Jesse",Graduate Degree,Skilled Manual
3400,7679,18678,"Watson, Sean",Graduate Degree,Skilled Manual
3401,7680,18679,"Wood, Seth",Graduate Degree,Skilled Manual
3402,7681,18680,"Shan, David",Graduate Degree,Skilled Manual
3403,7682,18681,"Griffin, Jacqueline",Graduate Degree,Skilled Manual
3404,7683,18682,"Bennett, Emily",Graduate Degree,Skilled Manual
3405,7684,18683,"Walker, Robert",Graduate Degree,Skilled Manual
3406,7685,18684,"Watson, Makayla",Graduate Degree,Skilled Manual
3407,7688,18687,"Smith, Olivia",Graduate Degree,Skilled Manual
3408,7689,18688,"Barnes, Antonio",Graduate Degree,Professional
3409,7690,18689,"Miller, Miguel",Graduate Degree,Professional
3410,7691,18690,"Rivera, Carlos",Bachelors,Professional
3411,7751,18750,"Perry, Alexandra",High School,Skilled Manual
3412,7752,18751,"Schmidt, Kari",High School,Skilled Manual
3413,7753,18752,"Walker, Samantha",High School,Skilled Manual
3414,7754,18753,"Moore, James",High School,Skilled Manual
3415,7755,18754,"Mitchell, Isabella",High School,Skilled Manual
3416,7758,18757,"Srini, Frederick",High School,Skilled Manual
3417,7761,18760,"Wood, Morgan",Partial High School,Clerical
3418,7762,18761,"Wright, Luis",Partial High School,Clerical
3419,7763,18762,"Wilson, Arthur",High School,Skilled Manual
3420,7765,18764,"Scott, Natalie",High School,Skilled Manual
3421,7766,18765,"Shan, Noah",High School,Skilled Manual
3422,7771,18770,"Hernandez, Aaron",Partial College,Skilled Manual
3423,7772,18771,"Green, Robert",Partial College,Skilled Manual
3424,7773,18772,"Hill, Julia",Partial College,Skilled Manual
3425,7774,18773,"Price, Cassidy",Partial College,Skilled Manual
3426,7775,18774,"Flores, Justin",Partial College,Skilled Manual
3427,7776,18775,"Bell, Andrea",High School,Skilled Manual
3428,7777,18776,"Allen, Connor",Partial College,Skilled Manual
3429,7778,18777,"Clark, Richard",Partial College,Skilled Manual
3430,7779,18778,"Washington, Miguel",Partial College,Skilled Manual
3431,7780,18779,"Hill, Jose",Partial College,Skilled Manual
3432,7781,18780,"Carter, Evan",Partial College,Skilled Manual
3433,7782,18781,"Lewis, Hunter",Bachelors,Management
3434,7783,18782,"Reed, Patrick",Bachelors,Management
3435,7784,18783,"Martin, Michael",Bachelors,Management
3436,7785,18784,"Brooks, Trinity",Bachelors,Management
3437,7787,18786,"Chande, Dustin",Bachelors,Management
3438,7788,18787,"Wood, Mya",Bachelors,Management
3439,7790,18789,"Robinson, Seth",Graduate Degree,Management
3440,7791,18790,"Martin, Julia",High School,Skilled Manual
3441,7792,18791,"Blue, Megan",High School,Skilled Manual
3442,7793,18792,"Peterson, Gabriella",High School,Skilled Manual
3443,7795,18794,"Davis, Andrew",Partial College,Skilled Manual
3444,7798,18797,"Murphy, Evan",Partial College,Skilled Manual
3445,7799,18798,"Allen, Andrea",Partial College,Skilled Manual
3446,7800,18799,"Lewis, Jacob",Graduate Degree,Skilled Manual
3447,7801,18800,"Phillips, Jennifer",Graduate Degree,Skilled Manual
3448,7802,18801,"Yuan, Dawn",Graduate Degree,Skilled Manual
3449,7803,18802,"Shen, Mario",Graduate Degree,Skilled Manual
3450,7804,18803,"Zheng, Cedric",Graduate Degree,Skilled Manual
3451,7805,18804,"Gonzales, Aaron",Graduate Degree,Skilled Manual
3452,7806,18805,"Simpson, Tracy",Bachelors,Skilled Manual
3453,7807,18806,"Torres, Kaitlyn",Bachelors,Skilled Manual
3454,7808,18807,"Bennett, Spencer",Graduate Degree,Management
3455,7809,18808,"Perez, Gabrielle",Partial College,Professional
3456,7810,18809,"King, Jason",Partial College,Professional
3457,7811,18810,"Dominguez, Casey",Graduate Degree,Management
3458,7814,18813,"Hernandez, Kristy",Partial College,Professional
3459,7815,18814,"Adams, Evan",Partial College,Professional
3460,7816,18815,"Rogers, Abigail",Partial College,Professional
3461,7817,18816,"Smith, Taylor",Partial College,Professional
3462,7818,18817,"Russell, Brittany",Partial College,Professional
3463,7819,18818,"Torres, Lucas",Bachelors,Management
3464,7820,18819,"Bennett, Miranda",Bachelors,Management
3465,7821,18820,"Cook, Alexandria",Bachelors,Management
3466,7823,18822,"Ferrier, Gregory",Partial College,Professional
3467,7824,18823,"Xu, Russell",Bachelors,Management
3468,7825,18824,"Collins, Elijah",High School,Professional
3469,7826,18825,"Smith, Brandon",Bachelors,Management
3470,7828,18827,"Raman, Carmen",Partial College,Professional
3471,7829,18828,"Wright, Morgan",Partial College,Professional
3472,7830,18829,"Simmons, Jackson",Partial College,Professional
3473,7831,18830,"Ortega, Kristine",Bachelors,Management
3474,7832,18831,"Hernandez, Andy",Bachelors,Management
3475,7833,18832,"Jackson, Dylan",Bachelors,Management
3476,7834,18833,"Baker, Morgan",High School,Professional
3477,7851,18850,"Hughes, Ethan",Bachelors,Management
3478,7861,18860,"Foster, Sydney",High School,Professional
3479,7862,18861,"Wood, Ashley",High School,Professional
3480,7863,18862,"Zhang, Luke",High School,Professional
3481,7864,18863,"Scott, Charles",High School,Professional
3482,7865,18864,"Long, Elijah",High School,Professional
3483,7866,18865,"Hayes, Ashley",Graduate Degree,Management
3484,7867,18866,"Scott, Miguel",Graduate Degree,Management
3485,7868,18867,"Perry, Thomas",Partial College,Professional
3486,7869,18868,"Long, Adam",Partial College,Professional
3487,7870,18869,"Flores, Ashley",Partial College,Professional
3488,7871,18870,"Barnes, Ana",Partial College,Professional
3489,7873,18872,"Severino, Miguel",Graduate Degree,Management
3490,7874,18873,"Rodriguez, Austin",Graduate Degree,Management
3491,7875,18874,"Green, Julia",Graduate Degree,Management
3492,7877,18876,"Chen, Luke",Graduate Degree,Management
3493,7878,18877,"Hall, Evan",Graduate Degree,Management
3494,7879,18878,"Ramos, Mallory",Bachelors,Management
3495,7880,18879,"Morgan, Garrett",Bachelors,Management
3496,7881,18880,"Sanchez, Jarrod",Graduate Degree,Management
3497,7882,18881,"James, Kimberly",Graduate Degree,Management
3498,7887,18886,"McDonald, Donald",Partial High School,Clerical
3499,7888,18887,"Hernandez, Kari",Partial High School,Clerical
3500,7889,18888,"Powell, Devin",Partial College,Skilled Manual
3501,7890,18889,"Murphy, Katelyn",Partial College,Skilled Manual
3502,7891,18890,"Blue, Lauren",Partial College,Skilled Manual
3503,7892,18891,"James, Megan",Partial College,Skilled Manual
3504,7893,18892,"Howard, Chase",Partial College,Skilled Manual
3505,7894,18893,"White, Devin",Partial College,Skilled Manual
3506,7895,18894,"Allen, Eric",Partial College,Skilled Manual
3507,7905,18904,"Thomas, Emma",Partial College,Skilled Manual
3508,7906,18905,"Adams, Samuel",Partial College,Skilled Manual
3509,7911,18910,"Perez, Marco",Partial College,Skilled Manual
3510,7912,18911,"McDonald, Elijah",High School,Skilled Manual
3511,7913,18912,"Williams, Tyler",High School,Skilled Manual
3512,7914,18913,"Stewart, Jesse",High School,Skilled Manual
3513,7915,18914,"Ruiz, Felicia",High School,Skilled Manual
3514,7916,18915,"Gonzalez, Sydney",High School,Skilled Manual
3515,7917,18916,"Moore, Christian",High School,Skilled Manual
3516,7918,18917,"Nelson, Jonathan",High School,Skilled Manual
3517,7919,18918,"Ross, Jacqueline",Partial College,Skilled Manual
3518,7921,18920,"Young, Jonathan",Partial College,Skilled Manual
3519,7922,18921,"Bailey, Rachel",Partial College,Skilled Manual
3520,7924,18923,"Kapoor, Cassandra",Partial College,Professional
3521,7925,18924,"Williams, Rachel",Partial College,Professional
3522,7934,18933,"Huang, Kelli",Partial High School,Skilled Manual
3523,7935,18934,"Moore, Jeremiah",Partial College,Professional
3524,7936,18935,"Jenkins, Jasmine",Graduate Degree,Management
3525,7937,18936,"Collins, Morgan",Graduate Degree,Management
3526,7938,18937,"Reed, Ian",Partial High School,Skilled Manual
3527,7939,18938,"Lopez, Lucas",Partial High School,Skilled Manual
3528,7940,18939,"McDonald, Hunter",Partial High School,Skilled Manual
3529,7941,18940,"Bell, Seth",Partial High School,Skilled Manual
3530,7942,18941,"Torres, Philip",Partial College,Professional
3531,7943,18942,"Ortega, Billy",Partial College,Professional
3532,7944,18943,"Hall, Kaitlyn",Partial College,Professional
3533,7946,18945,"Cox, Marcus",High School,Professional
3534,7947,18946,"Simmons, Brandon",High School,Professional
3535,7948,18947,"Bryant, Devin",Partial College,Professional
3536,7949,18948,"Bailey, Sydney",Partial College,Professional
3537,7950,18949,"Hall, Jackson",Graduate Degree,Management
3538,7953,18952,"Hernandez, Chloe",Bachelors,Management
3539,7954,18953,"Patterson, Mya",Bachelors,Management
3540,7955,18954,"Young, Dalton",Bachelors,Management
3541,7956,18955,"Jones, Justin",High School,Skilled Manual
3542,7957,18956,"Howard, Sara",Bachelors,Professional
3543,7958,18957,"Lopez, Mackenzie",Bachelors,Professional
3544,7959,18958,"Sanchez, Natalie",Bachelors,Professional
3545,7961,18960,"Johnson, Marcus",Bachelors,Professional
3546,7963,18962,"Parker, Seth",Partial College,Skilled Manual
3547,7964,18963,"Collins, Amber",Partial College,Skilled Manual
3548,7965,18964,"Gonzalez, Thomas",High School,Skilled Manual
3549,7966,18965,"Turner, Richard",High School,Skilled Manual
3550,7967,18966,"Rai, Carly",Bachelors,Management
3551,7968,18967,"Clark, Xavier",Graduate Degree,Management
3552,7970,18969,"Cox, Anna",Graduate Degree,Management
3553,7971,18970,"Roberts, Jason",Graduate Degree,Management
3554,7974,18973,"Yuan, Kate",Bachelors,Management
3555,7975,18974,"Rodriguez, James",Bachelors,Management
3556,7976,18975,"Bryant, Samuel",Partial High School,Clerical
3557,7977,18976,"Howard, Garrett",High School,Professional
3558,7978,18977,"Wang, Jackson",High School,Professional
3559,7980,18979,"Taylor, Noah",High School,Professional
3560,7981,18980,"Hernandez, Sophia",High School,Professional
3561,7982,18981,"Watson, Savannah",Bachelors,Management
3562,7983,18982,"Baker, Kyle",High School,Professional
3563,7984,18983,"Price, Destiny",High School,Professional
3564,7985,18984,"Rivera, Shelby",Bachelors,Management
3565,8013,19012,"Bryant, Oscar",Bachelors,Management
3566,8014,19013,"Phillips, Amanda",Bachelors,Management
3567,8017,19016,"Wright, Sierra",Partial College,Professional
3568,8018,19017,"Brooks, Zoe",Partial College,Professional
3569,8019,19018,"Gray, Nicole",Partial College,Professional
3570,8020,19019,"Gonzales, Jackson",Partial College,Professional
3571,8021,19020,"Flores, Jack",Partial High School,Skilled Manual
3572,8022,19021,"Russell, Melissa",Partial High School,Skilled Manual
3573,8023,19022,"Wood, Samantha",Partial High School,Skilled Manual
3574,8024,19023,"Powell, Arianna",Partial High School,Skilled Manual
3575,8025,19024,"Russell, Dalton",Partial High School,Skilled Manual
3576,8026,19025,"Roberts, Aaron",Partial College,Professional
3577,8030,19029,"Andersen, Alicia",High School,Professional
3578,8031,19030,"Arun, Marco",Partial College,Professional
3579,8035,19034,"Diaz, Tabitha",High School,Professional
3580,8036,19035,"Schmidt, Stanley",High School,Professional
3581,8039,19038,"Patel, Joe",Partial College,Professional
3582,8041,19040,"Sun, Eugene",Bachelors,Management
3583,8043,19042,"Cai, Ronnie",Partial College,Professional
3584,8044,19043,"Jones, Jessica",Graduate Degree,Management
3585,8047,19046,"Raje, Shawna",Bachelors,Management
3586,8054,19053,"Jordan, Gerald",Partial College,Professional
3587,8058,19057,"Ramos, Joanna",Bachelors,Management
3588,8065,19064,"Madan, Veronica",High School,Professional
3589,8066,19065,"Arun, Michele",Partial College,Professional
3590,8068,19067,"Luo, Misty",High School,Professional
3591,8069,19068,"Son, Alma",Partial College,Professional
3592,8082,19081,"Rubio, Leslie",Partial High School,Professional
3593,8108,19107,"Liu, Franklin",Partial College,Professional
3594,8109,19108,"Stewart, Haley",Graduate Degree,Skilled Manual
3595,8110,19109,"Brooks, Jade",Graduate Degree,Professional
3596,8111,19110,"Kelly, Jesse",Graduate Degree,Professional
3597,8112,19111,"Kelly, Mariah",Graduate Degree,Professional
3598,8113,19112,"Hughes, Victoria",Bachelors,Skilled Manual
3599,8115,19114,"Richardson, Natalie",Bachelors,Skilled Manual
3600,8116,19115,"Sanchez, Bailey",Bachelors,Skilled Manual
3601,8118,19117,"Coleman, Kaitlyn",Graduate Degree,Professional
3602,8120,19119,"Simmons, Connor",Graduate Degree,Professional
3603,8121,19120,"Sharma, Caleb",Graduate Degree,Professional
3604,8122,19121,"Blue, Kaitlyn",Graduate Degree,Professional
3605,8123,19122,"Hughes, Abigail",Graduate Degree,Professional
3606,8125,19124,"Bailey, Cody",Graduate Degree,Professional
3607,8126,19125,"Russell, Cameron",Bachelors,Professional
3608,8127,19126,"Kapoor, Kristopher",Graduate Degree,Professional
3609,8128,19127,"Sanchez, Alexa",Graduate Degree,Professional
3610,8129,19128,"Jackson, Madison",Graduate Degree,Professional
3611,8130,19129,"Simmons, Carson",Graduate Degree,Professional
3612,8131,19130,"Baker, Madeline",Graduate Degree,Professional
3613,8132,19131,"Blue, Mason",Bachelors,Professional
3614,8133,19132,"Washington, Benjamin",Bachelors,Skilled Manual
3615,8134,19133,"Martinez, Logan",Bachelors,Skilled Manual
3616,8135,19134,"Allen, Sierra",Bachelors,Skilled Manual
3617,8136,19135,"Brown, Logan",Graduate Degree,Professional
3618,8137,19136,"Cook, Richard",Graduate Degree,Professional
3619,8138,19137,"Russell, Eric",Graduate Degree,Professional
3620,8139,19138,"Coleman, Eric",Graduate Degree,Professional
3621,8140,19139,"Simmons, Oscar",Graduate Degree,Professional
3622,8141,19140,"Rogers, Melanie",Graduate Degree,Professional
3623,8142,19141,"Martinez, Samuel",Graduate Degree,Professional
3624,8143,19142,"Washington, Dalton",Graduate Degree,Professional
3625,8144,19143,"Long, Lauren",Bachelors,Skilled Manual
3626,8145,19144,"He, Edwin",Bachelors,Skilled Manual
3627,8146,19145,"Malhotra, Adriana",Bachelors,Skilled Manual
3628,8147,19146,"Morgan, Mariah",Graduate Degree,Professional
3629,8149,19148,"Ramirez, Cody",Bachelors,Professional
3630,8150,19149,"Parker, Sean",Bachelors,Professional
3631,8152,19151,"Cooper, Ian",Bachelors,Skilled Manual
3632,8153,19152,"Walker, Jonathan",Bachelors,Skilled Manual
3633,8154,19153,"Griffin, Dylan",Bachelors,Skilled Manual
3634,8155,19154,"Sotelo, William",Bachelors,Skilled Manual
3635,8156,19155,"Flores, Caroline",Bachelors,Skilled Manual
3636,8157,19156,"Jenkins, Julia",Bachelors,Skilled Manual
3637,8158,19157,"Thompson, Eduardo",Bachelors,Skilled Manual
3638,8159,19158,"Griffin, Destiny",Bachelors,Skilled Manual
3639,8160,19159,"Gonzalez, Richard",Bachelors,Skilled Manual
3640,8161,19160,"Perez, Sara",Bachelors,Professional
3641,8162,19161,"Hughes, Jeremiah",Bachelors,Skilled Manual
3642,8163,19162,"Raji, Peter",Bachelors,Professional
3643,8164,19163,"Bailey, Riley",Bachelors,Professional
3644,8165,19164,"Morgan, Danielle",Bachelors,Professional
3645,8166,19165,"Russell, Miranda",Bachelors,Professional
3646,8167,19166,"Jenkins, Olivia",Bachelors,Professional
3647,8168,19167,"Morgan, Caitlin",Graduate Degree,Professional
3648,8169,19168,"Kumar, Nathan",Bachelors,Professional
3649,8170,19169,"Bryant, Arianna",Graduate Degree,Professional
3650,8171,19170,"Campbell, Luis",Graduate Degree,Professional
3651,8172,19171,"Torres, Melanie",Graduate Degree,Professional
3652,8177,19176,"Vazquez, Ebony",Partial High School,Manual
3653,8178,19177,"Chander, Donna",Bachelors,Skilled Manual
3654,8179,19178,"Miller, Sarah",Partial High School,Manual
3655,8189,19188,"Anderson, Dalton",High School,Manual
3656,8192,19191,"Chande, Keith",High School,Manual
3657,8197,19196,"She, April",Partial College,Clerical
3658,8198,19197,"Sandoval, Briana",Partial College,Clerical
3659,8199,19198,"Brooks, Melissa",Partial College,Clerical
3660,8200,19199,"Williams, David",Partial College,Clerical
3661,8202,19201,"Brooks, Charles",Graduate Degree,Skilled Manual
3662,8203,19202,"Lee, Brianna",Graduate Degree,Skilled Manual
3663,8204,19203,"Navarro, Darren",High School,Manual
3664,8205,19204,"Evans, Sydney",High School,Manual
3665,8207,19206,"Cooper, Destiny",High School,Manual
3666,8209,19208,"Diaz, Angelica",High School,Clerical
3667,8210,19209,"Nelson, Alexandra",High School,Clerical
3668,8211,19210,"Price, Alexis",High School,Clerical
3669,8212,19211,"Lee, Anna",Partial College,Clerical
3670,8213,19212,"Clark, Brianna",Partial College,Clerical
3671,8214,19213,"Simmons, Amanda",Partial College,Clerical
3672,8215,19214,"Powell, Cassidy",High School,Skilled Manual
3673,8216,19215,"Hall, Edward",High School,Skilled Manual
3674,8217,19216,"Lopez, Gabriel",High School,Skilled Manual
3675,8219,19218,"Brooks, Nathaniel",Partial College,Clerical
3676,8220,19219,"Peterson, Mary",Partial College,Clerical
3677,8222,19221,"Williams, Kaitlyn",High School,Skilled Manual
3678,8223,19222,"Hall, Jordan",High School,Skilled Manual
3679,8226,19225,"Watson, Jeremy",Partial College,Clerical
3680,8227,19226,"Carlson, Neil",Partial College,Clerical
3681,8228,19227,"Nelson, Logan",Partial College,Clerical
3682,8229,19228,"Ramirez, Morgan",Partial College,Clerical
3683,8230,19229,"Robinson, David",Graduate Degree,Skilled Manual
3684,8231,19230,"Moreno, Joy",Graduate Degree,Skilled Manual
3685,8232,19231,"Gill, Meghan",Graduate Degree,Skilled Manual
3686,8234,19233,"Andersen, Omar",Graduate Degree,Skilled Manual
3687,8235,19234,"Zheng, Micah",High School,Skilled Manual
3688,8236,19235,"Bennett, Kayla",Graduate Degree,Skilled Manual
3689,8237,19236,"Phillips, Chloe",Graduate Degree,Skilled Manual
3690,8238,19237,"Gomez, Kristy",Graduate Degree,Skilled Manual
3691,8239,19238,"West, Isabella",Graduate Degree,Skilled Manual
3692,8240,19239,"Alexander, Jeremy",Graduate Degree,Skilled Manual
3693,8241,19240,"Jimenez, Theresa",Graduate Degree,Skilled Manual
3694,8242,19241,"Dominguez, Diane",Graduate Degree,Skilled Manual
3695,8243,19242,"Baker, Devin",Graduate Degree,Skilled Manual
3696,8244,19243,"Thomas, James",Graduate Degree,Skilled Manual
3697,8245,19244,"Ward, Sebastian",Graduate Degree,Skilled Manual
3698,8246,19245,"King, Isaiah",Graduate Degree,Skilled Manual
3699,8247,19246,"Campbell, Carlos",Graduate Degree,Skilled Manual
3700,8249,19248,"Black, Sheena",Graduate Degree,Manual
3701,8250,19249,"Andersen, Chad",Bachelors,Manual
3702,8251,19250,"Wu, Lacey",Bachelors,Manual
3703,8252,19251,"Sai, Brett",Graduate Degree,Clerical
3704,8255,19254,"Sousa, Anibal",Bachelors,Clerical
3705,8258,19257,"Jiménez, Dana",Partial College,Manual
3706,8260,19259,"Lin, Barbara",Bachelors,Clerical
3707,8275,19274,"Yang, Karen",Partial College,Manual
3708,8284,19283,"Sanders, Adrian",Graduate Degree,Clerical
3709,8285,19284,"Romero, Briana",Graduate Degree,Clerical
3710,8286,19285,"Howard, Jacqueline",Bachelors,Clerical
3711,8287,19286,"Butler, Kaitlyn",Bachelors,Clerical
3712,8289,19288,"Wang, Candice",Bachelors,Clerical
3713,8290,19289,"Patel, Johnathan",Bachelors,Clerical
3714,8295,19294,"Garcia, Stanley",Bachelors,Clerical
3715,8299,19298,"Andersen, Priscilla",Graduate Degree,Skilled Manual
3716,8301,19300,"Hu, Clarence",Partial College,Manual
3717,8305,19304,"Nelson, Sara",High School,Manual
3718,8312,19311,"Rubio, Dana",Graduate Degree,Clerical
3719,8315,19314,"Beck, Alvin",Partial High School,Manual
3720,8317,19316,"Srini, Raymond",Partial College,Manual
3721,8322,19321,"Weber, Clifford",High School,Manual
3722,8326,19325,"Chen, Kelli",Bachelors,Clerical
3723,8330,19329,"Srini, Nancy",High School,Manual
3724,8331,19330,"Shen, Johnny",High School,Manual
3725,8332,19331,"Hu, Jessie",High School,Manual
3726,8333,19332,"Alan, Kelvin",Bachelors,Skilled Manual
3727,8334,19333,"Malhotra, Candace",Bachelors,Skilled Manual
3728,8340,19339,"Gomez, Lance",Bachelors,Professional
3729,8341,19340,"Dominguez, Renee",Bachelors,Professional
3730,8345,19344,"Ma, Mandy",Partial College,Clerical
3731,8346,19345,"Prasad, Kaitlin",Partial College,Clerical
3732,8350,19349,"Anand, Warren",Partial College,Clerical
3733,8354,19353,"Gill, Desiree",Partial College,Clerical
3734,8355,19354,"Madan, Abby",High School,Manual
3735,8357,19356,"Ortega, Francis",High School,Manual
3736,8358,19357,"Flores, Ryan",Partial College,Clerical
3737,8365,19364,"Nara, Alejandro",Bachelors,Skilled Manual
3738,8366,19365,"Shan, Wayne",Bachelors,Skilled Manual
3739,8369,19368,"Anand, Lindsay",Partial College,Clerical
3740,8372,19371,"Mehta, Roy",Partial College,Clerical
3741,8374,19373,"Suri, Rebekah",High School,Manual
3742,8376,19375,"Anand, Omar",High School,Manual
3743,8378,19377,"Chandra, Dominic",Partial College,Clerical
3744,8384,19383,"Nath, Roger",Partial High School,Manual
3745,8385,19384,"Rai, Gilbert",Partial High School,Manual
3746,8386,19385,"Lin, Alisha",Partial High School,Manual
3747,8388,19387,"Rana, Ruth",Partial College,Clerical
3748,8389,19388,"Martin, Alberto",Partial High School,Manual
3749,8392,19391,"Rana, Sergio",High School,Manual
3750,8394,19393,"Anderson, Miguel",High School,Skilled Manual
3751,8396,19395,"Zhang, Austin",High School,Skilled Manual
3752,8397,19396,"Prasad, Tammy",High School,Skilled Manual
3753,8398,19397,"Shen, Terry",Bachelors,Professional
3754,8399,19398,"Gonzales, Dylan",Bachelors,Professional
3755,8402,19401,"Hernandez, Kyle",Graduate Degree,Professional
3756,8403,19402,"Scott, Jeremiah",Graduate Degree,Professional
3757,8404,19403,"Cook, Morgan",Graduate Degree,Professional
3758,8405,19404,"Moore, Nicole",High School,Skilled Manual
3759,8406,19405,"Smith, Abigail",Partial College,Skilled Manual
3760,8407,19406,"Travers, Brooke",Partial College,Skilled Manual
3761,8408,19407,"Perry, Sarah",Partial College,Skilled Manual
3762,8409,19408,"Richardson, Taylor",Partial College,Skilled Manual
3763,8410,19409,"Allen, Savannah",Partial College,Skilled Manual
3764,8411,19410,"Adams, Chloe",Partial College,Skilled Manual
3765,8413,19412,"Chander, Jaime",Graduate Degree,Professional
3766,8414,19413,"Kelly, Xavier",Bachelors,Professional
3767,8416,19415,"Collins, Devin",Bachelors,Clerical
3768,8418,19417,"Foster, Alexis",Bachelors,Clerical
3769,8421,19420,"Raman, Stanley",Graduate Degree,Clerical
3770,8423,19422,"Gutierrez, Paula",Partial College,Manual
3771,8429,19428,"Turner, Eric",Bachelors,Clerical
3772,8430,19429,"Kelly, Jared",Bachelors,Clerical
3773,8433,19432,"Dominguez, Armando",Partial College,Manual
3774,8439,19438,"Hu, Shannon",Graduate Degree,Clerical
3775,8440,19439,"Xu, Franklin",Graduate Degree,Clerical
3776,8444,19443,"Raman, Dominic",Partial College,Manual
3777,8450,19449,"Yuan, Nuan",High School,Manual
3778,8451,19450,"Lal, Keith",Bachelors,Clerical
3779,8452,19451,"Sara, Pedro",Partial High School,Manual
3780,8454,19453,"Rana, Veronica",Bachelors,Clerical
3781,8455,19454,"Sharma, Roger",Bachelors,Clerical
3782,8457,19456,"Perez, Jesse",High School,Manual
3783,8473,19472,"Sara, Heidi",High School,Manual
3784,8477,19476,"Anderson, Sarah",Bachelors,Professional
3785,8483,19482,"Ortega, Andy",Partial College,Clerical
3786,8497,19496,"Subram, Edgar",Partial College,Clerical
3787,8502,19501,"Edwards, Allison",Partial College,Clerical
3788,8510,19509,"Suri, Nancy",Partial College,Clerical
3789,8515,19514,"Rodriguez, Kari",Partial High School,Manual
3790,8519,19518,"Arun, Clifford",Partial College,Clerical
3791,8529,19528,"Hall, Bailey",Partial College,Skilled Manual
3792,8530,19529,"Parker, Bailey",Graduate Degree,Professional
3793,8531,19530,"Liang, Lisa",Graduate Degree,Professional
3794,8532,19531,"Robinson, John",Graduate Degree,Professional
3795,8533,19532,"Brown, Victoria",Graduate Degree,Professional
3796,8534,19533,"Long, Vanessa",Graduate Degree,Professional
3797,8535,19534,"Torres, Adrian",Graduate Degree,Professional
3798,8536,19535,"Mitchell, Alex",Graduate Degree,Professional
3799,8538,19537,"Brooks, Michelle",Partial College,Skilled Manual
3800,8539,19538,"Hall, Connor",Partial College,Skilled Manual
3801,8540,19539,"Raji, Latoya",Partial College,Skilled Manual
3802,8541,19540,"Richardson, Jade",Bachelors,Professional
3803,8543,19542,"Allen, Robert",Graduate Degree,Professional
3804,8544,19543,"Torres, Evan",Graduate Degree,Professional
3805,8545,19544,"Price, Katherine",Graduate Degree,Professional
3806,8546,19545,"Watson, Garrett",Bachelors,Professional
3807,8548,19547,"Patterson, Lauren",Bachelors,Professional
3808,8549,19548,"Howard, Kaitlyn",Bachelors,Professional
3809,8550,19549,"Sharma, Kevin",Bachelors,Professional
3810,8551,19550,"Perez, Lucas",Bachelors,Professional
3811,8552,19551,"Alexander, Samuel",Graduate Degree,Professional
3812,8553,19552,"Zhu, Margaret",Graduate Degree,Professional
3813,8634,19633,"Gray, Destiny",High School,Skilled Manual
3814,8635,19634,"Nath, Gregory",High School,Skilled Manual
3815,8636,19635,"Shan, Dawn",High School,Skilled Manual
3816,8637,19636,"Lee, Jessica",High School,Skilled Manual
3817,8638,19637,"Long, Eduardo",High School,Skilled Manual
3818,8639,19638,"Peterson, Kimberly",High School,Skilled Manual
3819,8640,19639,"Gill, Victor",High School,Skilled Manual
3820,8642,19641,"Evans, Richard",Partial High School,Clerical
3821,8644,19643,"Watson, Jacqueline",High School,Skilled Manual
3822,8645,19644,"Gill, Gloria",Partial High School,Clerical
3823,8650,19649,"Martin, Elizabeth",High School,Skilled Manual
3824,8655,19654,"Alexander, Richard",High School,Skilled Manual
3825,8656,19655,"Murphy, Cindy",Partial College,Skilled Manual
3826,8657,19656,"Travers, Sydney",Partial College,Skilled Manual
3827,8658,19657,"Griffin, Emily",Bachelors,Management
3828,8659,19658,"Russell, Dylan",Bachelors,Management
3829,8660,19659,"Robinson, Wyatt",Partial College,Skilled Manual
3830,8661,19660,"Hill, Devin",Bachelors,Management
3831,8664,19663,"Allen, Alex",Partial College,Skilled Manual
3832,8665,19664,"Alexander, Ethan",Bachelors,Management
3833,8666,19665,"Gonzales, Eduardo",Graduate Degree,Management
3834,8669,19668,"Patel, Erick",Partial College,Skilled Manual
3835,8670,19669,"Hill, Hailey",Partial College,Skilled Manual
3836,8671,19670,"Gutierrez, Erik",Partial College,Skilled Manual
3837,8672,19671,"Davis, Michael",Partial College,Skilled Manual
3838,8679,19678,"Rodriguez, Martin",Graduate Degree,Skilled Manual
3839,8680,19679,"Rana, Erick",Graduate Degree,Skilled Manual
3840,8681,19680,"King, Jan",Graduate Degree,Skilled Manual
3841,8683,19682,"Kumar, Eric",Bachelors,Skilled Manual
3842,8684,19683,"Parker, Marcus",Graduate Degree,Skilled Manual
3843,8685,19684,"Lee, Alexandra",Partial College,Professional
3844,8686,19685,"Perez, Brandy",Bachelors,Management
3845,8687,19686,"Hernandez, Charles",Graduate Degree,Management
3846,8688,19687,"Coleman, Connor",Bachelors,Management
3847,8689,19688,"Baker, Timothy",Partial College,Professional
3848,8690,19689,"Gonzales, Elizabeth",Partial College,Professional
3849,8691,19690,"White, Robert",Graduate Degree,Management
3850,8692,19691,"Cox, Gabriella",Partial College,Professional
3851,8693,19692,"Edwards, Aaron",Bachelors,Management
3852,8695,19694,"Perez, Stephanie",Partial College,Professional
3853,8696,19695,"Gonzalez, Angel",Partial College,Professional
3854,8697,19696,"Patterson, Adam",Partial College,Professional
3855,8698,19697,"Wood, Isabella",High School,Professional
3856,8699,19698,"Barnes, Stephanie",Bachelors,Management
3857,8701,19700,"Hall, Gabriel",Partial College,Professional
3858,8709,19708,"Luo, April",Graduate Degree,Management
3859,8712,19711,"Cooper, Devin",Partial College,Professional
3860,8713,19712,"Phillips, Eric",Partial College,Professional
3861,8714,19713,"Stewart, Morgan",Partial College,Professional
3862,8715,19714,"Price, Angela",High School,Professional
3863,8716,19715,"Parker, Elijah",High School,Professional
3864,8717,19716,"Martin, Logan",Partial High School,Skilled Manual
3865,8718,19717,"Hill, Edward",Partial High School,Skilled Manual
3866,8719,19718,"Butler, Taylor",High School,Professional
3867,8720,19719,"Baker, Hunter",Graduate Degree,Management
3868,8735,19734,"Weisman, Natalie",Graduate Degree,Management
3869,8736,19735,"Reed, Mackenzie",Graduate Degree,Management
3870,8737,19736,"Kelly, Rachel",Graduate Degree,Management
3871,8738,19737,"Ramirez, Erin",Graduate Degree,Management
3872,8739,19738,"Martinez, Henry",Graduate Degree,Management
3873,8740,19739,"Perry, Lucas",Graduate Degree,Management
3874,8741,19740,"Liang, Connie",Graduate Degree,Management
3875,8742,19741,"Rivera, María",Graduate Degree,Management
3876,8743,19742,"Russell, Alexia",Bachelors,Management
3877,8744,19743,"Rana, Holly",Graduate Degree,Management
3878,8745,19744,"Cai, Tamara",Graduate Degree,Management
3879,8746,19745,"Simmons, Kayla",Graduate Degree,Management
3880,8748,19747,"Rai, Louis",Bachelors,Management
3881,8750,19749,"Jackson, Natalie",Partial College,Skilled Manual
3882,8755,19754,"Rana, Francisco",Partial College,Skilled Manual
3883,8756,19755,"Foster, Lauren",Partial College,Skilled Manual
3884,8757,19756,"Yuan, Nicolas",Partial College,Skilled Manual
3885,8759,19758,"Wright, Alex",Partial College,Skilled Manual
3886,8760,19759,"Barnes, Sydney",Partial College,Skilled Manual
3887,8761,19760,"Russell, Sydney",Partial College,Skilled Manual
3888,8768,19767,"Serrano, Ross",Partial High School,Clerical
3889,8769,19768,"Jackson, Christopher",Partial High School,Clerical
3890,8770,19769,"Peterson, Andrea",Partial College,Skilled Manual
3891,8775,19774,"Davis, Brianna",High School,Skilled Manual
3892,8776,19775,"Cai, Alisha",High School,Skilled Manual
3893,8777,19776,"Murphy, Judith",High School,Skilled Manual
3894,8778,19777,"Thomas, Jonathan",Partial College,Skilled Manual
3895,8804,19803,"Mehta, Jermaine",Partial High School,Skilled Manual
3896,8809,19808,"Kelly, Brooke",Graduate Degree,Management
3897,8810,19809,"Sharma, Eric",Graduate Degree,Management
3898,8813,19812,"Morgan, Sydney",Partial College,Professional
3899,8814,19813,"Perez, Rebecca",Bachelors,Management
3900,8815,19814,"Washington, Blake",Bachelors,Management
3901,8816,19815,"Thompson, Christian",Bachelors,Management
3902,8817,19816,"Brown, Lucas",Partial College,Professional
3903,8819,19818,"Anderson, Brianna",High School,Professional
3904,8820,19819,"Brown, Andrew",High School,Professional
3905,8821,19820,"Coleman, Alexandra",High School,Professional
3906,8822,19821,"Vazquez, Tabitha",Partial College,Professional
3907,8825,19824,"Perry, Jordan",Partial College,Professional
3908,8826,19825,"Ferrier, Gilbert",Bachelors,Management
3909,8832,19831,"Green, Charles",Partial College,Skilled Manual
3910,8833,19832,"Hernandez, Sheila",High School,Skilled Manual
3911,8834,19833,"Kelly, Michelle",Bachelors,Management
3912,8835,19834,"Sharma, Johnny",Bachelors,Management
3913,8836,19835,"Allen, Jordan",Graduate Degree,Management
3914,8838,19837,"Jimenez, Philip",Bachelors,Management
3915,8839,19838,"Ramirez, Jared",Bachelors,Management
3916,8841,19840,"James, Jessica",Graduate Degree,Management
3917,8842,19841,"Jenkins, Alexandria",Bachelors,Management
3918,8843,19842,"Phillips, Katherine",Bachelors,Management
3919,8844,19843,"Kumar, Connor",Bachelors,Management
3920,8846,19845,"Hernandez, Fernando",Bachelors,Management
3921,8847,19846,"Patterson, Seth",Bachelors,Management
3922,8849,19848,"Malhotra, Bryant",Bachelors,Management
3923,8850,19849,"Wu, Jorge",High School,Professional
3924,8851,19850,"Hill, Jeremiah",High School,Professional
3925,8852,19851,"Pal, Louis",Bachelors,Management
3926,8853,19852,"Carter, Eric",Bachelors,Management
3927,8854,19853,"Ramos, Ricky",Bachelors,Management
3928,8855,19854,"Hall, Katherine",Bachelors,Management
3929,8857,19856,"Madan, Tammy",Bachelors,Management
3930,8858,19857,"Rogers, Megan",Bachelors,Management
3931,8859,19858,"Collins, Jenna",Bachelors,Management
3932,8860,19859,"Zhao, Lisa",Bachelors,Management
3933,8861,19860,"Young, Sara",Partial College,Professional
3934,8862,19861,"Perry, Caroline",Partial College,Professional
3935,8864,19863,"Powell, Paige",Partial College,Professional
3936,8865,19864,"Brooks, Isaiah",Partial College,Professional
3937,8866,19865,"Butler, Hailey",Partial College,Professional
3938,8867,19866,"Patel, Martin",Partial College,Professional
3939,8868,19867,"Sanchez, Juan",Partial College,Professional
3940,8869,19868,"Jenkins, Kyle",Bachelors,Management
3941,8870,19869,"Brooks, Carol",Partial College,Professional
3942,8872,19871,"Rivera, Bryce",Partial College,Professional
3943,8876,19875,"James, Patrick",Partial College,Professional
3944,8877,19876,"Edwards, Nathan",Partial College,Professional
3945,8878,19877,"Zheng, Steve",Partial College,Professional
3946,8879,19878,"Jackson, Morgan",Partial College,Professional
3947,8880,19879,"Green, Ian",Partial College,Professional
3948,8881,19880,"Bennett, Emma",Partial College,Professional
3949,8882,19881,"Long, Aidan",Bachelors,Management
3950,8883,19882,"Phillips, Richard",Bachelors,Management
3951,8884,19883,"Young, Kevin",Bachelors,Management
3952,8886,19885,"Turner, Isaac",High School,Professional
3953,8887,19886,"Butler, Marcus",High School,Professional
3954,8888,19887,"Walker, Olivia",Partial College,Professional
3955,8889,19888,"Washington, Carson",Partial College,Professional
3956,8890,19889,"Sanders, Catherine",Partial High School,Skilled Manual
3957,8891,19890,"Alvarez, Lee",Partial High School,Skilled Manual
3958,8892,19891,"Morgan, Jennifer",High School,Professional
3959,8893,19892,"Campbell, Richard",High School,Professional
3960,8894,19893,"Baker, Evan",High School,Professional
3961,8895,19894,"Sharma, Elijah",High School,Professional
3962,8896,19895,"Jimenez, Ricky",High School,Professional
3963,8897,19896,"Thomas, Kaitlyn",High School,Professional
3964,8898,19897,"Nelson, Gabriella",Partial College,Professional
3965,8899,19898,"Serrano, Desiree",Bachelors,Management
3966,8901,19900,"Richardson, Zoe",High School,Professional
3967,8902,19901,"Sara, Ronald",Partial College,Professional
3968,8905,19904,"Gray, Jasmine",High School,Professional
3969,8910,19909,"Chandra, Geoffrey",Partial College,Professional
3970,8911,19910,"Rubio, Orlando",Partial College,Professional
3971,8916,19915,"McDonald, Claudia",Graduate Degree,Management
3972,8922,19921,"Cai, Cara",Bachelors,Management
3973,8925,19924,"Perez, Douglas",Partial High School,Professional
3974,8926,19925,"Jenkins, Madison",Partial College,Professional
3975,8931,19930,"Tang, Tony",Partial College,Professional
3976,8932,19931,"Xu, Darryl",Bachelors,Management
3977,8935,19934,"Blanco, Neil",High School,Professional
3978,8936,19935,"Navarro, Clinton",Partial College,Professional
3979,8937,19936,"Luo, Corey",Partial College,Management
3980,8938,19937,"Gomez, Jimmy",Partial College,Management
3981,8945,19944,"Suarez, Jonathon",Partial High School,Skilled Manual
3982,8981,19980,"Carter, Alexandra",Partial College,Professional
3983,8982,19981,"Russell, Kelly",Graduate Degree,Professional
3984,8983,19982,"Cox, Charles",Graduate Degree,Professional
3985,8984,19983,"Martinez, Michael",Bachelors,Skilled Manual
3986,8985,19984,"Morris, Sara",Bachelors,Skilled Manual
3987,8986,19985,"Ma, Tamara",Bachelors,Skilled Manual
3988,8987,19986,"Huang, Jamie",Bachelors,Skilled Manual
3989,8991,19990,"Rai, Peter",Graduate Degree,Professional
3990,8992,19991,"Thomas, Jacob",Graduate Degree,Professional
3991,8993,19992,"Hill, Stephanie",Graduate Degree,Professional
3992,8994,19993,"Russell, Nathan",Graduate Degree,Professional
3993,8995,19994,"King, Madeline",Bachelors,Skilled Manual
3994,8996,19995,"Gonzales, Jordyn",Bachelors,Skilled Manual
3995,8997,19996,"She, Grant",Bachelors,Skilled Manual
3996,8999,19998,"Liu, Laura",High School,Skilled Manual
3997,9000,19999,"Brooks, Danielle",Bachelors,Professional
3998,9002,20001,"Hill, Jordan",Graduate Degree,Professional
3999,9003,20002,"White, Elizabeth",Graduate Degree,Professional
4000,9004,20003,"Gonzalez, Dalton",Graduate Degree,Professional
4001,9005,20004,"Perez, Kaitlin",Graduate Degree,Professional
4002,9006,20005,"Zhang, Kevin",Bachelors,Skilled Manual
4003,9007,20006,"Morris, Grace",Bachelors,Skilled Manual
4004,9009,20008,"Foster, Jack",Graduate Degree,Professional
4005,9010,20009,"Walker, Noah",Graduate Degree,Professional
4006,9011,20010,"Carter, Jackson",Graduate Degree,Professional
4007,9012,20011,"Sanders, Eduardo",Graduate Degree,Professional
4008,9013,20012,"Robinson, Jessica",Graduate Degree,Professional
4009,9014,20013,"Hughes, Jocelyn",Graduate Degree,Professional
4010,9015,20014,"Blanco, Anne",Graduate Degree,Professional
4011,9016,20015,"King, Jenna",Graduate Degree,Professional
4012,9017,20016,"Kelly, Katherine",Bachelors,Professional
4013,9018,20017,"Sanders, Anna",Bachelors,Professional
4014,9019,20018,"Gray, Lauren",Bachelors,Skilled Manual
4015,9020,20019,"Diaz, Brittany",Bachelors,Skilled Manual
4016,9021,20020,"Foster, Jacqueline",Bachelors,Skilled Manual
4017,9023,20022,"Perry, Arthur",Bachelors,Skilled Manual
4018,9025,20024,"Miller, Fernando",Bachelors,Professional
4019,9026,20025,"Bell, Bryce",Bachelors,Professional
4020,9027,20026,"Richardson, Jasmine",Bachelors,Professional
4021,9028,20027,"Murphy, Danielle",Bachelors,Skilled Manual
4022,9029,20028,"Flores, Angela",Bachelors,Skilled Manual
4023,9030,20029,"Evans, Jan",Bachelors,Skilled Manual
4024,9031,20030,"Harris, Alexander",Bachelors,Skilled Manual
4025,9032,20031,"James, Devin",Bachelors,Skilled Manual
4026,9033,20032,"Walker, Marcus",Bachelors,Skilled Manual
4027,9034,20033,"Turner, Carlos",Bachelors,Professional
4028,9037,20036,"Tang, Kate",Bachelors,Professional
4029,9038,20037,"Sanchez, Alyssa",Bachelors,Professional
4030,9039,20038,"Price, Taylor",Bachelors,Professional
4031,9040,20039,"Evans, Stephanie",Bachelors,Professional
4032,9041,20040,"Rivera, Victoria",Graduate Degree,Professional
4033,9044,20043,"Zheng, Brent",Partial High School,Manual
4034,9052,20051,"Dominguez, Linda",Partial College,Clerical
4035,9057,20056,"She, Johnny",Partial High School,Manual
4036,9063,20062,"Carson, Russell",High School,Manual
4037,9065,20064,"Prasad, Whitney",Partial College,Clerical
4038,9066,20065,"Lal, Grant",Partial College,Clerical
4039,9067,20066,"White, Marcus",Partial College,Clerical
4040,9068,20067,"Thompson, Destiny",Partial College,Clerical
4041,9069,20068,"Peterson, Alexandria",Partial College,Clerical
4042,9070,20069,"Smith, Jessica",Graduate Degree,Skilled Manual
4043,9075,20074,"Madan, Preston",High School,Manual
4044,9077,20076,"Vazquez, Beth",High School,Manual
4045,9078,20077,"Coleman, Aidan",High School,Manual
4046,9079,20078,"Lee, Jose",High School,Manual
4047,9080,20079,"Taylor, Alexandra",High School,Manual
4048,9081,20080,"Stewart, Maria",High School,Manual
4049,9082,20081,"Xie, Jerry",High School,Manual
4050,9084,20083,"Kumar, Terry",High School,Manual
4051,9089,20088,"Lewis, Jose",Partial High School,Clerical
4052,9090,20089,"Powell, Luis",High School,Manual
4053,9091,20090,"Edwards, Blake",High School,Clerical
4054,9092,20091,"Parker, Andrea",High School,Clerical
4055,9095,20094,"Chande, Lindsey",High School,Clerical
4056,9096,20095,"Flores, Ana",High School,Clerical
4057,9099,20098,"Lewis, Alexis",High School,Skilled Manual
4058,9100,20099,"Xie, Devon",High School,Skilled Manual
4059,9101,20100,"Watson, Jesse",High School,Skilled Manual
4060,9102,20101,"Hayes, Devin",High School,Skilled Manual
4061,9103,20102,"Jenkins, Arianna",High School,Skilled Manual
4062,9106,20105,"Taylor, Alexis",High School,Skilled Manual
4063,9108,20107,"Morris, Danielle",Partial College,Clerical
4064,9109,20108,"Gao, Glenn",Partial College,Clerical
4065,9110,20109,"Stewart, Katelyn",Partial College,Clerical
4066,9111,20110,"Perry, Austin",Partial College,Clerical
4067,9112,20111,"Zhu, Brittney",Partial College,Clerical
4068,9113,20112,"James, Shelby",Graduate Degree,Skilled Manual
4069,9114,20113,"Murphy, Christina",Graduate Degree,Skilled Manual
4070,9115,20114,"Thompson, Joseph",Graduate Degree,Skilled Manual
4071,9116,20115,"Jones, Megan",Partial College,Clerical
4072,9122,20121,"Butler, Dylan",Graduate Degree,Skilled Manual
4073,9123,20122,"Bailey, Jeremy",Graduate Degree,Skilled Manual
4074,9124,20123,"Gonzalez, Aaron",Graduate Degree,Skilled Manual
4075,9125,20124,"Coleman, Natalie",Graduate Degree,Skilled Manual
4076,9126,20125,"Clark, Natalie",Graduate Degree,Skilled Manual
4077,9127,20126,"Carter, Seth",Graduate Degree,Skilled Manual
4078,9128,20127,"Sanders, Carlos",Graduate Degree,Skilled Manual
4079,9129,20128,"Miller, Ian",Graduate Degree,Skilled Manual
4080,9130,20129,"Stewart, Nicole",Graduate Degree,Skilled Manual
4081,9133,20132,"Shen, Jenny",Graduate Degree,Manual
4082,9136,20135,"Price, Grace",Bachelors,Manual
4083,9138,20137,"Fernandez, Jarrod",Bachelors,Manual
4084,9139,20138,"Moreno, Kendra",Graduate Degree,Clerical
4085,9140,20139,"Wright, Connor",Bachelors,Manual
4086,9141,20140,"Navarro, Joe",Bachelors,Manual
4087,9144,20143,"Suarez, Jimmy",Partial College,Manual
4088,9145,20144,"Lin, Roger",Partial College,Manual
4089,9163,20162,"Nath, Kelsey",Partial College,Manual
4090,9164,20163,"Zhang, Krystal",Partial College,Manual
4091,9167,20166,"Gutierrez, Monique",Graduate Degree,Clerical
4092,9169,20168,"Serrano, Jessie",High School,Manual
4093,9170,20169,"Gray, Garrett",Partial College,Manual
4094,9172,20171,"King, Bailey",Partial College,Manual
4095,9175,20174,"Gonzalez, Douglas",Partial High School,Manual
4096,9177,20176,"Alexander, Antonio",Partial High School,Manual
4097,9181,20180,"Sanders, Amanda",Partial College,Skilled Manual
4098,9182,20181,"Brooks, Catherine",Partial College,Skilled Manual
4099,9184,20183,"Allen, Sophia",Partial College,Skilled Manual
4100,9185,20184,"Richardson, Jessica",High School,Skilled Manual
4101,9186,20185,"Cooper, Xavier",High School,Skilled Manual
4102,9188,20187,"King, Robert",Partial College,Skilled Manual
4103,9191,20190,"Reed, Angela",Partial College,Skilled Manual
4104,9192,20191,"Rai, Chad",Graduate Degree,Professional
4105,9193,20192,"Campbell, Amber",Graduate Degree,Professional
4106,9194,20193,"Gray, Alyssa",Graduate Degree,Professional
4107,9195,20194,"Campbell, Connor",Partial College,Skilled Manual
4108,9196,20195,"Wilson, Blake",Partial College,Skilled Manual
4109,9197,20196,"Perry, Cameron",Partial College,Skilled Manual
4110,9198,20197,"Johnson, Olivia",Partial College,Skilled Manual
4111,9199,20198,"Evans, Sierra",Bachelors,Professional
4112,9200,20199,"Cook, Hailey",Graduate Degree,Professional
4113,9201,20200,"Gonzales, Noah",Graduate Degree,Professional
4114,9202,20201,"Harris, Chloe",Graduate Degree,Professional
4115,9204,20203,"Blanco, Roy",Graduate Degree,Professional
4116,9205,20204,"Carlson, Renee",Graduate Degree,Professional
4117,9206,20205,"Cox, Bryce",Bachelors,Professional
4118,9208,20207,"Bailey, Angel",Bachelors,Professional
4119,9211,20210,"Powell, Stephanie",Graduate Degree,Professional
4120,9271,20270,"Phillips, Kevin",High School,Skilled Manual
4121,9272,20271,"Fernandez, Barry",High School,Skilled Manual
4122,9273,20272,"James, Seth",High School,Skilled Manual
4123,9275,20274,"Wang, Brent",High School,Skilled Manual
4124,9276,20275,"Kelly, Angela",High School,Skilled Manual
4125,9277,20276,"Sanchez, Haley",High School,Skilled Manual
4126,9279,20278,"Oliver, Alisha",High School,Skilled Manual
4127,9280,20279,"Henderson, Trevor",High School,Skilled Manual
4128,9282,20281,"Xie, Karl",High School,Skilled Manual
4129,9286,20285,"Alexander, Aaron",High School,Skilled Manual
4130,9287,20286,"Wu, Stacey",Partial College,Skilled Manual
4131,9288,20287,"Simmons, Destiny",Partial College,Skilled Manual
4132,9289,20288,"Edwards, Jeremiah",Partial College,Skilled Manual
4133,9290,20289,"Richardson, Jada",Partial College,Skilled Manual
4134,9291,20290,"Simmons, Austin",Partial College,Skilled Manual
4135,9292,20291,"Walker, Alexis",High School,Skilled Manual
4136,9293,20292,"Ross, Katherine",Partial College,Skilled Manual
4137,9294,20293,"Jackson, Rachel",Partial College,Skilled Manual
4138,9295,20294,"Davis, Julia",Partial College,Skilled Manual
4139,9296,20295,"Brown, Christopher",Partial College,Skilled Manual
4140,9297,20296,"Diaz, Morgan",Partial College,Skilled Manual
4141,9298,20297,"Wu, Valerie",Graduate Degree,Management
4142,9299,20298,"Arun, Edgar",Graduate Degree,Management
4143,9302,20301,"Bradley, Gloria",Partial College,Skilled Manual
4144,9303,20302,"Andersen, Tasha",Graduate Degree,Management
4145,9304,20303,"Morgan, Bryce",Graduate Degree,Management
4146,9305,20304,"Edwards, Jesse",High School,Skilled Manual
4147,9306,20305,"Ross, Caleb",Partial College,Skilled Manual
4148,9307,20306,"Baker, Mary",Partial College,Skilled Manual
4149,9308,20307,"Blue, Natalie",Partial College,Skilled Manual
4150,9309,20308,"Uittenbogaard, Pieter",Partial College,Skilled Manual
4151,9311,20310,"Ramirez, Timothy",Partial College,Skilled Manual
4152,9312,20311,"Bell, Cole",Partial College,Skilled Manual
4153,9314,20313,"Bennett, Oscar",Partial College,Skilled Manual
4154,9316,20315,"Ramirez, Devin",Partial College,Skilled Manual
4155,9320,20319,"Alexander, Dylan",Graduate Degree,Skilled Manual
4156,9321,20320,"Nath, Mindy",Graduate Degree,Skilled Manual
4157,9322,20321,"Chen, Colleen",Graduate Degree,Skilled Manual
4158,9323,20322,"Wood, Rachel",Partial College,Professional
4159,9324,20323,"Coleman, Justin",Partial College,Professional
4160,9325,20324,"Rodriguez, Ashley",Partial College,Professional
4161,9326,20325,"Williams, Charles",Bachelors,Management
4162,9327,20326,"Blue, Paige",Bachelors,Management
4163,9328,20327,"Perez, Sophia",Bachelors,Management
4164,9329,20328,"Carter, Sierra",Bachelors,Management
4165,9330,20329,"Yang, Jose",Bachelors,Management
4166,9332,20331,"Cox, Jeremy",Partial College,Professional
4167,9333,20332,"Navarro, Danny",Partial College,Professional
4168,9334,20333,"Gonzales, Abigail",Partial College,Professional
4169,9335,20334,"Mitchell, Jeremiah",Bachelors,Management
4170,9336,20335,"Gonzales, Adam",Bachelors,Management
4171,9337,20336,"Young, Ian",Bachelors,Management
4172,9338,20337,"Hall, Xavier",High School,Professional
4173,9339,20338,"James, Anna",Bachelors,Management
4174,9340,20339,"Hughes, Kaitlyn",Bachelors,Management
4175,9341,20340,"Kelly, Makayla",Bachelors,Management
4176,9343,20342,"Lu, Aimee",Partial College,Professional
4177,9344,20343,"Hill, Sierra",Partial College,Professional
4178,9345,20344,"Anand, Ashlee",Bachelors,Management
4179,9346,20345,"Martinez, Regina",Bachelors,Management
4180,9347,20346,"Washington, Angelica",Bachelors,Management
4181,9348,20347,"Roberts, Savannah",Bachelors,Management
4182,9349,20348,"Evans, Chloe",Bachelors,Management
4183,9350,20349,"Harris, Nicole",High School,Professional
4184,9352,20351,"Gonzalez, Maria",High School,Professional
4185,9353,20352,"Foster, Melissa",High School,Professional
4186,9354,20353,"Phillips, Allison",Partial High School,Skilled Manual
4187,9356,20355,"Gray, Melanie",Partial High School,Skilled Manual
4188,9357,20356,"Lu, Louis",Partial College,Professional
4189,9358,20357,"Price, Julian",Graduate Degree,Management
4190,9359,20358,"Murphy, Brian",Graduate Degree,Management
4191,9360,20359,"Blue, Rachel",Graduate Degree,Management
4192,9361,20360,"Russell, Brianna",Graduate Degree,Management
4193,9362,20361,"Moreno, Jonathon",Graduate Degree,Management
4194,9363,20362,"Gonzalez, Seth",Graduate Degree,Management
4195,9364,20363,"Brown, Alexander",Bachelors,Management
4196,9365,20364,"Jackson, Anna",Graduate Degree,Management
4197,9366,20365,"Scott, Isaac",High School,Professional
4198,9367,20366,"Powell, Marcus",High School,Professional
4199,9368,20367,"Anderson, Jessica",High School,Professional
4200,9369,20368,"Jackson, Thomas",Partial High School,Skilled Manual
4201,9370,20369,"Barnes, Trevor",Partial High School,Skilled Manual
4202,9371,20370,"Young, Blake",Partial High School,Skilled Manual
4203,9372,20371,"Bryant, Grace",Partial High School,Skilled Manual
4204,9373,20372,"Edwards, Kaitlyn",Partial High School,Skilled Manual
4205,9375,20374,"Adams, Fernando",Partial High School,Skilled Manual
4206,9377,20376,"Lewis, Destiny",Graduate Degree,Management
4207,9378,20377,"Reed, Brian",Graduate Degree,Management
4208,9379,20378,"Jai, Nathan",Graduate Degree,Management
4209,9380,20379,"Chen, Brittney",Graduate Degree,Management
4210,9382,20381,"Bennett, Blake",Graduate Degree,Management
4211,9383,20382,"Hernandez, Jack",Graduate Degree,Management
4212,9384,20383,"Hernandez, Richard",Graduate Degree,Management
4213,9385,20384,"Gonzalez, Luis",Graduate Degree,Management
4214,9386,20385,"Patterson, Jason",Graduate Degree,Management
4215,9387,20386,"Russell, Anna",Graduate Degree,Management
4216,9388,20387,"Adams, Jordan",Graduate Degree,Management
4217,9389,20388,"Gill, Natasha",Graduate Degree,Management
4218,9390,20389,"Romero, Lee",Graduate Degree,Management
4219,9391,20390,"Ramos, Ross",Graduate Degree,Management
4220,9392,20391,"Serrano, Meghan",Graduate Degree,Management
4221,9393,20392,"Ramirez, Destiny",Bachelors,Management
4222,9394,20393,"White, Kaitlyn",Bachelors,Management
4223,9395,20394,"Butler, Emma",Bachelors,Management
4224,9400,20399,"Rodriguez, Benjamin",Bachelors,Management
4225,9401,20400,"Henderson, Sydney",Bachelors,Management
4226,9402,20401,"Jenkins, Hannah",Bachelors,Management
4227,9406,20405,"Campbell, Isaiah",Partial College,Skilled Manual
4228,9409,20408,"Morgan, Isaac",Partial High School,Clerical
4229,9410,20409,"Young, Sophia",Partial College,Skilled Manual
4230,9411,20410,"Jackson, Richard",Partial College,Skilled Manual
4231,9412,20411,"James, Cole",Partial College,Skilled Manual
4232,9413,20412,"Jackson, David",Partial College,Skilled Manual
4233,9414,20413,"Powell, Taylor",Partial College,Skilled Manual
4234,9415,20414,"Bailey, Amanda",Partial College,Skilled Manual
4235,9422,20421,"Alexander, Victoria",Partial High School,Clerical
4236,9423,20422,"Brooks, Maria",Partial College,Skilled Manual
4237,9432,20431,"Raje, Corey",Partial College,Skilled Manual
4238,9433,20432,"Sanders, Juan",High School,Skilled Manual
4239,9434,20433,"Taylor, Chloe",High School,Skilled Manual
4240,9435,20434,"Sharma, Nathan",Partial College,Skilled Manual
4241,9436,20435,"Green, Natalie",Partial College,Skilled Manual
4242,9437,20436,"Barnes, Anna",Partial College,Skilled Manual
4243,9438,20437,"Howard, Gabriella",Partial College,Skilled Manual
4244,9439,20438,"Scott, Robert",Partial College,Skilled Manual
4245,9440,20439,"Rogers, Chloe",Partial College,Skilled Manual
4246,9441,20440,"Hughes, Alexandra",Partial College,Skilled Manual
4247,9443,20442,"Chen, Jorge",Partial College,Professional
4248,9444,20443,"Cox, Adrian",Partial College,Professional
4249,9450,20449,"Walker, Rachel",Partial College,Professional
4250,9458,20457,"Morris, Alexandra",Partial College,Professional
4251,9459,20458,"Subram, Erick",Partial College,Professional
4252,9460,20459,"Barnes, Maria",High School,Professional
4253,9462,20461,"Nelson, Mackenzie",Bachelors,Management
4254,9463,20462,"Mitchell, Haley",Graduate Degree,Management
4255,9464,20463,"Bryant, Jasmine",High School,Professional
4256,9465,20464,"Lu, Amy",Partial College,Professional
4257,9466,20465,"Henderson, Isabel",Bachelors,Management
4258,9467,20466,"Jai, Benjamin",Partial College,Professional
4259,9468,20467,"Bennett, Gabrielle",High School,Professional
4260,9470,20469,"Suri, Manuel",Partial College,Professional
4261,9472,20471,"Gonzalez, Carlos",Graduate Degree,Management
4262,9473,20472,"Coleman, Edward",Partial College,Professional
4263,9474,20473,"Rivera, Mason",Partial College,Professional
4264,9475,20474,"Turner, Edward",Bachelors,Management
4265,9476,20475,"Martinez, Blake",Bachelors,Management
4266,9477,20476,"Long, Destiny",Graduate Degree,Management
4267,9478,20477,"Washington, Brandon",Graduate Degree,Management
4268,9481,20480,"Cox, Carlos",High School,Skilled Manual
4269,9482,20481,"Edwards, Jordan",High School,Skilled Manual
4270,9483,20482,"Diaz, Gina",Bachelors,Professional
4271,9485,20484,"Morgan, Gabriella",Bachelors,Management
4272,9486,20485,"Reed, Richard",Bachelors,Management
4273,9487,20486,"Butler, Jack",Graduate Degree,Management
4274,9488,20487,"White, Alexander",Graduate Degree,Management
4275,9489,20488,"Foster, Cassidy",Graduate Degree,Management
4276,9490,20489,"Davis, Jacob",Bachelors,Management
4277,9491,20490,"Roberts, Kaylee",Graduate Degree,Management
4278,9492,20491,"Perry, Dakota",Bachelors,Management
4279,9494,20493,"Jackson, Matthew",Bachelors,Management
4280,9495,20494,"Peterson, Jesse",Bachelors,Management
4281,9496,20495,"Wang, Wesley",Bachelors,Management
4282,9497,20496,"Roberts, Jada",Bachelors,Management
4283,9498,20497,"Javier Castrejón, Francisco",Partial High School,Clerical
4284,9502,20501,"Nelson, Morgan",Bachelors,Management
4285,9503,20502,"Harris, John",Bachelors,Management
4286,9504,20503,"Jai, Tony",High School,Professional
4287,9505,20504,"Tangirala, Rakesh",High School,Professional
4288,9508,20507,"Anderson, Joshua",Bachelors,Management
4289,9510,20509,"Murphy, Alexandria",Bachelors,Management
4290,9511,20510,"Cox, Caitlin",Bachelors,Management
4291,9512,20511,"Taylor, Matthew",Bachelors,Management
4292,9513,20512,"Parker, Sydney",Partial College,Professional
4293,9514,20513,"Smith, Joseph",Partial College,Professional
4294,9515,20514,"Griffin, Hannah",Partial College,Professional
4295,9516,20515,"Edwards, Jenna",Partial College,Professional
4296,9517,20516,"Russell, Gabriel",Partial College,Professional
4297,9519,20518,"Sanz, Desiree",Partial College,Professional
4298,9521,20520,"Srini, Cassandra",High School,Professional
4299,9522,20521,"Carlson, Gina",High School,Professional
4300,9523,20522,"Parker, Kevin",Bachelors,Management
4301,9524,20523,"Howard, Emma",Bachelors,Management
4302,9525,20524,"Jenkins, Angelica",Partial College,Professional
4303,9526,20525,"Kumar, James",Bachelors,Management
4304,9527,20526,"Alexander, Brittany",Partial College,Professional
4305,9528,20527,"Harris, Sydney",Partial College,Professional
4306,9530,20529,"Jackson, Destiny",Partial College,Professional
4307,9531,20530,"Jenkins, Mariah",High School,Professional
4308,9532,20531,"Young, James",Partial College,Professional
4309,9533,20532,"Watson, Joan",Partial College,Professional
4310,9534,20533,"Perry, Luis",Partial College,Professional
4311,9535,20534,"Lopez, Dalton",Partial College,Professional
4312,9536,20535,"Torres, Riley",Partial College,Professional
4313,9537,20536,"Gray, Taylor",Bachelors,Management
4314,9538,20537,"Evans, Thomas",Bachelors,Management
4315,9539,20538,"Bennett, Hailey",Partial College,Professional
4316,9540,20539,"Baker, Luis",Partial College,Professional
4317,9541,20540,"Flores, Jasmine",Partial College,Professional
4318,9542,20541,"Hernandez, Allison",Partial College,Professional
4319,9543,20542,"Green, Hailey",Partial College,Professional
4320,9544,20543,"Miller, Seth",Partial College,Professional
4321,9545,20544,"Hall, Dalton",Partial High School,Skilled Manual
4322,9546,20545,"Butler, Vanessa",Partial High School,Skilled Manual
4323,9549,20548,"Rodriguez, Phillip",High School,Professional
4324,9550,20549,"Morris, Jennifer",Partial College,Professional
4325,9555,20554,"Tang, Donna",High School,Professional
4326,9556,20555,"Raje, Kelvin",High School,Professional
4327,9557,20556,"Sun, Glenn",High School,Professional
4328,9561,20560,"Raji, Mindy",Partial College,Professional
4329,9564,20563,"Blanco, Kendra",Bachelors,Management
4330,9573,20572,"Diaz, Caroline",Partial College,Professional
4331,9575,20574,"Patel, Brett",Partial College,Professional
4332,9584,20583,"Wang, Kristen",High School,Professional
4333,9585,20584,"Schmidt, Molly",Partial College,Professional
4334,9591,20590,"Zhang, Todd",Partial College,Management
4335,9592,20591,"Tang, Kara",High School,Management
4336,9599,20598,"Powell, Jackson",Partial High School,Professional
4337,9636,20635,"Young, Nathan",Bachelors,Management
4338,9637,20636,"Patterson, Olivia",Bachelors,Management
4339,9645,20644,"Brooks, Patrick",Graduate Degree,Management
4340,9647,20646,"Chen, Ryan",Graduate Degree,Skilled Manual
4341,9648,20647,"Bailey, Jared",Graduate Degree,Professional
4342,9649,20648,"Mitchell, Jordan",Graduate Degree,Professional
4343,9650,20649,"Ramirez, Natalie",Graduate Degree,Professional
4344,9651,20650,"Gray, Bryan",Bachelors,Skilled Manual
4345,9653,20652,"Scott, Amanda",Bachelors,Skilled Manual
4346,9654,20653,"White, Jessica",Bachelors,Skilled Manual
4347,9655,20654,"Murphy, Taylor",Bachelors,Skilled Manual
4348,9656,20655,"Butler, Edward",Bachelors,Skilled Manual
4349,9658,20657,"Russell, Blake",Bachelors,Skilled Manual
4350,9659,20658,"Campbell, Kaylee",Graduate Degree,Professional
4351,9660,20659,"Baker, Xavier",Graduate Degree,Professional
4352,9661,20660,"Cox, Christina",Graduate Degree,Professional
4353,9662,20661,"Diaz, Taylor",Graduate Degree,Professional
4354,9663,20662,"Perry, Taylor",Bachelors,Skilled Manual
4355,9664,20663,"Stewart, Kaitlyn",Bachelors,Skilled Manual
4356,9665,20664,"Watson, Isaiah",Bachelors,Skilled Manual
4357,9667,20666,"Rai, Lacey",Bachelors,Skilled Manual
4358,9668,20667,"Pal, Jodi",Bachelors,Skilled Manual
4359,9669,20668,"Rothenberg, Eric",Bachelors,Skilled Manual
4360,9672,20671,"Sanchez, Ronald",Graduate Degree,Professional
4361,9673,20672,"Ross, Fernando",Graduate Degree,Professional
4362,9674,20673,"Washington, Dylan",Graduate Degree,Professional
4363,9675,20674,"Butler, Samuel",Bachelors,Skilled Manual
4364,9676,20675,"Martin, Natalie",Bachelors,Skilled Manual
4365,9677,20676,"Parker, Carlos",Bachelors,Skilled Manual
4366,9678,20677,"Bailey, Trinity",Bachelors,Skilled Manual
4367,9679,20678,"Lin, Martha",Bachelors,Skilled Manual
4368,9682,20681,"Moreno, Walter",Graduate Degree,Professional
4369,9683,20682,"Davis, John",Graduate Degree,Professional
4370,9684,20683,"Mitchell, Amanda",Graduate Degree,Professional
4371,9685,20684,"Lee, Olivia",Graduate Degree,Professional
4372,9686,20685,"Powell, Mariah",Bachelors,Professional
4373,9687,20686,"Nelson, Lucas",Bachelors,Professional
4374,9688,20687,"Campbell, Rebecca",Bachelors,Professional
4375,9689,20688,"Ramirez, Steven",Bachelors,Skilled Manual
4376,9690,20689,"Green, Connor",Bachelors,Skilled Manual
4377,9691,20690,"Torres, Nathaniel",Bachelors,Skilled Manual
4378,9693,20692,"Lewis, John",Graduate Degree,Professional
4379,9694,20693,"Perry, Zachary",Graduate Degree,Professional
4380,9696,20695,"Brown, Joshua",Bachelors,Skilled Manual
4381,9697,20696,"Gonzales, Ethan",Bachelors,Skilled Manual
4382,9698,20697,"Schmidt, Stefanie",Bachelors,Skilled Manual
4383,9699,20698,"Chandra, Darren",Bachelors,Skilled Manual
4384,9700,20699,"Wang, Hunter",Bachelors,Skilled Manual
4385,9701,20700,"Scott, Marcus",Bachelors,Skilled Manual
4386,9702,20701,"Anderson, Liz",Bachelors,Skilled Manual
4387,9703,20702,"Ross, Oscar",Bachelors,Skilled Manual
4388,9704,20703,"White, Seth",Bachelors,Professional
4389,9705,20704,"Rodriguez, Shane",Bachelors,Professional
4390,9706,20705,"Roberts, Kevin",Bachelors,Professional
4391,9707,20706,"Gonzalez, Haley",Bachelors,Professional
4392,9708,20707,"Stewart, Danielle",Bachelors,Professional
4393,9710,20709,"Evans, Samuel",Bachelors,Professional
4394,9716,20715,"Kapoor, Henry",Partial High School,Manual
4395,9717,20716,"Arun, Kristina",Bachelors,Skilled Manual
4396,9720,20719,"Alvarez, Lawrence",High School,Manual
4397,9721,20720,"Subram, Regina",High School,Manual
4398,9723,20722,"Serrano, Kellie",Partial College,Clerical
4399,9724,20723,"Zhu, Cedric",Partial High School,Manual
4400,9727,20726,"Romero, Beth",High School,Manual
4401,9728,20727,"Ye, Arturo",Partial College,Clerical
4402,9730,20729,"Zhou, Aimee",Partial College,Clerical
4403,9732,20731,"Kovár, Andre",Graduate Degree,Skilled Manual
4404,9733,20732,"Walker, Joshua",Partial College,Clerical
4405,9734,20733,"Luo, Sheena",Partial College,Clerical
4406,9736,20735,"Cooper, Caitlin",Graduate Degree,Skilled Manual
4407,9738,20737,"Griffin, Victoria",Partial College,Clerical
4408,9739,20738,"Kelly, Alex",Graduate Degree,Skilled Manual
4409,9740,20739,"Carter, Kaitlyn",High School,Manual
4410,9742,20741,"Foster, Jocelyn",High School,Manual
4411,9743,20742,"Stewart, Isabella",High School,Manual
4412,9744,20743,"Howard, Arianna",High School,Manual
4413,9745,20744,"Barnes, Amanda",High School,Manual
4414,9748,20747,"Vazquez, Melody",Partial High School,Clerical
4415,9749,20748,"Watson, Stephanie",Partial High School,Clerical
4416,9750,20749,"Morgan, Joan",High School,Clerical
4417,9751,20750,"King, Katherine",Partial College,Clerical
4418,9752,20751,"Arthur, Jermaine",High School,Clerical
4419,9753,20752,"Simmons, Christian",High School,Clerical
4420,9754,20753,"Kelly, Taylor",High School,Clerical
4421,9755,20754,"Davis, Ian",High School,Skilled Manual
4422,9756,20755,"Lopez, Alex",Partial College,Clerical
4423,9758,20757,"Powell, Alexia",High School,Skilled Manual
4424,9759,20758,"Sanders, Jesse",High School,Skilled Manual
4425,9760,20759,"Serrano, Teresa",Partial College,Clerical
4426,9762,20761,"Washington, Jonathan",Partial College,Clerical
4427,9763,20762,"King, Jennifer",High School,Skilled Manual
4428,9764,20763,"Carter, Lucas",High School,Skilled Manual
4429,9766,20765,"Lopez, Wyatt",Partial College,Clerical
4430,9767,20766,"Morgan, Charles",Partial College,Clerical
4431,9768,20767,"Thomas, Rachel",Partial College,Clerical
4432,9769,20768,"Nara, Marshall",Partial College,Clerical
4433,9770,20769,"Sanders, Michelle",Partial College,Clerical
4434,9771,20770,"Mitchell, Carlos",Graduate Degree,Skilled Manual
4435,9773,20772,"Garcia, Samantha",Graduate Degree,Skilled Manual
4436,9775,20774,"Miller, Anthony",Graduate Degree,Skilled Manual
4437,9776,20775,"Alonso, Bruce",Partial College,Clerical
4438,9777,20776,"Long, Haley",Partial College,Clerical
4439,9778,20777,"Sharma, Carly",Graduate Degree,Skilled Manual
4440,9779,20778,"Ramirez, Seth",Graduate Degree,Skilled Manual
4441,9780,20779,"Russell, Maria",Graduate Degree,Skilled Manual
4442,9781,20780,"White, Michael",Graduate Degree,Skilled Manual
4443,9783,20782,"Ye, Alan",Graduate Degree,Skilled Manual
4444,9785,20784,"Walker, Eduardo",Graduate Degree,Skilled Manual
4445,9788,20787,"Pal, Bridget",Graduate Degree,Skilled Manual
4446,9789,20788,"Gonzalez, Sara",Graduate Degree,Skilled Manual
4447,9790,20789,"Williams, Miguel",Graduate Degree,Skilled Manual
4448,9791,20790,"Harrison, Kayla",Graduate Degree,Skilled Manual
4449,9792,20791,"Patterson, Ryan",Graduate Degree,Skilled Manual
4450,9799,20798,"Munoz, Mathew",Bachelors,Manual
4451,9800,20799,"Raje, Peter",Graduate Degree,Clerical
4452,9806,20805,"Williams, Brandon",Partial College,Manual
4453,9809,20808,"Jai, Julie",Partial College,Manual
4454,9829,20828,"Shan, Jaclyn",Graduate Degree,Clerical
4455,9830,20829,"Diaz, Andy",Graduate Degree,Clerical
4456,9831,20830,"Martinez, Whitney",Graduate Degree,Clerical
4457,9832,20831,"Xu, Drew",Graduate Degree,Clerical
4458,9834,20833,"Sai, Douglas",Partial College,Manual
4459,9836,20835,"Gutierrez, Ruben",Partial College,Manual
4460,9837,20836,"Chandra, Stanley",Partial College,Manual
4461,9842,20841,"Alonso, Jésus",Graduate Degree,Clerical
4462,9843,20842,"Moreno, Tyrone",Bachelors,Clerical
4463,9844,20843,"Shan, Jose",Bachelors,Clerical
4464,9846,20845,"Malhotra, Barry",Bachelors,Clerical
4465,9848,20847,"Young, Kyle",Bachelors,Clerical
4466,9855,20854,"Raji, Kara",High School,Manual
4467,9861,20860,"Lopez, Preston",Graduate Degree,Clerical
4468,9862,20861,"Nara, Nicolas",Graduate Degree,Clerical
4469,9866,20865,"Ross, Luis",Partial College,Manual
4470,9871,20870,"Moreno, Jaime",High School,Manual
4471,9872,20871,"Arthur, Adriana",High School,Manual
4472,9874,20873,"Subram, Joel",Partial College,Manual
4473,9875,20874,"Lal, Edwin",Partial College,Manual
4474,9877,20876,"Alexander, Jackson",Bachelors,Clerical
4475,9894,20893,"Hall, Robert",Bachelors,Clerical
4476,9897,20896,"Sai, Arthur",Bachelors,Skilled Manual
4477,9899,20898,"Ferrier, Grant",Bachelors,Skilled Manual
4478,9904,20903,"Diaz, Robyn",Bachelors,Skilled Manual
4479,9909,20908,"Foster, Wyatt",Partial High School,Manual
4480,9913,20912,"Hu, Christy",Bachelors,Professional
4481,9914,20913,"Liu, Wesley",Partial College,Clerical
4482,9915,20914,"Zeng, Gilbert",Partial College,Clerical
4483,9917,20916,"Carlson, Kathleen",Partial College,Clerical
4484,9924,20923,"Powell, Isabella",Bachelors,Skilled Manual
4485,9925,20924,"Sanz, Alberto",High School,Manual
4486,9928,20927,"Martinez, Tammy",High School,Manual
4487,9929,20928,"Kapoor, Raymond",Partial College,Clerical
4488,9931,20930,"Chande, Drew",Bachelors,Skilled Manual
4489,9938,20937,"Williams, Natalie",Partial College,Clerical
4490,9940,20939,"Johnson, Joshua",High School,Manual
4491,9946,20945,"Tang, Roger",Partial College,Clerical
4492,9947,20946,"Chandra, Abby",Partial College,Clerical
4493,9959,20958,"Alonso, Gerald",Partial College,Clerical
4494,9968,20967,"Rowe, Casey",Partial College,Manual
4495,9971,20970,"Richardson, Isaiah",Partial College,Manual
4496,9979,20978,"Srini, Bruce",Partial College,Manual
4497,9980,20979,"Jimenez, Diane",Partial College,Manual
4498,9981,20980,"Miller, Matthew",Bachelors,Clerical
4499,9982,20981,"Romero, Craig",Partial College,Manual
4500,10007,21006,"Young, Sydney",Partial College,Manual
4501,10008,21007,"Ma, Nuan",Partial College,Manual
4502,10009,21008,"Carlson, Melody",Partial College,Manual
4503,10010,21009,"Sandberg, Clinton",Partial College,Manual
4504,10011,21010,"Navarro, Ruben",Partial College,Manual
4505,10016,21015,"Hernandez, Diane",Graduate Degree,Clerical
4506,10017,21016,"Kapoor, Michele",Graduate Degree,Clerical
4507,10030,21029,"Martin, Kristi",High School,Manual
4508,10033,21032,"Shan, Brendan",Partial College,Manual
4509,10036,21035,"Sanchez, Roy",Bachelors,Clerical
4510,10038,21037,"Arun, Bruce",Graduate Degree,Clerical
4511,10043,21042,"Liang, Jon",Partial College,Manual
4512,10044,21043,"McDonald, Johnathan",High School,Manual
4513,10048,21047,"Andersen, Sheena",Partial College,Manual
4514,10052,21051,"Alonso, Sabrina",Bachelors,Clerical
4515,10053,21052,"Xu, Sheena",Bachelors,Clerical
4516,10056,21055,"Carlson, Kristi",Graduate Degree,Clerical
4517,10058,21057,"Butler, Elizabeth",Bachelors,Skilled Manual
4518,10066,21065,"Thompson, Robert",Bachelors,Clerical
4519,10074,21073,"Kelly, Catherine",High School,Manual
4520,10076,21075,"Rana, Manuel",Bachelors,Skilled Manual
4521,10077,21076,"Nath, Terrence",Partial High School,Manual
4522,10083,21082,"Edwards, Jason",Partial College,Manual
4523,10086,21085,"Vazquez, Leslie",Partial College,Manual
4524,10087,21086,"Bell, Katelyn",Partial College,Manual
4525,10088,21087,"Scott, Rebecca",Bachelors,Professional
4526,10092,21091,"Jenkins, Ashley",Partial College,Clerical
4527,10097,21096,"Lin, Jon",Partial College,Clerical
4528,10098,21097,"Ruiz, Gary",High School,Manual
4529,10101,21100,"Zhang, Sandra",Partial College,Clerical
4530,10103,21102,"Zheng, Willie",Bachelors,Skilled Manual
4531,10108,21107,"Rodriguez, Kaitlin",Bachelors,Skilled Manual
4532,10109,21108,"Martin, Kristine",Bachelors,Skilled Manual
4533,10110,21109,"Pal, Katie",Partial College,Clerical
4534,10115,21114,"Murphy, Savannah",Partial College,Clerical
4535,10116,21115,"Raman, Bobby",Partial College,Clerical
4536,10121,21120,"Chen, Roger",Partial College,Clerical
4537,10129,21128,"Andersen, Kenneth",Partial College,Clerical
4538,10130,21129,"Wang, Rafael",Partial College,Clerical
4539,10132,21131,"Nath, Gilbert",Partial High School,Manual
4540,10140,21139,"Adams, Alex",Partial College,Skilled Manual
4541,10141,21140,"Diaz, Byron",High School,Skilled Manual
4542,10142,21141,"Li, Omar",High School,Skilled Manual
4543,10143,21142,"Brooks, Mason",High School,Skilled Manual
4544,10144,21143,"Campbell, Allison",Partial College,Skilled Manual
4545,10145,21144,"Richardson, Lucas",Partial College,Skilled Manual
4546,10146,21145,"Lal, Mindy",Bachelors,Professional
4547,10147,21146,"Taylor, Robert",Partial College,Skilled Manual
4548,10148,21147,"Rogers, Angel",Partial College,Skilled Manual
4549,10150,21149,"Diaz, Miguel",Partial College,Skilled Manual
4550,10151,21150,"Ramirez, Alyssa",Graduate Degree,Professional
4551,10152,21151,"Campbell, Aaron",Graduate Degree,Professional
4552,10153,21152,"Hill, Amanda",Graduate Degree,Professional
4553,10154,21153,"Thompson, James",Graduate Degree,Professional
4554,10155,21154,"Clark, Michael",Graduate Degree,Professional
4555,10156,21155,"Flores, Jeremiah",Partial College,Skilled Manual
4556,10157,21156,"Lopez, Maria",Partial College,Skilled Manual
4557,10158,21157,"Perry, Robert",Bachelors,Professional
4558,10159,21158,"Patterson, Trevor",Bachelors,Professional
4559,10164,21163,"Williams, William",Graduate Degree,Professional
4560,10165,21164,"Raman, Troy",Graduate Degree,Professional
4561,10234,21233,"Smith, Christopher",High School,Skilled Manual
4562,10235,21234,"Rivera, Brianna",High School,Skilled Manual
4563,10236,21235,"Hernandez, Stephanie",High School,Skilled Manual
4564,10237,21236,"Peterson, Adrian",High School,Skilled Manual
4565,10238,21237,"Washington, Luke",High School,Skilled Manual
4566,10241,21240,"Jenkins, Aaron",Partial High School,Clerical
4567,10242,21241,"Griffin, Carson",Partial High School,Clerical
4568,10243,21242,"Patterson, Morgan",Partial High School,Clerical
4569,10244,21243,"Bailey, Juan",High School,Skilled Manual
4570,10245,21244,"Torres, Allison",High School,Skilled Manual
4571,10246,21245,"Rodriguez, Samantha",High School,Skilled Manual
4572,10247,21246,"Nelson, Samuel",High School,Skilled Manual
4573,10248,21247,"Sanders, Alex",High School,Skilled Manual
4574,10251,21250,"Coleman, Fernando",High School,Skilled Manual
4575,10254,21253,"Williams, Victoria",High School,Skilled Manual
4576,10261,21260,"Howard, Ariana",High School,Skilled Manual
4577,10262,21261,"Kelly, Jessica",Partial College,Skilled Manual
4578,10263,21262,"Edwards, Sara",Partial College,Skilled Manual
4579,10265,21264,"Butler, Caleb",Partial College,Skilled Manual
4580,10266,21265,"Stone, Richard",Partial College,Skilled Manual
4581,10268,21267,"Parker, Charles",Bachelors,Management
4582,10269,21268,"Lewis, Elizabeth",Bachelors,Management
4583,10270,21269,"Clark, Blake",Bachelors,Management
4584,10271,21270,"Jackson, Daniel",Graduate Degree,Management
4585,10272,21271,"Wang, Thomas",Bachelors,Management
4586,10274,21273,"Thomas, Jennifer",Bachelors,Management
4587,10275,21274,"Scott, Seth",Partial College,Skilled Manual
4588,10276,21275,"Cox, Abigail",Partial College,Skilled Manual
4589,10279,21278,"King, Julia",Partial High School,Clerical
4590,10281,21280,"Walker, Justin",Partial College,Skilled Manual
4591,10282,21281,"Hill, Andrea",Partial College,Skilled Manual
4592,10283,21282,"Smith, Julia",Partial College,Skilled Manual
4593,10286,21285,"Rivera, Mackenzie",Partial College,Professional
4594,10287,21286,"Roy, Luke",Partial College,Professional
4595,10288,21287,"Jimenez, Kendra",Bachelors,Management
4596,10289,21288,"Hall, Hunter",Bachelors,Management
4597,10290,21289,"Wang, Warren",Partial College,Professional
4598,10291,21290,"Torres, Angel",Partial College,Professional
4599,10292,21291,"Morris, Rachel",Partial College,Professional
4600,10293,21292,"Martinez, Austin",Partial College,Professional
4601,10294,21293,"Garcia, Ashley",Partial College,Professional
4602,10295,21294,"Foster, David",Bachelors,Management
4603,10297,21296,"Hall, Luis",Partial College,Professional
4604,10298,21297,"Murphy, Melanie",High School,Professional
4605,10299,21298,"Collins, Noah",High School,Professional
4606,10300,21299,"Gonzales, Hannah",High School,Professional
4607,10301,21300,"Morgan, Kaylee",Bachelors,Management
4608,10302,21301,"Gonzalez, Sierra",Partial High School,Skilled Manual
4609,10303,21302,"Foster, Logan",Partial High School,Skilled Manual
4610,10304,21303,"Jenkins, Sydney",High School,Professional
4611,10305,21304,"Cooper, Jada",High School,Professional
4612,10308,21307,"Jones, Olivia",High School,Professional
4613,10310,21309,"Anderson, Julia",Partial College,Professional
4614,10311,21310,"Hayes, Mariah",High School,Professional
4615,10313,21312,"Scott, Connor",Graduate Degree,Management
4616,10314,21313,"Diaz, Beth",Graduate Degree,Management
4617,10315,21314,"Patterson, Devin",Graduate Degree,Management
4618,10316,21315,"Sanz, Audrey",Graduate Degree,Management
4619,10317,21316,"Thompson, John",Graduate Degree,Management
4620,10318,21317,"Rivera, Lauren",Graduate Degree,Management
4621,10320,21319,"Lee, Zachary",High School,Professional
4622,10321,21320,"Coleman, Hannah",High School,Professional
4623,10322,21321,"Jai, Jon",High School,Professional
4624,10323,21322,"Ramirez, Carlos",High School,Professional
4625,10324,21323,"Jackson, Robert",Partial College,Professional
4626,10325,21324,"Baker, Chloe",Partial College,Professional
4627,10326,21325,"Hayes, Angela",High School,Professional
4628,10327,21326,"Green, Andrea",Partial College,Professional
4629,10328,21327,"Washington, Connor",Bachelors,Management
4630,10329,21328,"Nelson, Xavier",Partial High School,Skilled Manual
4631,10330,21329,"Brown, Wyatt",Partial High School,Skilled Manual
4632,10331,21330,"Clark, Isabella",Partial High School,Skilled Manual
4633,10334,21333,"Allen, Mackenzie",Graduate Degree,Management
4634,10335,21334,"Nelson, Mason",Graduate Degree,Management
4635,10336,21335,"Coleman, Ana",Graduate Degree,Management
4636,10338,21337,"Smith, Jennifer",Partial College,Professional
4637,10339,21338,"Price, Victoria",Partial College,Professional
4638,10341,21340,"Wang, Adam",Graduate Degree,Management
4639,10342,21341,"Liu, Louis",Graduate Degree,Management
4640,10343,21342,"Xie, Tonya",Graduate Degree,Management
4641,10344,21343,"Zeng, Colin",Graduate Degree,Management
4642,10345,21344,"Perry, Trevor",Graduate Degree,Management
4643,10347,21346,"Rodriguez, Christian",Graduate Degree,Management
4644,10351,21350,"Sharma, Mindy",Graduate Degree,Management
4645,10352,21351,"Coleman, James",Graduate Degree,Management
4646,10354,21353,"Wu, Karen",Bachelors,Management
4647,10356,21355,"Diaz, Mya",Graduate Degree,Management
4648,10357,21356,"Evans, Gabriella",Graduate Degree,Management
4649,10358,21357,"Nelson, Jada",Graduate Degree,Management
4650,10359,21358,"Reed, Cody",Graduate Degree,Management
4651,10369,21368,"Collins, Mason",Partial College,Skilled Manual
4652,10370,21369,"Rodriguez, Sarah",Partial College,Skilled Manual
4653,10386,21385,"Peterson, Nicole",Partial College,Skilled Manual
4654,10387,21386,"Wood, Abigail",Partial College,Skilled Manual
4655,10389,21388,"Lee, Nicole",Bachelors,Management
4656,10396,21395,"Hughes, Alexia",Partial College,Skilled Manual
4657,10397,21396,"Martinez, Megan",Partial College,Skilled Manual
4658,10398,21397,"Howard, Mason",High School,Skilled Manual
4659,10399,21398,"Diaz, Ethan",Partial College,Skilled Manual
4660,10400,21399,"Hughes, Ian",Partial College,Skilled Manual
4661,10402,21401,"Powell, Eric",Partial College,Professional
4662,10411,21410,"Zhang, Eric",Partial College,Professional
4663,10412,21411,"Kelly, Maria",Partial College,Professional
4664,10414,21413,"Robinson, Dalton",Partial College,Professional
4665,10415,21414,"Butler, Aaron",Partial College,Professional
4666,10416,21415,"Sanchez, Sydney",Partial College,Professional
4667,10417,21416,"Butler, Ryan",Partial College,Professional
4668,10418,21417,"Torres, Gabrielle",Partial College,Professional
4669,10420,21419,"Ma, Gilbert",Bachelors,Management
4670,10421,21420,"Carter, Isabella",Partial High School,Skilled Manual
4671,10422,21421,"Ross, Ashley",High School,Professional
4672,10423,21422,"Wood, Karen",Bachelors,Management
4673,10425,21424,"Alexander, Emily",High School,Professional
4674,10426,21425,"Hall, Carlos",High School,Professional
4675,10427,21426,"Raje, Jon",High School,Professional
4676,10428,21427,"Foster, Kelly",Partial College,Professional
4677,10429,21428,"Brooks, Jada",Partial College,Professional
4678,10430,21429,"Sandberg, Isabella",Partial College,Professional
4679,10431,21430,"Morgan, Savannah",Graduate Degree,Management
4680,10433,21432,"Ward, Melanie",Bachelors,Management
4681,10434,21433,"Martinez, Gerald",Bachelors,Management
4682,10435,21434,"Smith, Isabella",Graduate Degree,Management
4683,10436,21435,"Alexander, Connor",Bachelors,Management
4684,10437,21436,"Serrano, Brandi",Bachelors,Professional
4685,10438,21437,"Sara, Whitney",Bachelors,Professional
4686,10439,21438,"Price, Edward",Bachelors,Professional
4687,10440,21439,"Clark, Thomas",Bachelors,Professional
4688,10441,21440,"Morgan, Ian",Bachelors,Professional
4689,10443,21442,"Cook, Savannah",Bachelors,Management
4690,10444,21443,"Morgan, Zoe",Bachelors,Management
4691,10445,21444,"Lopez, Blake",Bachelors,Management
4692,10446,21445,"Evans, Madeline",Graduate Degree,Management
4693,10449,21448,"Nelson, Jenna",Bachelors,Management
4694,10450,21449,"Raheem, Devon",Bachelors,Management
4695,10452,21451,"Ross, Jocelyn",High School,Professional
4696,10453,21452,"Bailey, Seth",High School,Professional
4697,10455,21454,"Goldstein, Alvin",Bachelors,Management
4698,10456,21455,"Shan, Samuel",High School,Professional
4699,10457,21456,"Gonzales, Dalton",High School,Professional
4700,10458,21457,"Serrano, Jamie",High School,Professional
4701,10459,21458,"Price, Carson",High School,Professional
4702,10460,21459,"Alexander, Luis",Bachelors,Management
4703,10461,21460,"Carter, Jack",Bachelors,Management
4704,10463,21462,"Nelson, Katelyn",Bachelors,Management
4705,10464,21463,"Roberts, Logan",Bachelors,Management
4706,10466,21465,"Shan, Austin",Bachelors,Management
4707,10467,21466,"Jones, Austin",Bachelors,Management
4708,10468,21467,"Harris, David",Bachelors,Management
4709,10469,21468,"Yang, Ethan",Bachelors,Management
4710,10470,21469,"Bell, Caitlin",Partial College,Professional
4711,10471,21470,"Jenkins, Stephanie",Partial College,Professional
4712,10473,21472,"Ward, Patrick",Partial College,Professional
4713,10474,21473,"Rubio, Stacy",High School,Professional
4714,10475,21474,"Gray, Lucas",Partial College,Professional
4715,10476,21475,"Alexander, Cassidy",Bachelors,Management
4716,10477,21476,"Jenkins, Hunter",Bachelors,Management
4717,10478,21477,"Watson, Katelyn",Bachelors,Management
4718,10479,21478,"Reed, Abigail",Bachelors,Management
4719,10480,21479,"Foster, Noah",Bachelors,Management
4720,10482,21481,"Diaz, Jose",Partial College,Professional
4721,10492,21491,"Lewis, Joseph",Partial College,Professional
4722,10493,21492,"Jai, Robert",Partial College,Professional
4723,10494,21493,"Coleman, Carson",Bachelors,Management
4724,10496,21495,"Hughes, James",High School,Professional
4725,10497,21496,"Rai, Nichole",Partial College,Professional
4726,10498,21497,"Cox, Patrick",Partial College,Professional
4727,10499,21498,"Wilson, Cameron",Partial College,Professional
4728,10500,21499,"Ramirez, Bailey",Partial College,Professional
4729,10501,21500,"Long, Devin",Partial High School,Skilled Manual
4730,10503,21502,"Clark, Morgan",High School,Professional
4731,10504,21503,"Long, Melanie",High School,Professional
4732,10505,21504,"Torres, Chloe",High School,Professional
4733,10507,21506,"Gutierrez, Randall",Partial College,Professional
4734,10511,21510,"Perry, Carol",Partial College,Professional
4735,10515,21514,"Zhu, Krystal",Bachelors,Management
4736,10520,21519,"Becker, Franklin",Bachelors,Management
4737,10524,21523,"Green, Timothy",Bachelors,Management
4738,10527,21526,"Munoz, Jonathon",Partial College,Professional
4739,10529,21528,"Moreno, Jay",Partial College,Professional
4740,10533,21532,"Turner, Sierra",Bachelors,Management
4741,10537,21536,"Rubio, Billy",High School,Professional
4742,10538,21537,"Navarro, Gloria",High School,Professional
4743,10547,21546,"Garcia, Cory",Partial High School,Skilled Manual
4744,10550,21549,"Ruiz, Jerome",High School,Management
4745,10551,21550,"Deng, Kara",High School,Management
4746,10575,21574,"Lewis, Fernando",Partial College,Professional
4747,10576,21575,"Foster, Justin",Partial College,Professional
4748,10577,21576,"Gonzales, Benjamin",Partial College,Professional
4749,10579,21578,"Green, Jordan",Graduate Degree,Management
4750,10580,21579,"Jackson, Wyatt",Graduate Degree,Management
4751,10584,21583,"Lal, Jaclyn",Bachelors,Skilled Manual
4752,10585,21584,"Bryant, Gavin",Bachelors,Skilled Manual
4753,10586,21585,"Gray, Trinity",Bachelors,Skilled Manual
4754,10587,21586,"Foster, Stephanie",Graduate Degree,Skilled Manual
4755,10588,21587,"Roberts, Jenna",Graduate Degree,Skilled Manual
4756,10589,21588,"Martin, Theodore",Graduate Degree,Skilled Manual
4757,10591,21590,"Gonzales, Taylor",Bachelors,Skilled Manual
4758,10592,21591,"Goel, Clayton",Bachelors,Skilled Manual
4759,10593,21592,"Reed, Christina",Bachelors,Skilled Manual
4760,10594,21593,"Roberts, Marcus",Bachelors,Skilled Manual
4761,10595,21594,"Moore, Brianna",Bachelors,Skilled Manual
4762,10597,21596,"Wright, Luke",Graduate Degree,Professional
4763,10598,21597,"Jones, Jose",Graduate Degree,Professional
4764,10599,21598,"Perez, Chloe",Graduate Degree,Professional
4765,10600,21599,"Lopez, Sara",Graduate Degree,Professional
4766,10601,21600,"Bell, Alexa",Bachelors,Skilled Manual
4767,10602,21601,"Bell, Jacqueline",Bachelors,Skilled Manual
4768,10603,21602,"Malhotra, Manuel",Bachelors,Skilled Manual
4769,10604,21603,"Barnes, Seth",Bachelors,Skilled Manual
4770,10605,21604,"Howard, Melanie",Bachelors,Professional
4771,10606,21605,"Ye, Brittney",Graduate Degree,Professional
4772,10607,21606,"Roberts, Connor",Graduate Degree,Professional
4773,10608,21607,"Torres, Bryce",Graduate Degree,Professional
4774,10609,21608,"Griffin, David",Graduate Degree,Professional
4775,10610,21609,"Blanco, Tabitha",Graduate Degree,Professional
4776,10611,21610,"Edwards, Caleb",Graduate Degree,Professional
4777,10612,21611,"Wilson, Ethan",Graduate Degree,Professional
4778,10613,21612,"Foster, Spencer",Bachelors,Professional
4779,10616,21615,"Torres, Grace",Bachelors,Skilled Manual
4780,10617,21616,"Wood, Carson",Graduate Degree,Professional
4781,10618,21617,"Miller, Jennifer",Graduate Degree,Professional
4782,10620,21619,"Patterson, Angela",Graduate Degree,Professional
4783,10624,21623,"Diaz, Connor",Graduate Degree,Professional
4784,10625,21624,"Price, Faith",Graduate Degree,Professional
4785,10626,21625,"Hall, Jennifer",Graduate Degree,Professional
4786,10627,21626,"Garcia, Brianna",Graduate Degree,Professional
4787,10628,21627,"Roberts, Bailey",Graduate Degree,Professional
4788,10629,21628,"Xu, Kelli",Bachelors,Professional
4789,10631,21630,"Jenkins, Faith",Bachelors,Skilled Manual
4790,10633,21632,"Liang, Jaclyn",Bachelors,Skilled Manual
4791,10634,21633,"Zhang, Cameron",Bachelors,Skilled Manual
4792,10635,21634,"Cook, Arianna",Bachelors,Skilled Manual
4793,10636,21635,"Lewis, Christian",Bachelors,Skilled Manual
4794,10637,21636,"Rivera, Katherine",Bachelors,Skilled Manual
4795,10638,21637,"Lewis, Richard",Bachelors,Professional
4796,10639,21638,"Harris, Olivia",Bachelors,Professional
4797,10640,21639,"Wilson, Anthony",Bachelors,Skilled Manual
4798,10641,21640,"Cooper, Charles",Bachelors,Skilled Manual
4799,10642,21641,"Perez, Kaylee",Bachelors,Skilled Manual
4800,10644,21643,"Diaz, Wyatt",Bachelors,Skilled Manual
4801,10645,21644,"Howard, Sydney",Bachelors,Skilled Manual
4802,10646,21645,"Alexander, Spencer",Bachelors,Skilled Manual
4803,10647,21646,"Bryant, Luis",Bachelors,Professional
4804,10648,21647,"Brown, Blake",Bachelors,Professional
4805,10649,21648,"Sun, Ronnie",Bachelors,Professional
4806,10650,21649,"Nara, Keith",Bachelors,Professional
4807,10651,21650,"Zeng, Cedric",Bachelors,Professional
4808,10652,21651,"Cooper, Sean",Bachelors,Professional
4809,10654,21653,"Anderson, Jose",Bachelors,Professional
4810,10655,21654,"Barnes, Aidan",Bachelors,Professional
4811,10658,21657,"Green, Sara",Bachelors,Professional
4812,10661,21660,"Watson, Allison",Graduate Degree,Professional
4813,10662,21661,"Champion, Terry",High School,Manual
4814,10664,21663,"Goel, Kenneth",Partial High School,Manual
4815,10667,21666,"Jimenez, Leslie",Bachelors,Skilled Manual
4816,10668,21667,"Zhang, Crystal",Bachelors,Skilled Manual
4817,10673,21672,"Gomez, Craig",High School,Manual
4818,10675,21674,"Morris, Jada",Partial High School,Manual
4819,10681,21680,"Torres, Ricky",High School,Manual
4820,10682,21681,"Ortega, Casey",Partial College,Clerical
4821,10686,21685,"Green, Bailey",Partial College,Clerical
4822,10687,21686,"Ortega, Albert",Partial College,Clerical
4823,10688,21687,"Brown, Sarah",Graduate Degree,Skilled Manual
4824,10689,21688,"Morris, Jesse",Graduate Degree,Skilled Manual
4825,10690,21689,"Simmons, Olivia",Graduate Degree,Skilled Manual
4826,10693,21692,"Ward, Savannah",Graduate Degree,Skilled Manual
4827,10694,21693,"Ashe, Alyssa",Graduate Degree,Skilled Manual
4828,10695,21694,"Sai, Bobby",Graduate Degree,Skilled Manual
4829,10696,21695,"Rodriguez, Ethan",Graduate Degree,Skilled Manual
4830,10697,21696,"Watson, Gabrielle",High School,Manual
4831,10698,21697,"Powell, Dalton",High School,Manual
4832,10699,21698,"She, Tracy",High School,Manual
4833,10700,21699,"Sharma, Logan",Partial College,Clerical
4834,10701,21700,"Ramirez, Juan",Partial College,Clerical
4835,10702,21701,"Sanders, Abigail",High School,Clerical
4836,10705,21704,"Martinez, Charles",Partial College,Clerical
4837,10706,21705,"Sharma, Warren",High School,Skilled Manual
4838,10707,21706,"Murphy, Haley",High School,Skilled Manual
4839,10708,21707,"Simmons, Cassidy",High School,Skilled Manual
4840,10709,21708,"Brooks, Andrea",Partial College,Clerical
4841,10710,21709,"Torres, Katherine",Partial College,Clerical
4842,10712,21711,"Gray, Hailey",Partial College,Clerical
4843,10715,21714,"Patel, Carmen",Graduate Degree,Skilled Manual
4844,10716,21715,"Ross, Jonathan",Graduate Degree,Skilled Manual
4845,10717,21716,"Sara, Gerald",Graduate Degree,Skilled Manual
4846,10718,21717,"King, Angel",Partial College,Clerical
4847,10719,21718,"Roberts, Devin",Graduate Degree,Skilled Manual
4848,10720,21719,"Torres, Morgan",Graduate Degree,Skilled Manual
4849,10721,21720,"Jai, Raul",Graduate Degree,Skilled Manual
4850,10722,21721,"Campbell, Sara",Graduate Degree,Skilled Manual
4851,10723,21722,"Wood, Spencer",Graduate Degree,Skilled Manual
4852,10724,21723,"Huang, Tiffany",Graduate Degree,Skilled Manual
4853,10725,21724,"Yang, Mandy",Graduate Degree,Skilled Manual
4854,10729,21728,"Harris, Madison",Graduate Degree,Skilled Manual
4855,10730,21729,"Morgan, Alexandria",Graduate Degree,Skilled Manual
4856,10731,21730,"Campbell, Noah",Graduate Degree,Skilled Manual
4857,10732,21731,"Diaz, Alexandra",Graduate Degree,Skilled Manual
4858,10734,21733,"Simmons, Ian",Graduate Degree,Skilled Manual
4859,10735,21734,"Garcia, Grace",Graduate Degree,Skilled Manual
4860,10744,21743,"Rubio, Theresa",Bachelors,Management
4861,10745,21744,"Perry, Emma",Bachelors,Management
4862,10747,21746,"Hernandez, Xavier",High School,Skilled Manual
4863,10748,21747,"Munoz, Derrick",Bachelors,Professional
4864,10749,21748,"Harris, Wyatt",Bachelors,Professional
4865,10750,21749,"Williams, Ashley",Bachelors,Management
4866,10751,21750,"Reed, Carlos",Graduate Degree,Management
4867,10752,21751,"Jackson, Logan",Graduate Degree,Management
4868,10754,21753,"Robinson, Morgan",Bachelors,Management
4869,10755,21754,"Lopez, Kaitlyn",Bachelors,Management
4870,10756,21755,"White, Lucas",Bachelors,Management
4871,10757,21756,"Carter, Allison",Bachelors,Management
4872,10758,21757,"Wang, Elijah",Bachelors,Management
4873,10759,21758,"Malhotra, Patricia",High School,Professional
4874,10763,21762,"Hernandez, Andrea",Bachelors,Management
4875,10764,21763,"Brown, Madison",High School,Professional
4876,10766,21765,"Kelly, Nathaniel",High School,Professional
4877,10767,21766,"Baker, Jesse",Bachelors,Management
4878,10768,21767,"Ramirez, Mariah",Bachelors,Management
4879,10770,21769,"Rubio, Michele",Bachelors,Management
4880,10771,21770,"Thomas, Brandon",Bachelors,Management
4881,10772,21771,"Shen, Sheena",Bachelors,Management
4882,10773,21772,"Patterson, Sarah",Bachelors,Management
4883,10774,21773,"Rogers, Alyssa",Bachelors,Management
4884,10775,21774,"James, Brian",Partial College,Professional
4885,10776,21775,"Ramirez, Sean",Partial College,Professional
4886,10777,21776,"Thompson, Daniel",Partial College,Professional
4887,10779,21778,"Shen, Louis",Partial College,Professional
4888,10780,21779,"Black, Maurice",Partial College,Professional
4889,10781,21780,"Gonzalez, Pedro",Partial College,Professional
4890,10782,21781,"Rivera, Jared",Bachelors,Management
4891,10783,21782,"Martin, Blake",High School,Professional
4892,10784,21783,"Goel, Kate",High School,Professional
4893,10785,21784,"Hernandez, Mackenzie",Partial College,Professional
4894,10786,21785,"Rodriguez, Tabitha",Partial College,Professional
4895,10787,21786,"Bennett, Alexis",Bachelors,Management
4896,10788,21787,"Allen, Rebecca",Bachelors,Management
4897,10789,21788,"Barnes, Spencer",Bachelors,Management
4898,10790,21789,"Griffin, Lauren",Bachelors,Management
4899,10791,21790,"Diaz, James",Bachelors,Management
4900,10792,21791,"Price, Richard",Bachelors,Management
4901,10794,21793,"Scott, Kaylee",Partial College,Professional
4902,10795,21794,"James, Alyssa",Partial College,Professional
4903,10796,21795,"Bennett, Tristan",Partial College,Professional
4904,10798,21797,"Gao, Kelvin",Partial College,Professional
4905,10799,21798,"Sanders, Jade",Partial College,Professional
4906,10800,21799,"Cook, Angel",Partial College,Professional
4907,10801,21800,"Raman, Heidi",Partial College,Professional
4908,10802,21801,"Cooper, Kaylee",Partial College,Professional
4909,10803,21802,"Roberts, Lucas",Bachelors,Management
4910,10805,21804,"Cook, Brooke",High School,Professional
4911,10806,21805,"Russell, Lucas",Partial College,Professional
4912,10807,21806,"Xie, Kelvin",Partial College,Professional
4913,10808,21807,"Campbell, Amanda",Partial College,Professional
4914,10809,21808,"Green, Amanda",Partial College,Professional
4915,10810,21809,"Thompson, Sydney",Partial College,Professional
4916,10811,21810,"Miller, Justin",Partial College,Professional
4917,10812,21811,"Williams, Olivia",Partial High School,Skilled Manual
4918,10813,21812,"Bailey, Adrian",High School,Professional
4919,10815,21814,"Edwards, Noah",High School,Professional
4920,10817,21816,"Roberts, Jackson",Bachelors,Management
4921,10822,21821,"Tang, Clayton",High School,Professional
4922,10824,21823,"She, Lacey",High School,Professional
4923,10826,21825,"Zhou, Randy",Partial College,Professional
4924,10827,21826,"Russell, Abigail",Partial High School,Professional
4925,10828,21827,"Gutierrez, Mallory",Partial College,Professional
4926,10829,21828,"Gonzales, Megan",Partial College,Professional
4927,10834,21833,"Gonzalez, Terrance",Partial College,Professional
4928,10835,21834,"Mehta, Jillian",Partial College,Professional
4929,10836,21835,"Sun, Susan",Bachelors,Management
4930,10837,21836,"Raman, Kristi",Bachelors,Management
4931,10838,21837,"Alexander, Megan",Partial College,Professional
4932,10839,21838,"Ruiz, Gerald",Partial College,Professional
4933,10843,21842,"Navarro, Neil",Bachelors,Management
4934,10844,21843,"He, Erica",Bachelors,Management
4935,10845,21844,"Long, James",Partial College,Professional
4936,10847,21846,"Patterson, Kevin",Partial College,Professional
4937,10852,21851,"Railson, Stuart",High School,Professional
4938,10853,21852,"Johnson, Eduardo",High School,Professional
4939,10854,21853,"Gutierrez, Stacy",Partial College,Professional
4940,10864,21863,"Anand, Shawna",Partial High School,Skilled Manual
4941,10869,21868,"Ma, Aimee",High School,Management
4942,10870,21869,"Prasad, Tina",Partial High School,Professional
4943,10901,21900,"Jones, Robert",Partial College,Professional
4944,10902,21901,"Taylor, Elizabeth",Partial College,Professional
4945,10903,21902,"James, Natalie",Graduate Degree,Management
4946,10904,21903,"Jenkins, Fernando",Partial College,Professional
4947,10906,21905,"Hernandez, Pedro",Graduate Degree,Management
4948,10907,21906,"Simmons, Miranda",Graduate Degree,Management
4949,10908,21907,"Hall, Jordan",Graduate Degree,Management
4950,10909,21908,"Hayes, Isabel",Graduate Degree,Management
4951,10910,21909,"Ward, Allison",Bachelors,Management
4952,10911,21910,"Perez, Rebekah",Partial College,Clerical
4953,10915,21914,"Brown, Emily",Partial High School,Manual
4954,10916,21915,"Wood, Tristan",Partial College,Skilled Manual
4955,10918,21917,"Johnson, Dalton",High School,Skilled Manual
4956,10919,21918,"Serrano, Carol",High School,Skilled Manual
4957,10920,21919,"Howard, Melissa",Partial College,Skilled Manual
4958,10921,21920,"Bennett, Destiny",Partial College,Skilled Manual
4959,10923,21922,"Ward, Bailey",Partial College,Skilled Manual
4960,10924,21923,"Williams, Justin",Partial College,Skilled Manual
4961,10925,21924,"Cook, Eduardo",High School,Skilled Manual
4962,10927,21926,"Henderson, Melanie",Graduate Degree,Professional
4963,10928,21927,"Browning, Meredith",Graduate Degree,Professional
4964,10929,21928,"Luo, Karl",Graduate Degree,Professional
4965,10930,21929,"Perry, Karen",Graduate Degree,Professional
4966,10931,21930,"Perry, Marissa",Graduate Degree,Professional
4967,10932,21931,"Wood, Marcus",Partial College,Skilled Manual
4968,10933,21932,"Kumar, Leonard",Partial College,Skilled Manual
4969,10942,21941,"Moore, Gail",Bachelors,Professional
4970,10943,21942,"Roberts, Julia",Graduate Degree,Professional
4971,11008,22007,"Hernandez, Kaylee",High School,Skilled Manual
4972,11010,22009,"Alvarez, Ross",High School,Skilled Manual
4973,11011,22010,"Lopez, Henry",High School,Skilled Manual
4974,11012,22011,"Patterson, Richard",High School,Skilled Manual
4975,11013,22012,"Malhotra, Regina",High School,Skilled Manual
4976,11014,22013,"Jenkins, Marcus",High School,Skilled Manual
4977,11017,22016,"Andersen, Terrence",Partial High School,Clerical
4978,11022,22021,"White, Ethan",Partial High School,Clerical
4979,11023,22022,"Davis, Christopher",Partial High School,Clerical
4980,11024,22023,"Chen, Rafael",Partial High School,Clerical
4981,11025,22024,"Chen, Samuel",High School,Skilled Manual
4982,11026,22025,"Peterson, Riley",High School,Skilled Manual
4983,11035,22034,"Clark, Seth",Partial College,Skilled Manual
4984,11036,22035,"Wilson, Ryan",Partial College,Skilled Manual
4985,11037,22036,"Hall, Gabriella",High School,Skilled Manual
4986,11038,22037,"Gonzales, Angela",High School,Skilled Manual
4987,11039,22038,"Jackson, Isabella",Partial College,Skilled Manual
4988,11040,22039,"Simmons, Marissa",Partial College,Skilled Manual
4989,11041,22040,"Brown, Devin",Partial College,Skilled Manual
4990,11043,22042,"Bryant, Abigail",Partial College,Skilled Manual
4991,11044,22043,"Cox, Trinity",Partial College,Skilled Manual
4992,11045,22044,"Young, Connor",Bachelors,Management
4993,11046,22045,"Chen, Cameron",Bachelors,Management
4994,11047,22046,"Sanders, Jasmine",Bachelors,Management
4995,11048,22047,"Gonzales, David",Bachelors,Management
4996,11049,22048,"Washington, Grace",Bachelors,Management
4997,11050,22049,"Patel, Allen",Graduate Degree,Management
4998,11052,22051,"Rogers, Lauren",Partial College,Skilled Manual
4999,11053,22052,"Butler, Zachary",Graduate Degree,Management
5000,11054,22053,"Goel, Jaime",Bachelors,Management
5001,11055,22054,"Raji, Russell",Bachelors,Management
5002,11056,22055,"Clark, Hannah",Bachelors,Management
5003,11057,22056,"Howard, Alex",High School,Skilled Manual
5004,11058,22057,"Ross, Kyle",High School,Skilled Manual
5005,11061,22060,"Hill, Evan",Partial College,Skilled Manual
5006,11062,22061,"Goel, Jenny",Partial College,Skilled Manual
5007,11063,22062,"Flores, Cameron",Partial College,Skilled Manual
5008,11067,22066,"Munoz, Paula",Graduate Degree,Skilled Manual
5009,11068,22067,"Jackson, Julia",Graduate Degree,Skilled Manual
5010,11069,22068,"James, Sean",Partial College,Professional
5011,11071,22070,"Brown, Eduardo",Bachelors,Management
5012,11072,22071,"Carter, Gabriel",Bachelors,Management
5013,11073,22072,"Russell, Devin",Bachelors,Management
5014,11076,22075,"Patel, Pedro",Bachelors,Management
5015,11077,22076,"Vazquez, Nelson",Bachelors,Management
5016,11078,22077,"Rubio, Marvin",Bachelors,Management
5017,11079,22078,"Martin, William",Partial College,Professional
5018,11083,22082,"Barnes, Lucas",Bachelors,Management
5019,11084,22083,"Flores, David",Bachelors,Management
5020,11085,22084,"Gomez, Francis",Partial College,Professional
5021,11086,22085,"Mehta, Toni",Partial College,Professional
5022,11087,22086,"Sanchez, Chelsea",Partial College,Professional
5023,11088,22087,"Coleman, Joan",High School,Professional
5024,11089,22088,"Diaz, Hannah",Bachelors,Management
5025,11090,22089,"Gray, Mason",Bachelors,Management
5026,11104,22103,"Hernandez, Alexandra",Partial College,Professional
5027,11105,22104,"Adams, Richard",Partial College,Professional
5028,11106,22105,"Cooper, Taylor",High School,Professional
5029,11107,22106,"Long, Olivia",Partial College,Professional
5030,11117,22116,"Lopez, Robert",Graduate Degree,Management
5031,11120,22119,"Flores, Hailey",Graduate Degree,Management
5032,11125,22124,"Alonso, Desiree",Graduate Degree,Management
5033,11126,22125,"Garcia, Zachary",Graduate Degree,Management
5034,11127,22126,"Ward, Rachel",Graduate Degree,Management
5035,11128,22127,"Thompson, Marcus",Graduate Degree,Management
5036,11130,22129,"Hall, Chloe",Graduate Degree,Management
5037,11131,22130,"Bryant, Xavier",Graduate Degree,Management
5038,11132,22131,"Cook, Jessica",Graduate Degree,Management
5039,11133,22132,"Mehta, Rachael",Graduate Degree,Management
5040,11134,22133,"Adams, Xavier",Graduate Degree,Management
5041,11135,22134,"Raji, Leonard",Graduate Degree,Management
5042,11136,22135,"Hernandez, Julia",Graduate Degree,Management
5043,11137,22136,"Evans, Devin",Graduate Degree,Management
5044,11138,22137,"Griffin, Elizabeth",Graduate Degree,Management
5045,11154,22153,"Kelly, Alyssa",Partial College,Skilled Manual
5046,11158,22157,"Richardson, Maria",Partial High School,Clerical
5047,11159,22158,"Phillips, Amber",Partial High School,Clerical
5048,11160,22159,"Davis, David",Partial College,Skilled Manual
5049,11161,22160,"Richardson, Alex",Partial College,Skilled Manual
5050,11162,22161,"Clark, Rachel",Partial College,Skilled Manual
5051,11163,22162,"Yuan, Brad",Partial College,Skilled Manual
5052,11164,22163,"Scott, Morgan",Partial College,Skilled Manual
5053,11165,22164,"Morris, Destiny",Partial College,Skilled Manual
5054,11166,22165,"Perez, Aaron",Partial College,Skilled Manual
5055,11167,22166,"Gray, Katherine",Partial College,Skilled Manual
5056,11184,22183,"Jones, Benjamin",Partial College,Skilled Manual
5057,11185,22184,"Carter, Jeremy",Partial College,Skilled Manual
5058,11186,22185,"Henderson, Connor",Partial College,Skilled Manual
5059,11187,22186,"Foster, Jonathan",Partial College,Skilled Manual
5060,11188,22187,"Russell, Hannah",High School,Skilled Manual
5061,11189,22188,"Barnes, Sarah",Partial College,Skilled Manual
5062,11190,22189,"Hernandez, Linda",Partial College,Professional
5063,11191,22190,"Richardson, Carlos",Partial College,Professional
5064,11192,22191,"Adams, Jack",Partial College,Professional
5065,11193,22192,"Zimmerman, Henry",Partial College,Professional
5066,11212,22211,"Gray, Richard",Partial College,Professional
5067,11216,22215,"Lal, Samuel",Graduate Degree,Management
5068,11217,22216,"Howard, Marcus",Bachelors,Management
5069,11219,22218,"Bryant, Christian",High School,Professional
5070,11221,22220,"Sharma, Brandon",High School,Professional
5071,11222,22221,"Kumar, Benjamin",High School,Professional
5072,11223,22222,"Hill, Angel",Partial College,Professional
5073,11224,22223,"Parker, Gabrielle",Partial College,Professional
5074,11225,22224,"Alexander, Katherine",Partial College,Professional
5075,11226,22225,"Murphy, Jessica",Partial College,Professional
5076,11227,22226,"Sanders, Morgan",High School,Professional
5077,11228,22227,"Cai, Barbara",High School,Professional
5078,11229,22228,"Gonzalez, Katelyn",High School,Professional
5079,11230,22229,"Perry, Wyatt",High School,Professional
5080,11232,22231,"Brooks, Grace",Partial College,Professional
5081,11236,22235,"Peterson, Sebastian",Graduate Degree,Professional
5082,11237,22236,"Gonzalez, Jose",Bachelors,Skilled Manual
5083,11238,22237,"Morris, Angel",Bachelors,Skilled Manual
5084,11239,22238,"Murphy, Alex",Bachelors,Skilled Manual
5085,11240,22239,"Cook, Jesse",Bachelors,Skilled Manual
5086,11241,22240,"Powell, Miguel",Bachelors,Skilled Manual
5087,11242,22241,"Washington, Alexandria",Bachelors,Skilled Manual
5088,11243,22242,"Walker, Cameron",Bachelors,Skilled Manual
5089,11244,22243,"Lewis, Emma",Graduate Degree,Professional
5090,11245,22244,"Howard, Shelby",Bachelors,Skilled Manual
5091,11246,22245,"Lopez, Evan",Bachelors,Skilled Manual
5092,11247,22246,"Cox, Jacqueline",Bachelors,Skilled Manual
5093,11249,22248,"Ramos, Gary",Bachelors,Skilled Manual
5094,11250,22249,"Chen, Kevin",Graduate Degree,Professional
5095,11251,22250,"Wilson, Michael",Graduate Degree,Professional
5096,11254,22253,"Reed, Stephanie",Graduate Degree,Professional
5097,11255,22254,"Scott, Fernando",Graduate Degree,Professional
5098,11256,22255,"Rogers, Nicole",Graduate Degree,Professional
5099,11257,22256,"Lu, Edwin",Graduate Degree,Professional
5100,11258,22257,"Romero, Carrie",Graduate Degree,Professional
5101,11259,22258,"Reed, Jessica",Graduate Degree,Professional
5102,11260,22259,"Mitchell, Dalton",Bachelors,Professional
5103,11261,22260,"Allen, Courtney",Bachelors,Skilled Manual
5104,11262,22261,"Allen, Isaac",Bachelors,Skilled Manual
5105,11263,22262,"Collins, Marcus",Bachelors,Skilled Manual
5106,11264,22263,"Blue, Patrick",Bachelors,Skilled Manual
5107,11267,22266,"Sanders, Rachel",Graduate Degree,Professional
5108,11270,22269,"Yang, Caleb",Graduate Degree,Professional
5109,11271,22270,"Gonzales, Antonio",Graduate Degree,Professional
5110,11272,22271,"Mitchell, Connor",Graduate Degree,Professional
5111,11273,22272,"Kelly, Isabella",Graduate Degree,Professional
5112,11274,22273,"Rodriguez, Patricia",Bachelors,Professional
5113,11275,22274,"Chen, Adam",Bachelors,Professional
5114,11276,22275,"Bailey, Ian",Bachelors,Professional
5115,11277,22276,"Gray, Gabriella",Bachelors,Professional
5116,11278,22277,"Torres, Arianna",Bachelors,Professional
5117,11280,22279,"Kelly, Riley",Bachelors,Skilled Manual
5118,11281,22280,"Scott, Luis",Bachelors,Skilled Manual
5119,11282,22281,"Diaz, Alexia",Graduate Degree,Professional
5120,11283,22282,"Hughes, Jonathan",Bachelors,Professional
5121,11284,22283,"Davis, Eduardo",Bachelors,Skilled Manual
5122,11285,22284,"Sanz, Kristy",Bachelors,Skilled Manual
5123,11287,22286,"Hughes, Gabriel",Bachelors,Skilled Manual
5124,11288,22287,"Griffin, Megan",Bachelors,Skilled Manual
5125,11289,22288,"Patterson, Isabel",Bachelors,Skilled Manual
5126,11290,22289,"Long, Thomas",Bachelors,Skilled Manual
5127,11291,22290,"Jenkins, Jocelyn",Bachelors,Professional
5128,11292,22291,"Morris, Carlos",Bachelors,Professional
5129,11293,22292,"Gomez, Stacy",Bachelors,Professional
5130,11294,22293,"Johnson, Jasmine",Bachelors,Professional
5131,11295,22294,"Brown, Rachel",Bachelors,Professional
5132,11296,22295,"Morgan, Jade",Bachelors,Professional
5133,11297,22296,"Johnson, Benjamin",Bachelors,Professional
5134,11298,22297,"Garcia, Jasmine",Bachelors,Professional
5135,11299,22298,"Williams, Marcus",Bachelors,Professional
5136,11301,22300,"Price, Kaitlyn",Graduate Degree,Professional
5137,11302,22301,"Rodriguez, Abigail",Graduate Degree,Professional
5138,11308,22307,"Ross, Sarah",Bachelors,Skilled Manual
5139,11311,22310,"Sanders, Christina",Partial High School,Manual
5140,11318,22317,"Nath, Karla",Partial High School,Manual
5141,11319,22318,"Xu, Ramon",High School,Manual
5142,11327,22326,"Howard, Riley",Partial College,Clerical
5143,11328,22327,"Cai, Jake",Partial College,Clerical
5144,11329,22328,"Anderson, Grace",Graduate Degree,Skilled Manual
5145,11330,22329,"Peterson, Grace",Graduate Degree,Skilled Manual
5146,11331,22330,"Walker, Jose",Graduate Degree,Skilled Manual
5147,11332,22331,"Yuan, Michele",Partial College,Clerical
5148,11334,22333,"Watson, Gabriella",Graduate Degree,Skilled Manual
5149,11335,22334,"Serrano, Juan",Graduate Degree,Skilled Manual
5150,11336,22335,"Taylor, Anthony",Graduate Degree,Skilled Manual
5151,11337,22336,"Moreno, Frank",Graduate Degree,Skilled Manual
5152,11338,22337,"Jenkins, Haley",High School,Manual
5153,11339,22338,"Russell, Thomas",High School,Manual
5154,11340,22339,"Nelson, Richard",High School,Manual
5155,11341,22340,"Young, Isaac",High School,Manual
5156,11342,22341,"Washington, Tristan",High School,Manual
5157,11343,22342,"Lal, Jon",Partial High School,Clerical
5158,11344,22343,"Powell, Brittany",High School,Clerical
5159,11345,22344,"Yang, Krystal",High School,Clerical
5160,11346,22345,"James, Amanda",High School,Skilled Manual
5161,11347,22346,"Howard, Catherine",Partial College,Clerical
5162,11348,22347,"Long, Abigail",High School,Skilled Manual
5163,11349,22348,"Torres, Zoe",High School,Skilled Manual
5164,11351,22350,"Powell, Riley",High School,Skilled Manual
5165,11352,22351,"Davis, Sarah",High School,Skilled Manual
5166,11353,22352,"Moore, Elizabeth",High School,Skilled Manual
5167,11356,22355,"Jones, Logan",High School,Skilled Manual
5168,11357,22356,"Ward, Charles",High School,Skilled Manual
5169,11358,22357,"Lal, Justin",High School,Skilled Manual
5170,11359,22358,"Butler, Sydney",Partial College,Clerical
5171,11361,22360,"Collins, Caleb",Partial College,Clerical
5172,11362,22361,"White, Nathan",Partial College,Clerical
5173,11363,22362,"Russell, Austin",Graduate Degree,Skilled Manual
5174,11365,22364,"Jenkins, Katherine",Graduate Degree,Skilled Manual
5175,11366,22365,"Richardson, Sebastian",Graduate Degree,Skilled Manual
5176,11368,22367,"Griffin, Jasmine",Graduate Degree,Skilled Manual
5177,11369,22368,"Ross, Edward",Partial College,Clerical
5178,11370,22369,"Deng, Louis",Graduate Degree,Skilled Manual
5179,11371,22370,"Patterson, Carol",Graduate Degree,Skilled Manual
5180,11373,22372,"Perry, Melanie",Graduate Degree,Skilled Manual
5181,11375,22374,"Patterson, Luke",Graduate Degree,Skilled Manual
5182,11376,22375,"Williams, Jasmine",Graduate Degree,Skilled Manual
5183,11377,22376,"Martin, Marcus",Graduate Degree,Skilled Manual
5184,11381,22380,"Nath, Brendan",Graduate Degree,Manual
5185,11382,22381,"Patterson, Hunter",Graduate Degree,Manual
5186,11385,22384,"Sanchez, Paige",Bachelors,Manual
5187,11387,22386,"Gill, Jerome",Graduate Degree,Clerical
5188,11388,22387,"Romero, Audrey",Graduate Degree,Clerical
5189,11390,22389,"Luo, Edwin",Bachelors,Clerical
5190,11391,22390,"Zheng, Kelvin",Bachelors,Clerical
5191,11392,22391,"Watson, Angela",Partial College,Manual
5192,11394,22393,"Perez, Chelsea",Partial College,Manual
5193,11399,22398,"Moreno, Sheila",Partial College,Manual
5194,11415,22414,"Wu, Eugene",Partial College,Manual
5195,11416,22415,"Phillips, Natalie",Bachelors,Clerical
5196,11433,22432,"Xie, Bridget",High School,Manual
5197,11437,22436,"Raji, Roger",Bachelors,Clerical
5198,11442,22441,"Torres, Andrea",Bachelors,Clerical
5199,11445,22444,"Xie, Colin",Graduate Degree,Clerical
5200,11448,22447,"Shan, Tara",Graduate Degree,Clerical
5201,11451,22450,"Alvarez, Audrey",Graduate Degree,Skilled Manual
5202,11454,22453,"Long, Dakota",Bachelors,Clerical
5203,11456,22455,"Kapoor, Roy",Partial College,Manual
5204,11460,22459,"Xu, Johnny",Partial College,Manual
5205,11463,22462,"Chandra, Lydia",Partial College,Manual
5206,11470,22469,"Moreno, Sabrina",Partial College,Manual
5207,11474,22473,"Patel, Clifford",Bachelors,Clerical
5208,11475,22474,"Zhu, Leah",Partial High School,Manual
5209,11477,22476,"Martinez, Shane",High School,Manual
5210,11478,22477,"Diaz, Kevin",High School,Manual
5211,11479,22478,"Browning, Carolyn",Bachelors,Clerical
5212,11480,22479,"Malhotra, Tammy",Bachelors,Skilled Manual
5213,11482,22481,"Ortega, Erik",Bachelors,Skilled Manual
5214,11483,22482,"Jenkins, Cassidy",Partial High School,Manual
5215,11487,22486,"Ruiz, Jimmy",High School,Manual
5216,11489,22488,"Patel, Frederick",Bachelors,Skilled Manual
5217,11492,22491,"Nara, Jerry",High School,Manual
5218,11493,22492,"She, Jorge",High School,Manual
5219,11494,22493,"Sanz, Dwayne",High School,Manual
5220,11495,22494,"Andersen, Jon",High School,Manual
5221,11498,22497,"Gomez, Casey",Partial High School,Manual
5222,11507,22506,"Prasad, Brenda",Partial College,Clerical
5223,11508,22507,"Wang, Louis",Partial College,Clerical
5224,11509,22508,"Huang, Jon",Bachelors,Skilled Manual
5225,11510,22509,"Nara, Lacey",Bachelors,Skilled Manual
5226,11515,22514,"Johnsen, Marvin",High School,Manual
5227,11517,22516,"Ortega, Adrienne",Partial College,Clerical
5228,11518,22517,"Adams, Luis",Partial College,Clerical
5229,11520,22519,"Hughes, Logan",Bachelors,Skilled Manual
5230,11522,22521,"Rivera, Christina",Partial College,Clerical
5231,11523,22522,"Hayes, Benjamin",Partial College,Clerical
5232,11524,22523,"Xu, Jon",Bachelors,Skilled Manual
5233,11526,22525,"Gutierrez, Julio",Partial College,Clerical
5234,11534,22533,"Liu, Jake",Partial High School,Manual
5235,11538,22537,"Jenkins, Xavier",Partial High School,Manual
5236,11542,22541,"Martinez, Stefanie",Partial College,Clerical
5237,11544,22543,"Campbell, Jeremy",Graduate Degree,Skilled Manual
5238,11547,22546,"Jones, Nicholas",High School,Skilled Manual
5239,11548,22547,"Flores, Elijah",Graduate Degree,Skilled Manual
5240,11549,22548,"Brooks, Angela",Graduate Degree,Skilled Manual
5241,11550,22549,"Russell, Isabel",Graduate Degree,Skilled Manual
5242,11552,22551,"Rubio, Andy",Graduate Degree,Clerical
5243,11564,22563,"Weber, Darren",Partial College,Manual
5244,11566,22565,"Subram, Brenda",Bachelors,Clerical
5245,11569,22568,"Wu, Autumn",Graduate Degree,Clerical
5246,11586,22585,"He, Kelvin",Graduate Degree,Clerical
5247,11588,22587,"Alonso, Gina",Partial College,Manual
5248,11591,22590,"Hughes, Oscar",Partial College,Manual
5249,11592,22591,"Becker, Jon",Graduate Degree,Clerical
5250,11598,22597,"Chandra, Rachael",Bachelors,Clerical
5251,11599,22598,"Sanchez, Donald",Bachelors,Clerical
5252,11607,22606,"Hernandez, Alfredo",Partial College,Manual
5253,11608,22607,"Gonzalez, Whitney",Partial College,Manual
5254,11610,22609,"Cai, Clarence",Bachelors,Clerical
5255,11611,22610,"Chen, Brent",Bachelors,Clerical
5256,11616,22615,"Xu, Misty",Bachelors,Clerical
5257,11618,22617,"Nath, Andres",Graduate Degree,Clerical
5258,11620,22619,"Hernandez, Robin",Graduate Degree,Skilled Manual
5259,11621,22620,"Suri, Stefanie",Graduate Degree,Skilled Manual
5260,11622,22621,"Davis, Xavier",Graduate Degree,Skilled Manual
5261,11624,22623,"Suarez, Jamie",Partial College,Manual
5262,11628,22627,"Sharma, Shawna",Partial College,Manual
5263,11629,22628,"Lu, Marshall",Partial College,Manual
5264,11634,22633,"Zhao, Claudia",Graduate Degree,Clerical
5265,11639,22638,"Gutierrez, Kristi",Partial High School,Manual
5266,11645,22644,"Ortega, Marc",Bachelors,Clerical
5267,11651,22650,"Suri, Kristina",Bachelors,Clerical
5268,11653,22652,"Shan, Gilbert",High School,Manual
5269,11656,22655,"Young, Lucas",High School,Manual
5270,11660,22659,"Luo, Shawna",High School,Manual
5271,11661,22660,"Lopez, Monica",High School,Manual
5272,11666,22665,"Diaz, Orlando",Bachelors,Professional
5273,11667,22666,"Srini, Mayra",Bachelors,Professional
5274,11675,22674,"Prasad, Troy",Partial College,Clerical
5275,11678,22677,"Carlson, Reginald",Partial College,Clerical
5276,11679,22678,"Lee, Sydney",Bachelors,Skilled Manual
5277,11680,22679,"Dominguez, Derrick",Bachelors,Skilled Manual
5278,11681,22680,"Suarez, Lee",Bachelors,Skilled Manual
5279,11685,22684,"Cooper, Lauren",Bachelors,Skilled Manual
5280,11686,22685,"Ma, Barbara",Partial College,Clerical
5281,11689,22688,"Perez, Seth",Partial College,Clerical
5282,11695,22694,"Kapoor, Molly",Partial College,Clerical
5283,11700,22699,"Chande, Clarence",Partial High School,Manual
5284,11701,22700,"Serrano, Gina",Partial High School,Manual
5285,11702,22701,"Navarro, Anne",High School,Manual
5286,11706,22705,"Kapoor, Adriana",Partial High School,Manual
5287,11707,22706,"Ruth, Andy",Partial College,Clerical
5288,11708,22707,"Russell, Haley",Partial College,Clerical
5289,11711,22710,"Zhao, Trisha",Partial High School,Manual
5290,11712,22711,"Hernandez, Isaiah",Partial College,Clerical
5291,11717,22716,"Nelson, Caleb",Bachelors,Management
5292,11718,22717,"Watson, Nicole",Partial College,Professional
5293,11719,22718,"Simmons, Zachary",Bachelors,Management
5294,11720,22719,"Brooks, Jesse",Bachelors,Management
5295,11721,22720,"Alexander, Jonathan",Graduate Degree,Management
5296,11722,22721,"Lin, Colleen",High School,Skilled Manual
5297,11723,22722,"Fernandez, Tina",Bachelors,Professional
5298,11724,22723,"Anderson, Alexander",Graduate Degree,Management
5299,11725,22724,"Evans, Noah",Bachelors,Management
5300,11726,22725,"Gonzales, Richard",Graduate Degree,Management
5301,11727,22726,"Morris, Anna",Graduate Degree,Management
5302,11728,22727,"She, Jodi",Graduate Degree,Management
5303,11730,22729,"Nelson, Seth",Bachelors,Management
5304,11732,22731,"Henderson, Brandon",Bachelors,Management
5305,11734,22733,"Powell, Alexandria",Bachelors,Management
5306,11735,22734,"Adams, Maria",Partial High School,Clerical
5307,11736,22735,"Jones, Katherine",High School,Professional
5308,11737,22736,"Morgan, Katherine",High School,Professional
5309,11738,22737,"Sai, Heidi",Bachelors,Management
5310,11739,22738,"Diaz, Haley",Bachelors,Management
5311,11741,22740,"Rogers, Kimberly",High School,Professional
5312,11742,22741,"He, Darryl",High School,Professional
5313,11743,22742,"Nelson, Nathan",High School,Professional
5314,11744,22743,"Murphy, Kaylee",High School,Professional
5315,11745,22744,"Wright, Edward",High School,Professional
5316,11746,22745,"Patterson, Alexandria",High School,Professional
5317,11747,22746,"Zhang, Erica",Bachelors,Management
5318,11748,22747,"Martinez, Brianna",Bachelors,Management
5319,11750,22749,"Patterson, Miranda",Bachelors,Management
5320,11751,22750,"Gonzalez, Jesse",Bachelors,Management
5321,11752,22751,"Rodriguez, Samuel",Bachelors,Management
5322,11753,22752,"Brown, Daniel",Bachelors,Management
5323,11754,22753,"Morgan, Hailey",Partial College,Professional
5324,11755,22754,"Foster, Robert",Partial College,Professional
5325,11757,22756,"Nath, Jon",Partial College,Professional
5326,11758,22757,"Peterson, Savannah",Partial College,Professional
5327,11759,22758,"Jackson, Katherine",Partial College,Professional
5328,11760,22759,"Ramirez, Julia",Partial College,Professional
5329,11761,22760,"Chen, Hunter",Partial College,Professional
5330,11762,22761,"Price, Eduardo",Partial College,Professional
5331,11763,22762,"Diaz, Melissa",Partial College,Professional
5332,11764,22763,"Gonzalez, Rebecca",Partial College,Professional
5333,11765,22764,"Brooks, Chase",Partial College,Professional
5334,11767,22766,"Hayes, Cassidy",Partial College,Professional
5335,11768,22767,"Hernandez, Luis",Partial College,Professional
5336,11769,22768,"Zhang, Aaron",Bachelors,Management
5337,11770,22769,"Martin, Benjamin",Partial College,Professional
5338,11771,22770,"Morgan, Chloe",Partial College,Professional
5339,11774,22773,"Zhang, Autumn",Partial College,Professional
5340,11775,22774,"Alexander, Caleb",Partial College,Professional
5341,11776,22775,"Martinez, Madison",Partial College,Professional
5342,11777,22776,"Perry, Julia",Partial College,Professional
5343,11778,22777,"Garcia, Tyler",High School,Professional
5344,11779,22778,"Dominguez, Monique",Partial College,Professional
5345,11780,22779,"Ruiz, Lance",Partial College,Professional
5346,11781,22780,"Rogers, Jennifer",Partial College,Professional
5347,11782,22781,"Powell, Hunter",Partial College,Professional
5348,11783,22782,"Wood, Dakota",Partial College,Professional
5349,11784,22783,"Green, Isaac",Partial High School,Skilled Manual
5350,11785,22784,"Jackson, Nicholas",Partial High School,Skilled Manual
5351,11787,22786,"Goldstein, Wyatt",Partial High School,Skilled Manual
5352,11788,22787,"Sanchez, Andrea",Partial High School,Skilled Manual
5353,11789,22788,"Jenkins, Jordan",Partial High School,Skilled Manual
5354,11790,22789,"Taylor, Richard",Partial High School,Skilled Manual
5355,11791,22790,"Phillips, Luke",Partial High School,Skilled Manual
5356,11792,22791,"Jenkins, Taylor",High School,Professional
5357,11793,22792,"Carter, Thomas",Partial College,Professional
5358,11794,22793,"Jenkins, Antonio",Partial College,Professional
5359,11798,22797,"She, Leonard",Partial College,Professional
5360,11802,22801,"Raje, Alicia",Partial College,Professional
5361,11803,22802,"Van, Ann",Partial High School,Professional
5362,11804,22803,"Shan, Marshall",Partial College,Professional
5363,11805,22804,"Butler, Kelly",Partial College,Professional
5364,11806,22805,"Goel, Cristina",Bachelors,Management
5365,11807,22806,"Sun, Crystal",Partial College,Professional
5366,11810,22809,"Sara, Martin",Partial College,Professional
5367,11811,22810,"Sanchez, Nathaniel",Partial College,Professional
5368,11816,22815,"Wang, Margaret",Bachelors,Management
5369,11817,22816,"Cai, Erica",Bachelors,Management
5370,11818,22817,"Nath, Calvin",Bachelors,Management
5371,11822,22821,"Munoz, Wendy",Partial College,Professional
5372,11831,22830,"Travers, Lee",Partial College,Management
5373,11835,22834,"Zhou, Darryl",Partial High School,Professional
5374,11836,22835,"Zhang, Alan",Partial High School,Professional
5375,11837,22836,"Sai, Michele",Partial High School,Professional
5376,11862,22861,"Hughes, Devin",Partial College,Professional
5377,11863,22862,"Navarro, Derrick",Bachelors,Management
5378,11864,22863,"Thomas, Hunter",Partial College,Professional
5379,11865,22864,"Hall, Mason",Partial College,Professional
5380,11866,22865,"Hall, Stephanie",Graduate Degree,Management
5381,11867,22866,"Thompson, William",Partial College,Clerical
5382,11868,22867,"Ruiz, Max",Partial High School,Manual
5383,11872,22871,"Coleman, David",Partial College,Skilled Manual
5384,11873,22872,"Bailey, Sara",Partial College,Skilled Manual
5385,11874,22873,"Williams, Robert",Partial College,Skilled Manual
5386,11875,22874,"Anand, Drew",High School,Skilled Manual
5387,11876,22875,"Russell, Robert",High School,Skilled Manual
5388,11877,22876,"Campbell, Jenna",High School,Skilled Manual
5389,11879,22878,"Ross, Angelica",Partial College,Skilled Manual
5390,11880,22879,"Russell, Jocelyn",Partial College,Skilled Manual
5391,11881,22880,"Harris, Ashley",High School,Skilled Manual
5392,11884,22883,"Morgan, Xavier",Partial College,Skilled Manual
5393,11885,22884,"Richardson, Danielle",Partial College,Skilled Manual
5394,11886,22885,"Henderson, Caleb",Graduate Degree,Professional
5395,11887,22886,"King, Andrea",Graduate Degree,Professional
5396,11888,22887,"Richardson, Mason",Partial College,Skilled Manual
5397,11889,22888,"Long, Abigail",Partial College,Skilled Manual
5398,11891,22890,"Hall, Alexis",Bachelors,Professional
5399,11892,22891,"Gonzalez, Andrea",Bachelors,Professional
5400,11893,22892,"Mitchell, Timothy",Graduate Degree,Professional
5401,11895,22894,"Ramirez, Danielle",Graduate Degree,Professional
5402,11897,22896,"Miller, Logan",Bachelors,Professional
5403,11898,22897,"Ramirez, Arianna",Bachelors,Professional
5404,11899,22898,"Washington, Melanie",Bachelors,Professional
5405,11900,22899,"Carter, Charles",Bachelors,Professional
5406,11901,22900,"Li, Hunter",Bachelors,Professional
5407,11903,22902,"Madan, Pedro",Graduate Degree,Professional
5408,11968,22967,"Smith, Rachel",High School,Skilled Manual
5409,11969,22968,"Perez, Logan",High School,Skilled Manual
5410,11971,22970,"Phillips, Mary",High School,Skilled Manual
5411,11973,22972,"James, Bailey",High School,Skilled Manual
5412,11978,22977,"Patterson, Ian",High School,Skilled Manual
5413,11980,22979,"Hernandez, Theodore",Partial High School,Clerical
5414,11981,22980,"Washington, Oscar",High School,Skilled Manual
5415,11982,22981,"Flores, Amanda",High School,Skilled Manual
5416,11983,22982,"Miller, Madison",High School,Skilled Manual
5417,11985,22984,"Robinson, Cameron",High School,Skilled Manual
5418,11986,22985,"Phillips, Hailey",High School,Skilled Manual
5419,11990,22989,"Butler, Megan",Partial College,Skilled Manual
5420,11991,22990,"Stewart, Alyssa",Partial College,Skilled Manual
5421,11992,22991,"Jenkins, Morgan",Partial College,Skilled Manual
5422,11993,22992,"Yang, Austin",Partial College,Skilled Manual
5423,11994,22993,"Sanchez, Xavier",Partial College,Skilled Manual
5424,11995,22994,"Allen, Chloe",Bachelors,Management
5425,11998,22997,"Williams, Lucas",Bachelors,Management
5426,12000,22999,"Hill, Jackson",Bachelors,Management
5427,12001,23000,"Henderson, Victoria",Graduate Degree,Management
5428,12002,23001,"Munoz, Julio",Bachelors,Management
5429,12003,23002,"Hernandez, Arthur",Partial College,Skilled Manual
5430,12005,23004,"Fernandez, Raymond",Graduate Degree,Management
5431,12006,23005,"Sharma, Luke",High School,Skilled Manual
5432,12007,23006,"Lee, Seth",Partial College,Skilled Manual
5433,12008,23007,"Sanchez, Isaac",Partial College,Skilled Manual
5434,12012,23011,"Rivera, Isaiah",Partial College,Skilled Manual
5435,12016,23015,"Rivera, Juan",Graduate Degree,Skilled Manual
5436,12017,23016,"Powell, Victoria",Graduate Degree,Skilled Manual
5437,12018,23017,"Rai, Alison",Graduate Degree,Skilled Manual
5438,12019,23018,"White, Richard",Graduate Degree,Skilled Manual
5439,12020,23019,"Garcia, Emma",Graduate Degree,Skilled Manual
5440,12021,23020,"Jones, Hannah",Partial College,Professional
5441,12022,23021,"Mehta, Stefanie",Partial College,Professional
5442,12024,23023,"Vazquez, Naomi",Partial College,Professional
5443,12025,23024,"Davis, Emma",Partial College,Professional
5444,12026,23025,"Richardson, Richard",Partial College,Professional
5445,12027,23026,"Rogers, Jessica",Partial College,Professional
5446,12028,23027,"Griffin, Fernando",Bachelors,Management
5447,12029,23028,"Taylor, Anna",Bachelors,Management
5448,12030,23029,"Ross, Ian",Partial College,Professional
5449,12031,23030,"Jenkins, Aidan",High School,Professional
5450,12032,23031,"Morgan, Brooke",High School,Professional
5451,12033,23032,"Parker, Jesse",Bachelors,Management
5452,12034,23033,"Turner, Alex",Bachelors,Management
5453,12035,23034,"Cooper, Melanie",Bachelors,Management
5454,12036,23035,"Howard, Maria",Bachelors,Management
5455,12037,23036,"Green, Caleb",Bachelors,Management
5456,12038,23037,"Wood, Lucas",Partial High School,Skilled Manual
5457,12039,23038,"Reed, Sydney",High School,Professional
5458,12040,23039,"Scott, Wyatt",High School,Professional
5459,12047,23046,"Malhotra, Pamela",Partial College,Professional
5460,12048,23047,"Xu, Valerie",Graduate Degree,Management
5461,12050,23049,"Moreno, Gina",Graduate Degree,Management
5462,12051,23050,"Hall, Jack",Graduate Degree,Management
5463,12052,23051,"Green, Jesse",Graduate Degree,Management
5464,12053,23052,"Stewart, Steven",Graduate Degree,Management
5465,12054,23053,"Bailey, Anna",High School,Professional
5466,12055,23054,"Moore, David",High School,Professional
5467,12056,23055,"Diaz, Seth",Partial College,Professional
5468,12057,23056,"Perry, Alyssa",High School,Professional
5469,12059,23058,"Rivera, Michelle",Graduate Degree,Management
5470,12060,23059,"Price, Spencer",Graduate Degree,Management
5471,12061,23060,"Long, Isabella",Partial College,Professional
5472,12062,23061,"Sanders, Jeremiah",Partial College,Professional
5473,12063,23062,"Reed, Natalie",Graduate Degree,Management
5474,12064,23063,"Thompson, Jennifer",Graduate Degree,Management
5475,12065,23064,"Rodriguez, Alexander",Graduate Degree,Management
5476,12066,23065,"Nath, Derek",Graduate Degree,Management
5477,12067,23066,"Lal, Austin",Graduate Degree,Management
5478,12068,23067,"Pal, Kelli",Graduate Degree,Management
5479,12069,23068,"Shan, Ryan",Graduate Degree,Management
5480,12070,23069,"Gray, Anna",Graduate Degree,Management
5481,12072,23071,"Gonzales, Haley",Graduate Degree,Management
5482,12073,23072,"Srini, Toni",Bachelors,Management
5483,12074,23073,"Griffin, Christian",Bachelors,Management
5484,12076,23075,"Sandberg, Rebekah",Graduate Degree,Management
5485,12077,23076,"Brooks, Adrian",Graduate Degree,Management
5486,12081,23080,"Barnes, Jocelyn",Partial College,Skilled Manual
5487,12082,23081,"Powell, Brandon",Partial College,Skilled Manual
5488,12083,23082,"Williams, Jonathan",Partial College,Skilled Manual
5489,12089,23088,"Hu, Wesley",Partial High School,Clerical
5490,12090,23089,"Walker, Lucas",Partial College,Skilled Manual
5491,12091,23090,"Lee, Christopher",Partial College,Skilled Manual
5492,12092,23091,"Peterson, Richard",Partial College,Skilled Manual
5493,12093,23092,"Brooks, Gabrielle",Partial College,Skilled Manual
5494,12094,23093,"Parker, Nathan",Partial College,Skilled Manual
5495,12109,23108,"Wright, Savannah",Partial College,Skilled Manual
5496,12110,23109,"Hughes, Lauren",High School,Skilled Manual
5497,12111,23110,"Gonzalez, Mackenzie",Partial College,Skilled Manual
5498,12112,23111,"Wright, Sara",Partial College,Skilled Manual
5499,12131,23130,"Russell, Lauren",Bachelors,Management
5500,12136,23135,"Clark, Dylan",Partial College,Professional
5501,12137,23136,"Peterson, Stephanie",Bachelors,Management
5502,12139,23138,"Peterson, Angela",Partial College,Professional
5503,12140,23139,"Yang, Christian",High School,Professional
5504,12141,23140,"Lee, Tyler",High School,Professional
5505,12142,23141,"Long, Katherine",Partial College,Professional
5506,12143,23142,"Wu, Cara",Partial College,Professional
5507,12144,23143,"Phillips, Jada",Bachelors,Skilled Manual
5508,12145,23144,"Alexander, Zachary",Bachelors,Skilled Manual
5509,12146,23145,"Xie, Nichole",Graduate Degree,Professional
5510,12147,23146,"Clark, Sarah",Graduate Degree,Professional
5511,12148,23147,"Smith, Wyatt",Bachelors,Skilled Manual
5512,12149,23148,"Ross, Nathan",Bachelors,Skilled Manual
5513,12150,23149,"Rubio, Brandi",Bachelors,Skilled Manual
5514,12151,23150,"Allen, Gabriella",Bachelors,Skilled Manual
5515,12152,23151,"Brown, Michael",Bachelors,Skilled Manual
5516,12157,23156,"Barnes, Samantha",Graduate Degree,Professional
5517,12158,23157,"Gao, Valerie",Graduate Degree,Professional
5518,12159,23158,"Patterson, Ana",Graduate Degree,Professional
5519,12160,23159,"Phillips, Dalton",Graduate Degree,Professional
5520,12161,23160,"Huang, Aimee",Graduate Degree,Professional
5521,12162,23161,"Scott, Samuel",Graduate Degree,Professional
5522,12163,23162,"Flores, Sarah",Graduate Degree,Professional
5523,12164,23163,"Ross, Madison",Graduate Degree,Professional
5524,12166,23165,"Mitchell, Natalie",Graduate Degree,Professional
5525,12167,23166,"Ward, Cody",High School,Skilled Manual
5526,12168,23167,"Jenkins, Hailey",Bachelors,Skilled Manual
5527,12169,23168,"Hayes, Mya",Bachelors,Skilled Manual
5528,12170,23169,"Andersen, Corey",Bachelors,Skilled Manual
5529,12171,23170,"Jai, Aaron",Bachelors,Skilled Manual
5530,12172,23171,"Griffin, Ethan",Bachelors,Professional
5531,12174,23173,"Rodriguez, Nathan",Graduate Degree,Professional
5532,12175,23174,"Gonzales, Gloria",Graduate Degree,Professional
5533,12176,23175,"Flores, Melanie",Graduate Degree,Professional
5534,12177,23176,"Ward, Jesse",Bachelors,Skilled Manual
5535,12178,23177,"Richardson, Savannah",Bachelors,Skilled Manual
5536,12179,23178,"Morris, Dalton",Bachelors,Skilled Manual
5537,12180,23179,"Phillips, Jordan",Bachelors,Skilled Manual
5538,12181,23180,"Cook, Olivia",Graduate Degree,Professional
5539,12182,23181,"Evans, Evan",Graduate Degree,Professional
5540,12183,23182,"Rivera, Savannah",Graduate Degree,Professional
5541,12184,23183,"Davis, Megan",Graduate Degree,Professional
5542,12185,23184,"Carter, Hailey",Graduate Degree,Professional
5543,12186,23185,"Edwards, Fernando",Graduate Degree,Professional
5544,12187,23186,"Young, Jordan",Graduate Degree,Professional
5545,12188,23187,"Munoz, Andy",Graduate Degree,Professional
5546,12189,23188,"Jai, Austin",Graduate Degree,Professional
5547,12190,23189,"Moore, Megan",Graduate Degree,Professional
5548,12191,23190,"Ramirez, Nathaniel",Partial High School,Clerical
5549,12192,23191,"Raji, Gilbert",Bachelors,Professional
5550,12193,23192,"Garcia, Emily",Bachelors,Professional
5551,12194,23193,"Flores, Alexis",Bachelors,Skilled Manual
5552,12195,23194,"Cook, Shelby",Bachelors,Skilled Manual
5553,12196,23195,"Mohamed, Xavier",Bachelors,Skilled Manual
5554,12198,23197,"Cook, Cole",Bachelors,Skilled Manual
5555,12199,23198,"Sanders, Jacqueline",Bachelors,Skilled Manual
5556,12200,23199,"Hayes, Brandon",Bachelors,Skilled Manual
5557,12201,23200,"Rodriguez, Grace",Bachelors,Skilled Manual
5558,12202,23201,"Butler, Alyssa",Bachelors,Skilled Manual
5559,12203,23202,"Chandra, Terrance",Bachelors,Skilled Manual
5560,12204,23203,"Jenkins, Dalton",Bachelors,Skilled Manual
5561,12205,23204,"Mitchell, Katherine",Bachelors,Professional
5562,12206,23205,"Sanders, Katherine",Bachelors,Professional
5563,12207,23206,"Lal, Jackson",Bachelors,Professional
5564,12208,23207,"Baker, Dalton",Bachelors,Skilled Manual
5565,12211,23210,"Gray, Timothy",Bachelors,Professional
5566,12212,23211,"Kovár, Rebekah",Bachelors,Professional
5567,12213,23212,"Jones, James",Bachelors,Professional
5568,12214,23213,"Green, Noah",Bachelors,Professional
5569,12215,23214,"James, Kaylee",Bachelors,Professional
5570,12216,23215,"Richardson, Juan",Bachelors,Professional
5571,12217,23216,"Hall, Kevin",Graduate Degree,Professional
5572,12218,23217,"Morgan, Michelle",Graduate Degree,Professional
5573,12219,23218,"Gao, Alisha",High School,Manual
5574,12222,23221,"Rai, Leonard",Partial High School,Manual
5575,12227,23226,"Xie, Leonard",High School,Manual
5576,12229,23228,"Guo, Candice",Partial High School,Manual
5577,12230,23229,"Raje, Deborah",Partial High School,Manual
5578,12234,23233,"Sharma, Bradley",Partial College,Clerical
5579,12235,23234,"Lu, Brent",Partial College,Clerical
5580,12238,23237,"Young, Caleb",Partial College,Clerical
5581,12239,23238,"Lee, Thomas",Partial College,Clerical
5582,12240,23239,"Wu, Curtis",Partial College,Clerical
5583,12241,23240,"Chapman, Phillip",Partial College,Clerical
5584,12242,23241,"Torres, Armando",Partial College,Clerical
5585,12249,23248,"Peterson, Bailey",High School,Manual
5586,12250,23249,"Nara, Tasha",High School,Manual
5587,12251,23250,"Lee, Ashley",High School,Manual
5588,12252,23251,"Scott, Evan",High School,Manual
5589,12253,23252,"Wood, Alexia",High School,Manual
5590,12255,23254,"Gonzalez, Jack",High School,Manual
5591,12257,23256,"Chande, Mario",High School,Clerical
5592,12259,23258,"Watson, Megan",High School,Clerical
5593,12260,23259,"Taylor, John",High School,Clerical
5594,12261,23260,"Goel, Edwin",High School,Clerical
5595,12262,23261,"Peterson, Jada",High School,Clerical
5596,12263,23262,"Kelly, Sydney",High School,Clerical
5597,12264,23263,"Lopez, Angel",High School,Skilled Manual
5598,12272,23271,"Clark, Alexandra",High School,Skilled Manual
5599,12273,23272,"Hayes, Tristan",High School,Skilled Manual
5600,12274,23273,"Long, Benjamin",High School,Skilled Manual
5601,12275,23274,"Jackson, Ethan",High School,Skilled Manual
5602,12276,23275,"Jackson, Miguel",High School,Skilled Manual
5603,12277,23276,"Zhou, Vincent",High School,Skilled Manual
5604,12278,23277,"Torres, Isaiah",High School,Skilled Manual
5605,12279,23278,"Flores, Chloe",High School,Skilled Manual
5606,12281,23280,"Alexander, Hannah",High School,Skilled Manual
5607,12283,23282,"James, Ariana",Partial College,Clerical
5608,12286,23285,"Luo, Latoya",Graduate Degree,Skilled Manual
5609,12287,23286,"Bell, Taylor",Graduate Degree,Skilled Manual
5610,12288,23287,"Kelly, Juan",Partial College,Clerical
5611,12289,23288,"Evans, Eduardo",Graduate Degree,Skilled Manual
5612,12290,23289,"Robinson, Justin",Graduate Degree,Skilled Manual
5613,12292,23291,"Evans, Timothy",Graduate Degree,Skilled Manual
5614,12293,23292,"Russell, Jose",Graduate Degree,Skilled Manual
5615,12294,23293,"Peterson, Kaylee",Graduate Degree,Skilled Manual
5616,12295,23294,"Chen, Suzanne",Graduate Degree,Skilled Manual
5617,12296,23295,"Torres, Jaime",Graduate Degree,Skilled Manual
5618,12297,23296,"Mehta, Molly",Partial College,Clerical
5619,12298,23297,"Gomez, Tyrone",Partial College,Clerical
5620,12299,23298,"Martinez, Robert",Graduate Degree,Skilled Manual
5621,12300,23299,"Jimenez, Kristy",Partial College,Skilled Manual
5622,12301,23300,"Henderson, Julia",Bachelors,Management
5623,12302,23301,"Anderson, Noah",Bachelors,Management
5624,12303,23302,"Walker, Fernando",High School,Skilled Manual
5625,12304,23303,"Lal, Connor",High School,Skilled Manual
5626,12305,23304,"Simmons, Jordan",Partial College,Skilled Manual
5627,12320,23319,"Green, Luis",Partial College,Skilled Manual
5628,12327,23326,"Ye, Tiffany",Partial High School,Clerical
5629,12328,23327,"Moore, Madison",Partial College,Skilled Manual
5630,12329,23328,"Butler, Julian",Partial College,Skilled Manual
5631,12334,23333,"Sun, Steve",Partial College,Skilled Manual
5632,12335,23334,"Wilson, Brandon",High School,Skilled Manual
5633,12336,23335,"Robinson, James",High School,Skilled Manual
5634,12337,23336,"Bryant, Jocelyn",High School,Skilled Manual
5635,12338,23337,"Green, Isaiah",Partial College,Skilled Manual
5636,12339,23338,"Jenkins, Lucas",Partial College,Skilled Manual
5637,12340,23339,"Reed, Zoe",Partial College,Skilled Manual
5638,12341,23340,"Collins, Mackenzie",Partial College,Professional
5639,12342,23341,"Chen, Kelvin",Partial College,Professional
5640,12343,23342,"She, Cristina",Partial College,Professional
5641,12350,23349,"Johnson, Lauren",Bachelors,Management
5642,12353,23352,"Mitchell, Kevin",Partial College,Professional
5643,12354,23353,"Scott, Sophia",Partial College,Professional
5644,12355,23354,"Gomez, Eddie",Partial College,Professional
5645,12356,23355,"Serrano, Lance",Partial College,Professional
5646,12357,23356,"Ward, Grace",Partial College,Professional
5647,12358,23357,"Yang, Micah",Partial College,Professional
5648,12359,23358,"Alvarez, Alberto",High School,Professional
5649,12360,23359,"Alexander, Dalton",Graduate Degree,Management
5650,12361,23360,"Moore, Marcus",Graduate Degree,Management
5651,12362,23361,"Lopez, Chloe",Graduate Degree,Management
5652,12365,23364,"Young, Natalie",Bachelors,Professional
5653,12366,23365,"Flores, Vanessa",Bachelors,Professional
5654,12367,23366,"Campbell, Fernando",Bachelors,Skilled Manual
5655,12368,23367,"Ramirez, Haley",Bachelors,Skilled Manual
5656,12370,23369,"Washington, Morgan",Bachelors,Skilled Manual
5657,12373,23372,"Diaz, Jack",Graduate Degree,Professional
5658,12374,23373,"Murphy, Gabrielle",Graduate Degree,Professional
5659,12375,23374,"Gray, Emma",Bachelors,Professional
5660,12376,23375,"Zhang, Christian",Bachelors,Professional
5661,12378,23377,"Hayes, Samantha",Partial College,Skilled Manual
5662,12380,23379,"Richardson, Riley",Bachelors,Professional
5663,12381,23380,"Campbell, Gabriel",High School,Skilled Manual
5664,12382,23381,"Hu, Bianca",High School,Skilled Manual
5665,12383,23382,"Barnes, Xavier",Partial College,Skilled Manual
5666,12392,23391,"Moreno, Joanna",Graduate Degree,Professional
5667,12393,23392,"Dominguez, Adrienne",Graduate Degree,Professional
5668,12394,23393,"Anderson, Jennifer",Graduate Degree,Professional
5669,12395,23394,"Bell, Anna",Graduate Degree,Professional
5670,12403,23402,"Cox, Melissa",Bachelors,Professional
5671,12404,23403,"Powell, Justin",Bachelors,Professional
5672,12405,23404,"Peterson, Amanda",Bachelors,Professional
5673,12406,23405,"Madan, Kari",Graduate Degree,Professional
5674,12407,23406,"Sanchez, Frederick",Graduate Degree,Professional
5675,12408,23407,"Garcia, Lauren",Graduate Degree,Professional
5676,12447,23446,"Chander, Nina",Partial College,Clerical
5677,12448,23447,"Weber, Jermaine",Partial College,Clerical
5678,12449,23448,"Peterson, Abigail",Partial High School,Skilled Manual
5679,12451,23450,"Rogers, Alex",High School,Professional
5680,12452,23451,"James, Taylor",High School,Professional
5681,12453,23452,"Watson, Eduardo",High School,Professional
5682,12454,23453,"Deng, Maurice",Partial College,Professional
5683,12455,23454,"Wang, Ryan",Partial College,Professional
5684,12457,23456,"Simmons, Aidan",Partial High School,Skilled Manual
5685,12458,23457,"Rivera, Nicole",Partial High School,Skilled Manual
5686,12461,23460,"Ramos, Javier",Partial College,Professional
5687,12462,23461,"Smith, Rachael",Partial College,Professional
5688,12463,23462,"Jones, Seth",Bachelors,Management
5689,12464,23463,"Hill, Sean",Bachelors,Management
5690,12465,23464,"Turner, Devin",Graduate Degree,Management
5691,12466,23465,"Russell, Grace",Partial College,Professional
5692,12467,23466,"Miller, Alyssa",Partial College,Professional
5693,12468,23467,"Bennett, Nicole",Partial College,Professional
5694,12469,23468,"Roberts, Sean",Graduate Degree,Management
5695,12470,23469,"Gray, Christina",Graduate Degree,Management
5696,12471,23470,"Young, Samuel",Graduate Degree,Management
5697,12472,23471,"Baker, Jeremy",Partial College,Professional
5698,12473,23472,"Rodriguez, Alyssa",Partial College,Professional
5699,12474,23473,"James, Jesse",Partial College,Professional
5700,12475,23474,"Williams, Julia",Partial College,Professional
5701,12476,23475,"Martin, Richard",Graduate Degree,Management
5702,12478,23477,"Phillips, Marcus",Partial College,Professional
5703,12479,23478,"Cooper, Hailey",Partial College,Professional
5704,12480,23479,"Robinson, Fernando",Partial College,Professional
5705,12481,23480,"Coleman, Sydney",Partial College,Professional
5706,12482,23481,"Xu, Dustin",Partial College,Professional
5707,12483,23482,"Gray, Zoe",Bachelors,Management
5708,12484,23483,"Jai, David",Bachelors,Management
5709,12485,23484,"Allen, Jenna",Partial College,Professional
5710,12490,23489,"Huang, Autumn",Partial College,Professional
5711,12491,23490,"Wilson, Nicholas",High School,Professional
5712,12492,23491,"Taylor, Miguel",Partial College,Professional
5713,12493,23492,"Blanco, Jamie",Partial College,Professional
5714,12494,23493,"Taylor, Thomas",Bachelors,Management
5715,12496,23495,"Shan, James",High School,Professional
5716,12497,23496,"Harris, Nicholas",High School,Professional
5717,12498,23497,"Bryant, Olivia",High School,Professional
5718,12500,23499,"Washington, Spencer",Graduate Degree,Management
5719,12501,23500,"Garcia, Adriana",Graduate Degree,Management
5720,12502,23501,"Perry, Isabelle",Bachelors,Management
5721,12503,23502,"Lopez, Logan",Graduate Degree,Management
5722,12505,23504,"Rana, George",Partial College,Professional
5723,12506,23505,"Sharma, Connor",Partial College,Professional
5724,12507,23506,"Campbell, Jesse",Partial College,Professional
5725,12508,23507,"Henderson, Rachel",High School,Professional
5726,12509,23508,"Jones, Blake",High School,Professional
5727,12510,23509,"Powell, Faith",Graduate Degree,Management
5728,12511,23510,"Cooper, Morgan",Graduate Degree,Management
5729,12513,23512,"Henderson, Zachary",Partial College,Professional
5730,12515,23514,"Bell, Chloe",Partial College,Professional
5731,12516,23515,"Walker, Zachary",Partial College,Professional
5732,12517,23516,"Miller, Ashley",Partial College,Professional
5733,12518,23517,"Martinez, Ronald",High School,Professional
5734,12520,23519,"Long, Jacqueline",High School,Professional
5735,12521,23520,"Wilson, Richard",Partial College,Professional
5736,12550,23549,"Sai, George",High School,Skilled Manual
5737,12551,23550,"Cook, Jennifer",High School,Skilled Manual
5738,12556,23555,"Chavez, Andres",High School,Skilled Manual
5739,12557,23556,"Munoz, Kristi",High School,Skilled Manual
5740,12559,23558,"Barnes, Dakota",High School,Skilled Manual
5741,12561,23560,"Flores, Jacqueline",High School,Skilled Manual
5742,12562,23561,"Williams, Jose",High School,Skilled Manual
5743,12565,23564,"Howard, Jessica",Partial High School,Clerical
5744,12566,23565,"Torres, Julia",High School,Skilled Manual
5745,12569,23568,"Diaz, Paige",High School,Skilled Manual
5746,12578,23577,"Bennett, Julia",High School,Skilled Manual
5747,12579,23578,"Lal, Eric",Partial College,Skilled Manual
5748,12580,23579,"Richardson, Jared",High School,Skilled Manual
5749,12583,23582,"Simmons, Stephanie",Partial College,Skilled Manual
5750,12585,23584,"Evans, Jason",Partial College,Skilled Manual
5751,12586,23585,"Moore, Kaitlyn",Partial College,Skilled Manual
5752,12587,23586,"Coleman, Madison",Bachelors,Management
5753,12588,23587,"Gonzalez, Hailey",Bachelors,Management
5754,12589,23588,"Hughes, Ryan",Bachelors,Management
5755,12590,23589,"Baker, Amanda",Bachelors,Management
5756,12591,23590,"Brown, Austin",Bachelors,Management
5757,12595,23594,"Diaz, Paula",Partial College,Professional
5758,12602,23601,"Alan, Kari",High School,Professional
5759,12603,23602,"Lopez, Andrea",High School,Professional
5760,12605,23604,"Kovar, Troy",Partial College,Professional
5761,12606,23605,"Sabella, Deanna",Partial College,Professional
5762,12613,23612,"Liu, Rosa",Partial College,Professional
5763,12617,23616,"Roberts, Karen",Bachelors,Management
5764,12620,23619,"Tang, Ricardo",Bachelors,Management
5765,12623,23622,"Moreno, Darren",Partial College,Professional
5766,12625,23624,"Malhotra, Jillian",High School,Professional
5767,12628,23627,"Navarro, Adrienne",Partial College,Management
5768,12633,23632,"Zhou, Kristen",High School,Management
5769,12634,23633,"Chande, Deborah",High School,Management
5770,12635,23634,"Li, Ernest",High School,Management
5771,12667,23666,"Anderson, Olivia",High School,Professional
5772,12668,23667,"Arun, Harold",High School,Professional
5773,12669,23668,"Hughes, Jessica",High School,Professional
5774,12670,23669,"Torres, Sean",Graduate Degree,Management
5775,12671,23670,"Henderson, Mya",Graduate Degree,Management
5776,12672,23671,"Thomas, Fernando",Graduate Degree,Management
5777,12673,23672,"Flores, Abigail",Graduate Degree,Management
5778,12675,23674,"Walker, Jeremiah",Graduate Degree,Management
5779,12676,23675,"Prasad, Emmanuel",Bachelors,Management
5780,12678,23677,"Lewis, Charles",Bachelors,Management
5781,12679,23678,"Diaz, Kelly",Bachelors,Management
5782,12681,23680,"Powell, Anna",Bachelors,Management
5783,12684,23683,"Alonso, Dana",Bachelors,Management
5784,12685,23684,"Rodriguez, Jasmine",Bachelors,Management
5785,12686,23685,"Reed, Alexa",Bachelors,Management
5786,12687,23686,"Murphy, Rachel",Bachelors,Management
5787,12688,23687,"Flores, Melissa",Partial High School,Clerical
5788,12689,23688,"Thomas, Olivia",Partial High School,Clerical
5789,12690,23689,"Hall, Kayla",High School,Professional
5790,12691,23690,"James, Angel",High School,Professional
5791,12692,23691,"Hu, Karen",Partial High School,Clerical
5792,12693,23692,"King, Isaac",Partial High School,Clerical
5793,12694,23693,"Jenkins, Jacqueline",Partial High School,Clerical
5794,12695,23694,"Brooks, Brian",Partial High School,Clerical
5795,12696,23695,"Coleman, Elijah",Partial High School,Skilled Manual
5796,12697,23696,"Li, Autumn",Partial High School,Skilled Manual
5797,12698,23697,"Kelly, Cody",Partial High School,Skilled Manual
5798,12699,23698,"Coleman, Melissa",Partial High School,Skilled Manual
5799,12700,23699,"Walker, Nicholas",Partial High School,Skilled Manual
5800,12701,23700,"Young, Katelyn",Partial High School,Skilled Manual
5801,12702,23701,"Barnes, Marissa",High School,Professional
5802,12703,23702,"James, Eduardo",High School,Professional
5803,12704,23703,"Sanchez, Jacqueline",High School,Professional
5804,12705,23704,"Moore, Christopher",High School,Professional
5805,12706,23705,"Bryant, Jeremy",High School,Professional
5806,12707,23706,"Cooper, Mackenzie",Bachelors,Management
5807,12708,23707,"Anderson, William",Bachelors,Management
5808,12709,23708,"Coleman, Victoria",Bachelors,Management
5809,12710,23709,"Perry, Devin",Bachelors,Management
5810,12711,23710,"Sanchez, Anna",High School,Professional
5811,12712,23711,"Diaz, Fernando",Bachelors,Management
5812,12713,23712,"Murphy, Riley",Bachelors,Management
5813,12714,23713,"Butler, Arianna",Bachelors,Management
5814,12715,23714,"Williams, Joseph",Bachelors,Management
5815,12716,23715,"Flores, Isabel",Bachelors,Management
5816,12718,23717,"Griffin, Aidan",Partial College,Professional
5817,12719,23718,"Blanco, Nelson",Partial College,Professional
5818,12721,23720,"Davis, Anna",Partial College,Professional
5819,12722,23721,"Clark, John",Partial College,Professional
5820,12723,23722,"Perez, Andrea",Partial College,Professional
5821,12724,23723,"Phillips, Jose",Partial College,Professional
5822,12725,23724,"Hughes, Gabrielle",Partial College,Professional
5823,12727,23726,"Xie, Darrell",Partial College,Professional
5824,12728,23727,"Serrano, Bruce",Partial College,Professional
5825,12729,23728,"Kelly, Paige",Partial College,Professional
5826,12730,23729,"Allen, Marcus",Partial College,Professional
5827,12733,23732,"Wood, Xavier",High School,Professional
5828,12734,23733,"Gomez, Natasha",High School,Professional
5829,12735,23734,"Wood, Melanie",Partial College,Professional
5830,12736,23735,"Washington, Amanda",Partial College,Professional
5831,12737,23736,"Rivera, Sydney",Partial College,Professional
5832,12738,23737,"Velez Amezaga, Elena",Partial College,Professional
5833,12739,23738,"Bennett, Julian",High School,Professional
5834,12740,23739,"Kapoor, Virginia",High School,Professional
5835,12741,23740,"Jackson, Noah",Partial High School,Skilled Manual
5836,12742,23741,"Romero, Dana",Partial High School,Skilled Manual
5837,12743,23742,"Cox, Morgan",Partial High School,Skilled Manual
5838,12756,23755,"Wu, Louis",Partial High School,Manual
5839,12758,23757,"Roberts, James",Partial High School,Manual
5840,12760,23759,"Alonso, Clinton",Bachelors,Skilled Manual
5841,12765,23764,"Liu, Alisha",Partial College,Clerical
5842,12766,23765,"Price, Kelly",Partial College,Clerical
5843,12767,23766,"Martinez, Cassandra",Partial College,Clerical
5844,12773,23772,"Raman, Cory",Partial High School,Manual
5845,12777,23776,"Yuan, Cristina",Partial College,Clerical
5846,12782,23781,"Ross, Jordyn",Partial College,Clerical
5847,12783,23782,"Bryant, Edward",Partial College,Clerical
5848,12785,23784,"Arun, Preston",Graduate Degree,Skilled Manual
5849,12786,23785,"Harris, Taylor",Graduate Degree,Skilled Manual
5850,12787,23786,"Serrano, Carrie",Partial High School,Manual
5851,12788,23787,"Ward, Adrian",High School,Clerical
5852,12789,23788,"Smith, Michael",High School,Clerical
5853,12790,23789,"Walker, Ryan",High School,Clerical
5854,12791,23790,"Williams, Isabella",Partial High School,Clerical
5855,12792,23791,"Griffin, Aaron",Partial High School,Clerical
5856,12793,23792,"Wu, Jessie",Partial High School,Clerical
5857,12794,23793,"Kumar, Ryan",High School,Clerical
5858,12795,23794,"Powell, Abigail",High School,Clerical
5859,12796,23795,"Moore, Lauren",High School,Clerical
5860,12797,23796,"Young, Miguel",High School,Clerical
5861,12798,23797,"Perez, Nathan",Partial High School,Clerical
5862,12800,23799,"Chandra, Carolyn",Partial High School,Clerical
5863,12801,23800,"Cox, Kaylee",Partial High School,Clerical
5864,12802,23801,"Wood, Taylor",Partial High School,Clerical
5865,12803,23802,"Diaz, Emily",Partial High School,Clerical
5866,12805,23804,"Ma, Kristen",High School,Skilled Manual
5867,12806,23805,"Hayes, Luke",High School,Skilled Manual
5868,12808,23807,"Hughes, Carson",Partial College,Clerical
5869,12809,23808,"Perry, Spencer",Partial College,Clerical
5870,12810,23809,"Sanchez, Danielle",Partial College,Clerical
5871,12811,23810,"Lee, Sarah",Partial College,Clerical
5872,12812,23811,"Powell, Ethan",Partial College,Clerical
5873,12813,23812,"Butler, Cameron",Partial College,Clerical
5874,12814,23813,"Bennett, Hannah",Partial College,Clerical
5875,12815,23814,"Foster, Angela",Partial College,Clerical
5876,12816,23815,"Ward, Julia",Partial College,Clerical
5877,12817,23816,"Johnson, Natalie",Partial College,Clerical
5878,12818,23817,"Murphy, Kaitlyn",Partial College,Clerical
5879,12819,23818,"Gonzales, Cassidy",Graduate Degree,Skilled Manual
5880,12821,23820,"Diaz, Isabelle",Graduate Degree,Skilled Manual
5881,12822,23821,"Lal, Jordan",Graduate Degree,Skilled Manual
5882,12823,23822,"Campbell, Sierra",Graduate Degree,Skilled Manual
5883,12824,23823,"Davis, Samuel",Graduate Degree,Skilled Manual
5884,12825,23824,"Carter, Edward",Graduate Degree,Skilled Manual
5885,12826,23825,"Coleman, Katherine",Graduate Degree,Skilled Manual
5886,12827,23826,"Ross, Dalton",Graduate Degree,Skilled Manual
5887,12829,23828,"Carlson, Carolyn",Graduate Degree,Skilled Manual
5888,12832,23831,"Jai, Colleen",Bachelors,Skilled Manual
5889,12833,23832,"Ramirez, Alexandra",Bachelors,Skilled Manual
5890,12834,23833,"Gonzales, Kevin",Bachelors,Skilled Manual
5891,12835,23834,"Long, Ethan",Graduate Degree,Skilled Manual
5892,12836,23835,"Jackson, Marcus",Graduate Degree,Professional
5893,12837,23836,"Carter, Chloe",Graduate Degree,Professional
5894,12838,23837,"Li, Jonathan",Bachelors,Skilled Manual
5895,12839,23838,"Ready, Ariana",Bachelors,Skilled Manual
5896,12840,23839,"Howard, Savannah",Bachelors,Skilled Manual
5897,12841,23840,"Ward, Mason",Bachelors,Skilled Manual
5898,12842,23841,"Phillips, Sydney",Bachelors,Skilled Manual
5899,12844,23843,"Patterson, Marcus",Graduate Degree,Professional
5900,12845,23844,"Gonzales, Alexandra",Bachelors,Skilled Manual
5901,12846,23845,"Turner, Madeline",Bachelors,Skilled Manual
5902,12848,23847,"Sharma, Chad",Bachelors,Skilled Manual
5903,12849,23848,"Sai, Pamela",Bachelors,Skilled Manual
5904,12850,23849,"Simmons, Alexis",Graduate Degree,Professional
5905,12851,23850,"Hall, Anna",Graduate Degree,Professional
5906,12852,23851,"Rogers, Mariah",Graduate Degree,Professional
5907,12853,23852,"Torres, Desiree",Graduate Degree,Professional
5908,12854,23853,"Perez, Isaac",Graduate Degree,Professional
5909,12855,23854,"Torres, Megan",Graduate Degree,Professional
5910,12856,23855,"Watson, Carlos",Graduate Degree,Professional
5911,12857,23856,"Taylor, Sarah",Graduate Degree,Professional
5912,12858,23857,"Anderson, Alexandra",Graduate Degree,Professional
5913,12861,23860,"Long, Eric",Bachelors,Skilled Manual
5914,12862,23861,"Anand, Keith",Bachelors,Skilled Manual
5915,12863,23862,"Kapoor, Rebekah",High School,Skilled Manual
5916,12864,23863,"Williams, Christian",Bachelors,Professional
5917,12865,23864,"Jackson, Chloe",Bachelors,Professional
5918,12870,23869,"Nara, Wayne",Graduate Degree,Professional
5919,12871,23870,"Henderson, Elijah",Graduate Degree,Professional
5920,12872,23871,"Richardson, Bailey",Graduate Degree,Professional
5921,12873,23872,"Garcia, Matthew",Graduate Degree,Professional
5922,12874,23873,"Miller, Nicole",Graduate Degree,Professional
5923,12875,23874,"Cook, Abigail",Bachelors,Skilled Manual
5924,12876,23875,"Green, Sean",Bachelors,Skilled Manual
5925,12877,23876,"Henderson, David",Bachelors,Skilled Manual
5926,12878,23877,"Morris, Katherine",Graduate Degree,Professional
5927,12879,23878,"Wood, Chloe",Graduate Degree,Professional
5928,12881,23880,"Patterson, Noah",Graduate Degree,Professional
5929,12882,23881,"Martinez, Joshua",Graduate Degree,Professional
5930,12883,23882,"Butler, Alexia",Graduate Degree,Professional
5931,12884,23883,"Russell, Jackson",Graduate Degree,Professional
5932,12885,23884,"Ross, Ethan",Graduate Degree,Professional
5933,12886,23885,"Morris, Angela",Graduate Degree,Professional
5934,12887,23886,"Stewart, Sean",Graduate Degree,Professional
5935,12888,23887,"Carter, Mason",Bachelors,Professional
5936,12889,23888,"Clark, Edward",Bachelors,Skilled Manual
5937,12890,23889,"Carter, Sean",Bachelors,Skilled Manual
5938,12891,23890,"Cox, Haley",Bachelors,Skilled Manual
5939,12892,23891,"Jenkins, Jack",Bachelors,Skilled Manual
5940,12895,23894,"Ramirez, Bryan",Bachelors,Skilled Manual
5941,12896,23895,"Powell, Nicole",Graduate Degree,Professional
5942,12897,23896,"Peterson, Megan",Bachelors,Professional
5943,12898,23897,"Chapman, Katrina",Partial High School,Manual
5944,12899,23898,"Rai, Shawna",Partial High School,Manual
5945,12901,23900,"Yang, Rafael",Partial College,Manual
5946,12903,23902,"Kumar, Julie",Bachelors,Clerical
5947,12904,23903,"Subram, Harold",Bachelors,Clerical
5948,12906,23905,"Zhang, Jose",Bachelors,Clerical
5949,12907,23906,"Ma, Alan",Bachelors,Clerical
5950,12911,23910,"Perry, Gabriel",Partial High School,Manual
5951,12913,23912,"Sanchez, Arthur",High School,Manual
5952,12915,23914,"Sharma, Tonya",High School,Manual
5953,12916,23915,"Serrano, Lawrence",High School,Manual
5954,12917,23916,"Serrano, Ruben",Partial High School,Manual
5955,12918,23917,"Carlson, Carrie",High School,Manual
5956,12922,23921,"Lee, Charles",Bachelors,Professional
5957,12923,23922,"Richardson, Cody",Bachelors,Professional
5958,12926,23925,"Torres, Marie",Bachelors,Skilled Manual
5959,12927,23926,"Weber, Lydia",Bachelors,Skilled Manual
5960,12934,23933,"Carlson, Sabrina",Partial College,Clerical
5961,12938,23937,"Ruiz, Eddie",High School,Manual
5962,12942,23941,"Anderson, Eduardo",Partial College,Clerical
5963,12943,23942,"Goel, Rafael",Partial College,Clerical
5964,12947,23946,"Luo, Kelli",Partial College,Clerical
5965,12948,23947,"Liang, Autumn",Partial College,Clerical
5966,12953,23952,"Dominguez, Nelson",High School,Manual
5967,12954,23953,"Mehta, Shane",Partial High School,Manual
5968,12957,23956,"Coleman, Morgan",Partial High School,Manual
5969,12958,23957,"Zheng, Louis",Partial High School,Manual
5970,12960,23959,"Parker, Amber",Partial College,Clerical
5971,12961,23960,"Zheng, Eugene",Partial College,Clerical
5972,12962,23961,"Huang, Karen",Partial College,Clerical
5973,12966,23965,"Shan, Dustin",Graduate Degree,Manual
5974,12976,23975,"Blanco, Frank",Bachelors,Manual
5975,12980,23979,"Chen, Damien",Partial College,Manual
5976,12983,23982,"Diaz, Adam",Partial College,Manual
5977,13015,24014,"Kovár, Geoffrey",Partial College,Manual
5978,13018,24017,"Lopez, Rebekah",Partial College,Manual
5979,13019,24018,"Gao, Barbara",Partial College,Manual
5980,13025,24024,"Malhotra, Marie",Graduate Degree,Clerical
5981,13026,24025,"Zeng, Eugene",Graduate Degree,Clerical
5982,13028,24027,"Tang, Omar",Bachelors,Clerical
5983,13034,24033,"Reed, Katherine",Bachelors,Clerical
5984,13037,24036,"Vazquez, Jay",Partial College,Manual
5985,13041,24040,"Bell, Jennifer",Graduate Degree,Skilled Manual
5986,13042,24041,"Tang, Chad",High School,Manual
5987,13043,24042,"White, Zachary",High School,Manual
5988,13047,24046,"Chander, Cristina",High School,Manual
5989,13050,24049,"Gomez, Byron",Partial College,Manual
5990,13053,24052,"Goel, Priscilla",Bachelors,Clerical
5991,13054,24053,"Allen, Jose",Bachelors,Clerical
5992,13060,24059,"Navarro, Tabitha",Bachelors,Clerical
5993,13061,24060,"Deng, Bonnie",Bachelors,Clerical
5994,13067,24066,"West, Brittney",Bachelors,Clerical
5995,13068,24067,"Raman, Carolyn",Bachelors,Clerical
5996,13069,24068,"Yang, Edwin",Bachelors,Clerical
5997,13073,24072,"He, Randy",Bachelors,Skilled Manual
5998,13075,24074,"Alexander, Grace",Partial High School,Manual
5999,13078,24077,"Rai, Tony",High School,Manual
6000,13079,24078,"Martin, Neil",Bachelors,Skilled Manual
6001,13081,24080,"Serrano, Billy",Partial High School,Manual
6002,13087,24086,"Gonzales, Dakota",Partial College,Manual
6003,13088,24087,"Wilson, Hannah",Partial College,Manual
6004,13089,24088,"He, Damien",High School,Manual
6005,13092,24091,"Munoz, Dwayne",Bachelors,Professional
6006,13093,24092,"Gonzalez, Jillian",Bachelors,Professional
6007,13098,24097,"Fernandez, Francisco",Bachelors,Skilled Manual
6008,13099,24098,"Howard, Olivia",Partial College,Clerical
6009,13100,24099,"Smith, Sarah",Partial College,Clerical
6010,13103,24102,"Torres, Andy",Bachelors,Skilled Manual
6011,13104,24103,"Dominguez, Billy",Bachelors,Skilled Manual
6012,13108,24107,"Jenkins, Jonathan",Partial College,Clerical
6013,13109,24108,"Lal, Tonya",High School,Manual
6014,13118,24117,"Gill, Shannon",Partial College,Clerical
6015,13121,24120,"Allen, Kaitlyn",Partial College,Clerical
6016,13122,24121,"Liu, Valerie",Partial College,Clerical
6017,13128,24127,"Washington, James",Partial College,Clerical
6018,13129,24128,"Ramirez, Kimberly",Partial College,Clerical
6019,13130,24129,"Gutierrez, Jamie",Partial High School,Manual
6020,13131,24130,"Navarro, Tanya",Partial High School,Manual
6021,13138,24137,"Sharma, Tara",Partial College,Clerical
6022,13140,24139,"Williams, Andrew",Partial High School,Manual
6023,13144,24143,"Mehta, Stanley",Graduate Degree,Manual
6024,13148,24147,"Hernandez, Kathleen",Graduate Degree,Clerical
6025,13149,24148,"Zhou, Brittney",Partial College,Manual
6026,13151,24150,"Campbell, Jack",Partial College,Manual
6027,13156,24155,"Raje, Tracy",Partial College,Manual
6028,13157,24156,"Zhou, Wesley",Partial College,Manual
6029,13181,24180,"Jai, Arturo",Partial College,Manual
6030,13182,24181,"Nath, Edwin",Partial College,Manual
6031,13183,24182,"Lopez, Nancy",Bachelors,Clerical
6032,13192,24191,"He, Marshall",Graduate Degree,Clerical
6033,13205,24204,"Gonzalez, Darren",Bachelors,Clerical
6034,13206,24205,"Anderson, Katherine",Bachelors,Clerical
6035,13207,24206,"Munoz, Marie",Graduate Degree,Clerical
6036,13211,24210,"Shan, Ricardo",Graduate Degree,Skilled Manual
6037,13215,24214,"Romero, Michele",Partial College,Manual
6038,13216,24215,"Xu, Lisa",High School,Manual
6039,13222,24221,"Perez, Heidi",Graduate Degree,Management
6040,13223,24222,"Green, Sierra",High School,Skilled Manual
6041,13224,24223,"Alexander, Abigail",High School,Skilled Manual
6042,13225,24224,"Perry, Nicole",High School,Skilled Manual
6043,13226,24225,"Yang, Jeffery",Partial College,Skilled Manual
6044,13227,24226,"Morris, Brian",Partial College,Skilled Manual
6045,13228,24227,"Phillips, Sara",Partial College,Skilled Manual
6046,13232,24231,"Cox, Makayla",Partial College,Skilled Manual
6047,13233,24232,"Johnson, Ryan",Partial College,Skilled Manual
6048,13234,24233,"Parker, Jada",Partial College,Skilled Manual
6049,13235,24234,"Martinez, Eduardo",Partial College,Skilled Manual
6050,13237,24236,"Nelson, Isabella",Partial College,Skilled Manual
6051,13238,24237,"Henderson, Chloe",Partial College,Skilled Manual
6052,13239,24238,"Richardson, Sean",Partial College,Skilled Manual
6053,13240,24239,"Hernandez, Miguel",Partial College,Skilled Manual
6054,13255,24254,"Washington, Emily",Partial College,Skilled Manual
6055,13260,24259,"Price, Gavin",Bachelors,Professional
6056,13261,24260,"Perry, Blake",Partial College,Skilled Manual
6057,13262,24261,"Jones, Emma",Partial College,Skilled Manual
6058,13263,24262,"Thomas, Daniel",Partial College,Skilled Manual
6059,13264,24263,"Brooks, Brooke",Partial College,Skilled Manual
6060,13265,24264,"Long, Richard",Partial College,Skilled Manual
6061,13266,24265,"McDonald, Seth",Partial College,Skilled Manual
6062,13276,24275,"Rivera, Lucas",Partial College,Skilled Manual
6063,13286,24285,"Cox, Jesse",Partial College,Skilled Manual
6064,13287,24286,"Goel, Kelvin",High School,Skilled Manual
6065,13288,24287,"Martinez, John",High School,Skilled Manual
6066,13289,24288,"Gomez, Pedro",High School,Skilled Manual
6067,13290,24289,"Gonzalez, Robert",Partial College,Skilled Manual
6068,13291,24290,"Bell, Zoe",High School,Skilled Manual
6069,13292,24291,"Garcia, Eduardo",High School,Skilled Manual
6070,13293,24292,"Brooks, Mackenzie",High School,Skilled Manual
6071,13294,24293,"Rivera, Anna",High School,Skilled Manual
6072,13295,24294,"Yang, Luis",High School,Skilled Manual
6073,13296,24295,"Barnes, Natalie",Partial College,Skilled Manual
6074,13297,24296,"Gonzalez, Amanda",Partial College,Professional
6075,13298,24297,"Cox, Victoria",Partial College,Professional
6076,13299,24298,"Yang, Robert",Partial College,Professional
6077,13300,24299,"Gray, Andrea",Partial College,Professional
6078,13309,24308,"Sanders, Destiny",Bachelors,Management
6079,13312,24311,"Patel, Geoffrey",Partial College,Professional
6080,13313,24312,"Martin, Austin",Partial College,Professional
6081,13314,24313,"Brooks, Taylor",Partial College,Professional
6082,13315,24314,"Howard, Bryan",Bachelors,Management
6083,13316,24315,"Scott, Edward",Graduate Degree,Management
6084,13317,24316,"Diaz, Rachel",Graduate Degree,Management
6085,13318,24317,"Thomas, Devin",Graduate Degree,Management
6086,13319,24318,"Long, Luis",Graduate Degree,Management
6087,13320,24319,"Clark, Benjamin",Partial High School,Skilled Manual
6088,13321,24320,"White, Joshua",Partial High School,Skilled Manual
6089,13322,24321,"Scott, Gabriel",Bachelors,Professional
6090,13324,24323,"Wright, Janet",Bachelors,Skilled Manual
6091,13325,24324,"Reed, Jennifer",Bachelors,Skilled Manual
6092,13326,24325,"Perry, Jason",Bachelors,Skilled Manual
6093,13327,24326,"Bryant, Adam",Bachelors,Skilled Manual
6094,13328,24327,"Rogers, Evan",Bachelors,Skilled Manual
6095,13329,24328,"Simmons, Melissa",Bachelors,Skilled Manual
6096,13386,24385,"Perez, Summer",Partial College,Professional
6097,13388,24387,"Mitchell, Elijah",Bachelors,Management
6098,13389,24388,"Campbell, Maria",Bachelors,Management
6099,13390,24389,"Carter, Xavier",Partial High School,Skilled Manual
6100,13391,24390,"Prasad, Carolyn",High School,Professional
6101,13392,24391,"Washington, Marissa",High School,Professional
6102,13394,24393,"Johnson, Joseph",Graduate Degree,Management
6103,13395,24394,"Raji, Drew",Bachelors,Management
6104,13396,24395,"Raji, Alison",Bachelors,Management
6105,13397,24396,"Navarro, Robyn",Bachelors,Management
6106,13398,24397,"Raman, Henry",Bachelors,Management
6107,13399,24398,"Davis, Brandon",Graduate Degree,Management
6108,13401,24400,"Parker, Kaitlyn",Partial College,Professional
6109,13402,24401,"Rana, Douglas",Bachelors,Management
6110,13403,24402,"Alexander, Devin",Graduate Degree,Management
6111,13404,24403,"Wright, Gabriel",Partial College,Professional
6112,13407,24406,"Vazquez, Reginald",Bachelors,Management
6113,13408,24407,"Peterson, Makayla",Bachelors,Management
6114,13409,24408,"Diaz, Jordan",Bachelors,Management
6115,13410,24409,"Hernandez, Jackson",Partial College,Professional
6116,13412,24411,"Sanchez, Johnathan",Bachelors,Management
6117,13413,24412,"Patterson, Angelica",Partial College,Professional
6118,13414,24413,"Lewis, Nathan",High School,Professional
6119,13415,24414,"Edwards, Adam",Bachelors,Management
6120,13418,24417,"Harris, Christopher",Bachelors,Management
6121,13424,24423,"Harris, Alyssa",Graduate Degree,Management
6122,13425,24424,"Russell, Morgan",Graduate Degree,Management
6123,13427,24426,"Russell, Jordan",Partial College,Professional
6124,13428,24427,"Fernandez, Evelyn",Partial College,Professional
6125,13429,24428,"Price, Hailey",Partial College,Professional
6126,13448,24447,"Morgan, Cody",High School,Professional
6127,13449,24448,"Lopez, Amanda",High School,Professional
6128,13450,24449,"Simmons, Melanie",High School,Professional
6129,13451,24450,"Long, Isabel",High School,Professional
6130,13452,24451,"Morgan, Bailey",High School,Professional
6131,13491,24490,"Suarez, Dwayne",High School,Skilled Manual
6132,13493,24492,"Lopez, Devin",High School,Skilled Manual
6133,13498,24497,"James, Abigail",High School,Skilled Manual
6134,13499,24498,"Washington, Angela",High School,Skilled Manual
6135,13500,24499,"Lewis, Olivia",Partial High School,Clerical
6136,13501,24500,"Johnson, Seth",High School,Skilled Manual
6137,13508,24507,"Garcia, Madison",High School,Skilled Manual
6138,13509,24508,"Phillips, Alex",High School,Skilled Manual
6139,13510,24509,"Long, Emma",High School,Skilled Manual
6140,13511,24510,"Martinez, Christian",High School,Skilled Manual
6141,13512,24511,"Hall, Logan",Partial College,Skilled Manual
6142,13513,24512,"Jiménez, Adrienne",Partial College,Skilled Manual
6143,13514,24513,"Deng, Alejandro",Partial College,Skilled Manual
6144,13515,24514,"Phillips, Jesse",Partial College,Skilled Manual
6145,13516,24515,"Jones, Ian",Partial College,Skilled Manual
6146,13517,24516,"Moore, Rachel",High School,Skilled Manual
6147,13518,24517,"Harris, Brandon",Partial College,Skilled Manual
6148,13519,24518,"Allen, Stephanie",Partial College,Skilled Manual
6149,13520,24519,"King, Carlos",Partial College,Skilled Manual
6150,13521,24520,"Wilson, Joseph",Partial College,Skilled Manual
6151,13522,24521,"Wood, Jordyn",Bachelors,Management
6152,13523,24522,"Perez, Alex",Bachelors,Management
6153,13524,24523,"Coleman, Mariah",Bachelors,Management
6154,13525,24524,"Lewis, Megan",Bachelors,Management
6155,13527,24526,"Barnes, Julian",Bachelors,Management
6156,13528,24527,"Coleman, Gavin",Graduate Degree,Management
6157,13529,24528,"Hernandez, Katherine",Graduate Degree,Management
6158,13530,24529,"Martinez, Jillian",Graduate Degree,Management
6159,13531,24530,"She, Franklin",Graduate Degree,Management
6160,13532,24531,"Xie, Andres",Bachelors,Management
6161,13533,24532,"Perez, Phillip",Bachelors,Management
6162,13537,24536,"Perez, Cynthia",Partial College,Professional
6163,13545,24544,"Romero, Kellie",Partial College,Professional
6164,13548,24547,"Gomez, Dana",Partial College,Professional
6165,13549,24548,"Liu, Crystal",Bachelors,Management
6166,13554,24553,"Ashe, Michele",Partial College,Professional
6167,13562,24561,"Sherman, Megan",High School,Professional
6168,13563,24562,"Rubio, Ricky",Partial College,Professional
6169,13564,24563,"Rodriguez, Adriana",Partial College,Professional
6170,13565,24564,"Andersen, Johnny",Bachelors,Management
6171,13566,24565,"Navarro, Theodore",Partial College,Professional
6172,13573,24572,"Martinez, Carolyn",Partial College,Management
6173,13580,24579,"Alexander, Trevor",Partial High School,Professional
6174,13581,24580,"Zhao, Wesley",Partial High School,Professional
6175,13617,24616,"Cook, Zoe",High School,Professional
6176,13618,24617,"She, Kelsey",High School,Professional
6177,13619,24618,"Gonzalez, Brett",High School,Professional
6178,13620,24619,"Kelly, Shelby",High School,Professional
6179,13621,24620,"Morgan, Olivia",High School,Professional
6180,13623,24622,"Hall, Blake",Graduate Degree,Management
6181,13624,24623,"Torres, Beth",Graduate Degree,Management
6182,13625,24624,"Murphy, Allison",Graduate Degree,Management
6183,13632,24631,"Powell, Hannah",Graduate Degree,Management
6184,13633,24632,"James, Catherine",Bachelors,Management
6185,13634,24633,"Cook, Xavier",Bachelors,Management
6186,13635,24634,"He, Crystal",Bachelors,Management
6187,13636,24635,"Rogers, Gabrielle",Bachelors,Management
6188,13637,24636,"Ward, Anna",Graduate Degree,Management
6189,13639,24638,"Lopez, Julia",High School,Professional
6190,13649,24648,"King, Amanda",Partial High School,Clerical
6191,13651,24650,"Baker, Julia",Partial High School,Clerical
6192,13652,24651,"Alexander, Dakota",Partial High School,Clerical
6193,13653,24652,"Butler, Luke",Partial High School,Clerical
6194,13663,24662,"Price, Arianna",Bachelors,Management
6195,13668,24667,"Diaz, Chloe",Partial College,Professional
6196,13669,24668,"Xu, Katrina",Partial College,Professional
6197,13670,24669,"Parker, Xavier",Bachelors,Management
6198,13671,24670,"Ross, Alexandria",Bachelors,Management
6199,13673,24672,"Cook, Jeremy",Partial College,Professional
6200,13674,24673,"Cox, Paige",Partial College,Professional
6201,13675,24674,"Kumar, Dylan",Partial College,Professional
6202,13676,24675,"Nelson, Jackson",Partial College,Professional
6203,13677,24676,"Roberts, Jeremy",Partial College,Professional
6204,13691,24690,"Long, Christian",Partial High School,Manual
6205,13692,24691,"Carlson, Meredith",Partial High School,Manual
6206,13693,24692,"He, Laura",Partial High School,Manual
6207,13695,24694,"Carlson, Theodore",High School,Manual
6208,13697,24696,"Xie, Tasha",High School,Manual
6209,13699,24698,"Carter, Blake",High School,Manual
6210,13705,24704,"Schmidt, Allen",Partial High School,Manual
6211,13707,24706,"Rana, Virginia",High School,Manual
6212,13711,24710,"Malhotra, Brandy",Bachelors,Skilled Manual
6213,13712,24711,"Hernandez, Rebekah",Partial College,Clerical
6214,13717,24716,"Liu, Colin",High School,Manual
6215,13718,24717,"Anand, Damien",High School,Manual
6216,13719,24718,"Black, Terrence",Partial College,Clerical
6217,13720,24719,"Zheng, Susan",Partial College,Clerical
6218,13723,24722,"Ross, Hunter",Partial College,Clerical
6219,13724,24723,"Pal, Shawna",Partial College,Clerical
6220,13733,24732,"Davis, Wyatt",Bachelors,Skilled Manual
6221,13735,24734,"Turner, Jack",Graduate Degree,Skilled Manual
6222,13736,24735,"Powell, Madison",Graduate Degree,Skilled Manual
6223,13737,24736,"Ramirez, Savannah",Partial High School,Clerical
6224,13738,24737,"Bailey, Angela",Partial High School,Clerical
6225,13739,24738,"Davis, Hannah",Partial College,Clerical
6226,13740,24739,"Sanders, Dalton",Partial College,Clerical
6227,13741,24740,"Cooper, Shelby",Partial High School,Clerical
6228,13742,24741,"Perry, Brittany",Partial High School,Clerical
6229,13743,24742,"Ramirez, Rachel",High School,Clerical
6230,13744,24743,"Coleman, Chloe",High School,Skilled Manual
6231,13746,24745,"Ward, Jennifer",High School,Skilled Manual
6232,13748,24747,"Powell, Dakota",Partial High School,Clerical
6233,13750,24749,"Guo, Marshall",Partial High School,Clerical
6234,13751,24750,"Barnes, Destiny",Partial High School,Clerical
6235,13752,24751,"Howard, Angela",High School,Skilled Manual
6236,13753,24752,"Jackson, Cameron",High School,Skilled Manual
6237,13754,24753,"Jenkins, Eduardo",High School,Skilled Manual
6238,13755,24754,"Rivera, Haley",Partial College,Clerical
6239,13757,24756,"Bell, Carlos",Partial College,Clerical
6240,13759,24758,"Adams, Gabriella",Partial College,Clerical
6241,13761,24760,"Coleman, Julian",Partial College,Clerical
6242,13762,24761,"Rubio, Lawrence",Partial College,Clerical
6243,13763,24762,"Xu, Warren",Graduate Degree,Skilled Manual
6244,13765,24764,"Hughes, Abigail",Graduate Degree,Skilled Manual
6245,13766,24765,"Alexander, Morgan",Graduate Degree,Skilled Manual
6246,13767,24766,"White, Christian",Graduate Degree,Skilled Manual
6247,13768,24767,"Jackson, Lauren",Graduate Degree,Skilled Manual
6248,13769,24768,"Ross, Jordan",Graduate Degree,Skilled Manual
6249,13770,24769,"Lal, Brendan",Graduate Degree,Skilled Manual
6250,13771,24770,"Wright, Isaac",Graduate Degree,Skilled Manual
6251,13773,24772,"Russell, Greg",Graduate Degree,Skilled Manual
6252,13775,24774,"Gonzales, Xavier",Graduate Degree,Skilled Manual
6253,13776,24775,"Alexander, Alexandra",Graduate Degree,Skilled Manual
6254,13777,24776,"Perry, Samantha",Graduate Degree,Skilled Manual
6255,13778,24777,"Adams, Eric",Graduate Degree,Skilled Manual
6256,13780,24779,"Lee, Morgan",Graduate Degree,Skilled Manual
6257,13781,24780,"Hall, Courtney",Graduate Degree,Skilled Manual
6258,13783,24782,"Morris, Nicole",Graduate Degree,Skilled Manual
6259,13784,24783,"Raman, Barry",Graduate Degree,Skilled Manual
6260,13785,24784,"Kelly, Megan",Graduate Degree,Professional
6261,13786,24785,"Morris, Cody",Bachelors,Skilled Manual
6262,13788,24787,"Watson, Andrea",Bachelors,Skilled Manual
6263,13789,24788,"Bennett, Ashley",Bachelors,Skilled Manual
6264,13790,24789,"Hu, Tamara",Bachelors,Skilled Manual
6265,13791,24790,"Navarro, Rebekah",Bachelors,Skilled Manual
6266,13792,24791,"Ortega, Teresa",Bachelors,Skilled Manual
6267,13793,24792,"Malhotra, Clifford",Bachelors,Skilled Manual
6268,13794,24793,"Morgan, Cole",Bachelors,Skilled Manual
6269,13795,24794,"Sanchez, Cody",Bachelors,Skilled Manual
6270,13796,24795,"Lewis, Alexandra",Bachelors,Skilled Manual
6271,13797,24796,"Simmons, Jessica",Bachelors,Skilled Manual
6272,13798,24797,"Flores, Dylan",Bachelors,Skilled Manual
6273,13799,24798,"Moreno, Lawrence",Bachelors,Skilled Manual
6274,13800,24799,"Sanz, Byron",Bachelors,Skilled Manual
6275,13801,24800,"Young, Eduardo",Graduate Degree,Professional
6276,13802,24801,"Bailey, Chase",Graduate Degree,Professional
6277,13803,24802,"Allen, Timothy",Graduate Degree,Professional
6278,13804,24803,"Diaz, Anna",High School,Skilled Manual
6279,13805,24804,"Raji, Tonya",Bachelors,Skilled Manual
6280,13807,24806,"Russell, Faith",Graduate Degree,Professional
6281,13808,24807,"Moreno, Anne",Graduate Degree,Professional
6282,13809,24808,"Perez, Eric",Graduate Degree,Professional
6283,13810,24809,"Moore, Alyssa",Graduate Degree,Professional
6284,13811,24810,"Richardson, Alyssa",Bachelors,Skilled Manual
6285,13812,24811,"Ramirez, Trinity",Bachelors,Skilled Manual
6286,13813,24812,"Sai, Johnathan",Bachelors,Skilled Manual
6287,13814,24813,"Schmidt, Armando",Bachelors,Skilled Manual
6288,13815,24814,"Washington, Gabriel",Graduate Degree,Professional
6289,13816,24815,"Clark, Victoria",Graduate Degree,Professional
6290,13819,24818,"Rubio, Diane",Graduate Degree,Professional
6291,13820,24819,"Shan, Jack",Graduate Degree,Professional
6292,13821,24820,"Clark, David",Graduate Degree,Professional
6293,13822,24821,"Alexander, Melissa",Graduate Degree,Professional
6294,13823,24822,"Cook, Paige",Graduate Degree,Professional
6295,13824,24823,"Zhao, Vincent",Graduate Degree,Professional
6296,13827,24826,"Powell, Richard",Bachelors,Skilled Manual
6297,13828,24827,"Martinez, Alexander",Bachelors,Skilled Manual
6298,13829,24828,"Reed, Brooke",Graduate Degree,Professional
6299,13830,24829,"Patterson, Ethan",Graduate Degree,Professional
6300,13831,24830,"Cox, Alexandra",Graduate Degree,Professional
6301,13832,24831,"Diaz, Jackson",Graduate Degree,Professional
6302,13835,24834,"Jai, Bethany",Graduate Degree,Clerical
6303,13838,24837,"Lewis, Wyatt",Partial College,Professional
6304,13839,24838,"Young, Elijah",Partial College,Professional
6305,13840,24839,"Goldberg, Tamara",High School,Professional
6306,13844,24843,"Subram, Bryant",Partial College,Professional
6307,13847,24846,"Navarro, Naomi",Bachelors,Management
6308,13849,24848,"Zhou, Jeffery",High School,Professional
6309,13851,24850,"Perez, Emmanuel",Bachelors,Management
6310,13855,24854,"Jenkins, Emma",Partial College,Professional
6311,13856,24855,"Wright, Kaylee",Partial College,Professional
6312,13857,24856,"Huang, Candice",Partial College,Professional
6313,13865,24864,"Sun, Jeffery",Partial College,Professional
6314,13868,24867,"Suarez, Beth",High School,Professional
6315,13874,24873,"Li, Alisha",Partial College,Management
6316,13876,24875,"Zhang, Darryl",High School,Management
6317,13877,24876,"Subram, Jarrod",High School,Management
6318,13880,24879,"Munoz, Desiree",Partial High School,Skilled Manual
6319,13884,24883,"Lin, Stacey",Partial High School,Professional
6320,13926,24925,"Perez, Erick",High School,Professional
6321,13927,24926,"Roberts, Eric",High School,Professional
6322,13928,24927,"Harris, Kaitlyn",High School,Professional
6323,13929,24928,"Wright, Timothy",High School,Professional
6324,13930,24929,"Bailey, Lucas",High School,Professional
6325,13931,24930,"Lewis, Abigail",High School,Professional
6326,13932,24931,"Miller, Brianna",High School,Professional
6327,13933,24932,"Jones, Richard",High School,Professional
6328,13934,24933,"Sanchez, Regina",Graduate Degree,Management
6329,13935,24934,"Tang, Lindsay",Graduate Degree,Management
6330,13936,24935,"Hayes, James",Graduate Degree,Management
6331,13937,24936,"Scott, Caleb",Graduate Degree,Management
6332,13938,24937,"Evans, Jordan",Graduate Degree,Management
6333,13939,24938,"Martinez, Julia",Graduate Degree,Management
6334,13941,24940,"Martin, Fernando",Bachelors,Management
6335,13942,24941,"Garcia, Wyatt",Bachelors,Management
6336,13943,24942,"James, Steven",Bachelors,Management
6337,13944,24943,"Chander, Darrell",Bachelors,Management
6338,13945,24944,"Garcia, Whitney",Bachelors,Management
6339,13946,24945,"Harris, Logan",Bachelors,Management
6340,13947,24946,"Hughes, Sarah",Graduate Degree,Management
6341,13949,24948,"Carter, Nathan",Bachelors,Management
6342,13950,24949,"Howard, Devin",Bachelors,Management
6343,13951,24950,"Alexander, Stephanie",Bachelors,Management
6344,13952,24951,"Ward, Jeremy",Bachelors,Management
6345,13953,24952,"Long, Amanda",Bachelors,Management
6346,13954,24953,"Green, Aaron",Partial High School,Clerical
6347,13955,24954,"Long, Jonathan",High School,Professional
6348,13956,24955,"Perez, Donald",Partial High School,Skilled Manual
6349,13957,24956,"Ward, Ariana",Partial High School,Skilled Manual
6350,13958,24957,"Howard, Anna",Partial High School,Skilled Manual
6351,13959,24958,"Xu, Tamara",High School,Professional
6352,13960,24959,"Blanco, Kristy",Bachelors,Management
6353,13962,24961,"Bennett, Alexandra",High School,Professional
6354,13963,24962,"Jai, Jonathan",High School,Professional
6355,13964,24963,"Zhao, Erica",High School,Professional
6356,13965,24964,"Anderson, Samantha",High School,Professional
6357,13966,24965,"Hayes, Justin",High School,Professional
6358,13967,24966,"Cooper, Jade",Bachelors,Management
6359,13969,24968,"Moore, Dalton",Partial College,Professional
6360,13970,24969,"Gonzales, Vanessa",Partial College,Professional
6361,13971,24970,"Wright, Blake",Partial College,Professional
6362,13972,24971,"Lin, Brittney",Partial College,Professional
6363,13973,24972,"Garcia, Edward",Bachelors,Management
6364,13974,24973,"Rivera, Arianna",Bachelors,Management
6365,13975,24974,"Carter, Eduardo",Bachelors,Management
6366,13979,24978,"Stewart, Kaylee",Partial College,Professional
6367,13980,24979,"Adams, Jada",Partial College,Professional
6368,13981,24980,"Phillips, Savannah",Partial College,Professional
6369,13982,24981,"Davis, Jose",Partial College,Professional
6370,13983,24982,"King, Devin",Partial College,Professional
6371,13984,24983,"Griffin, Morgan",Partial College,Professional
6372,13985,24984,"Moore, William",Partial College,Professional
6373,13986,24985,"Phillips, Jenna",Bachelors,Management
6374,13988,24987,"Chandra, Kristopher",Partial College,Professional
6375,13989,24988,"Diaz, Kayla",Partial College,Professional
6376,13990,24989,"Peterson, Arianna",High School,Professional
6377,13991,24990,"Collins, Timothy",High School,Professional
6378,13992,24991,"Bryant, Luke",Partial High School,Skilled Manual
6379,13993,24992,"Bryant, Faith",Partial High School,Skilled Manual
6380,13994,24993,"Ortega, Marvin",Partial High School,Skilled Manual
6381,13995,24994,"Sanders, Lauren",High School,Professional
6382,13997,24996,"Miller, Dylan",Partial High School,Skilled Manual
6383,13998,24997,"Kumar, Melvin",Partial High School,Skilled Manual
6384,13999,24998,"Martinez, Olivia",Graduate Degree,Management
6385,14000,24999,"Jai, Shaun",Graduate Degree,Management
6386,14001,25000,"Turner, Allison",High School,Skilled Manual
6387,14004,25003,"Russell, Tristan",Partial College,Skilled Manual
6388,14005,25004,"Thomas, Samuel",Partial College,Skilled Manual
6389,14006,25005,"Williams, Brianna",Partial College,Skilled Manual
6390,14007,25006,"Murphy, Bailey",Partial College,Skilled Manual
6391,14008,25007,"Sanders, Alyssa",Partial College,Skilled Manual
6392,14009,25008,"Perry, Haley",Partial College,Skilled Manual
6393,14015,25014,"Reed, Juan",Partial College,Skilled Manual
6394,14016,25015,"Rogers, Jacqueline",Partial College,Skilled Manual
6395,14019,25018,"Robinson, Lucas",Partial College,Skilled Manual
6396,14024,25023,"Sanz, Carolyn",Bachelors,Professional
6397,14025,25024,"Pritchett, Brad",Bachelors,Professional
6398,14026,25025,"Bryant, Spencer",Partial College,Skilled Manual
6399,14039,25038,"Hall, Isabella",Partial College,Skilled Manual
6400,14040,25039,"Clark, Alexis",High School,Skilled Manual
6401,14041,25040,"Perry, Julian",High School,Skilled Manual
6402,14042,25041,"Phillips, Hunter",High School,Skilled Manual
6403,14043,25042,"Rizaldy, Arif",High School,Skilled Manual
6404,14044,25043,"Rai, Damien",High School,Skilled Manual
6405,14045,25044,"Bailey, Emma",Partial College,Skilled Manual
6406,14046,25045,"Russell, Paige",High School,Skilled Manual
6407,14048,25047,"Long, Trevor",Partial College,Professional
6408,14050,25049,"Ye, Candice",Partial College,Professional
6409,14051,25050,"Chen, Darryl",Partial College,Professional
6410,14060,25059,"Ward, Sean",Partial College,Professional
6411,14061,25060,"Martinez, Noah",Bachelors,Management
6412,14064,25063,"Williams, Dylan",Partial High School,Skilled Manual
6413,14065,25064,"Harris, James",Bachelors,Management
6414,14066,25065,"Henderson, Thomas",Partial High School,Skilled Manual
6415,14068,25067,"Butler, Melanie",Bachelors,Professional
6416,14069,25068,"Shan, Robert",Bachelors,Skilled Manual
6417,14070,25069,"Ortega, Lori",Bachelors,Skilled Manual
6418,14072,25071,"Brooks, Natalie",Bachelors,Skilled Manual
6419,14073,25072,"Murphy, Alyssa",Bachelors,Skilled Manual
6420,14077,25076,"Jenkins, Nicole",Graduate Degree,Professional
6421,14078,25077,"Clark, Wyatt",Graduate Degree,Professional
6422,14079,25078,"Jenkins, James",High School,Skilled Manual
6423,14080,25079,"Perry, Riley",Bachelors,Professional
6424,14081,25080,"Long, Marissa",Bachelors,Professional
6425,14082,25081,"Morris, Melanie",Bachelors,Professional
6426,14083,25082,"Martinez, William",High School,Skilled Manual
6427,14084,25083,"Gao, Omar",High School,Skilled Manual
6428,14085,25084,"James, Dalton",Partial College,Skilled Manual
6429,14086,25085,"Rogers, Lucas",Partial College,Skilled Manual
6430,14087,25086,"Cox, Jasmine",Partial College,Skilled Manual
6431,14088,25087,"Young, Wyatt",Partial College,Skilled Manual
6432,14089,25088,"Reed, Victoria",Partial College,Skilled Manual
6433,14090,25089,"Xie, Christy",Bachelors,Professional
6434,14092,25091,"Zeng, Jessie",Bachelors,Professional
6435,14093,25092,"Jackson, Emily",Partial College,Skilled Manual
6436,14097,25096,"Bennett, Victoria",Partial College,Skilled Manual
6437,14098,25097,"Gonzales, Fernando",Partial College,Skilled Manual
6438,14099,25098,"Long, Logan",Partial College,Skilled Manual
6439,14100,25099,"Hayes, Melanie",Partial College,Skilled Manual
6440,14103,25102,"Kelly, Stephanie",Bachelors,Professional
6441,14104,25103,"Brooks, Shelby",Bachelors,Professional
6442,14106,25105,"Nara, Warren",Graduate Degree,Professional
6443,14145,25144,"Fernandez, Johnathan",Partial College,Clerical
6444,14146,25145,"Yang, Clayton",Partial College,Clerical
6445,14147,25146,"Gonzales, Carson",Partial High School,Skilled Manual
6446,14149,25148,"Simmons, Ryan",High School,Professional
6447,14150,25149,"Griffin, Samantha",High School,Professional
6448,14151,25150,"Jones, Xavier",Bachelors,Management
6449,14152,25151,"Washington, Jasmine",Partial High School,Skilled Manual
6450,14153,25152,"Sanders, Maria",High School,Professional
6451,14154,25153,"Coleman, Ryan",Bachelors,Management
6452,14155,25154,"Serrano, Clinton",Bachelors,Management
6453,14156,25155,"Alonso, Theresa",Bachelors,Management
6454,14157,25156,"Peterson, Catherine",Graduate Degree,Management
6455,14159,25158,"Long, Stephanie",Partial College,Professional
6456,14160,25159,"Cooper, Katelyn",Partial College,Professional
6457,14161,25160,"Stewart, Mackenzie",Partial College,Professional
6458,14162,25161,"Flores, Isabella",Bachelors,Management
6459,14163,25162,"Morris, Bryan",Bachelors,Management
6460,14164,25163,"Griffin, Natalie",Partial College,Professional
6461,14165,25164,"Parker, Isaac",Partial College,Professional
6462,14166,25165,"Brown, Ashley",Partial College,Professional
6463,14167,25166,"Jenkins, Miguel",Partial College,Professional
6464,14168,25167,"Hughes, Elijah",Partial College,Professional
6465,14169,25168,"Hernandez, Micheal",Partial High School,Skilled Manual
6466,14170,25169,"Peterson, Angel",Graduate Degree,Management
6467,14171,25170,"Walker, Logan",Partial College,Professional
6468,14172,25171,"Rodriguez, Christopher",Partial College,Professional
6469,14173,25172,"Gray, Evan",Bachelors,Management
6470,14175,25174,"Smith, Monica",Partial College,Professional
6471,14176,25175,"Chen, Nathan",Partial College,Professional
6472,14177,25176,"Flores, Edward",Bachelors,Management
6473,14179,25178,"Kelly, Jasmine",Partial College,Professional
6474,14180,25179,"Thompson, Miguel",Partial College,Professional
6475,14181,25180,"Simmons, Ana",High School,Professional
6476,14182,25181,"Torres, Jesse",High School,Professional
6477,14183,25182,"Simmons, Natalie",High School,Professional
6478,14184,25183,"Thomas, Michael",High School,Professional
6479,14185,25184,"Tang, Peter",Partial College,Professional
6480,14186,25185,"Reed, Jade",Bachelors,Management
6481,14187,25186,"Coleman, Angelica",Partial College,Professional
6482,14188,25187,"Scott, Sydney",Graduate Degree,Management
6483,14190,25189,"Hayes, Aidan",Graduate Degree,Management
6484,14191,25190,"Morris, Allison",Graduate Degree,Management
6485,14192,25191,"Gonzales, Austin",Graduate Degree,Management
6486,14193,25192,"Gill, Janet",High School,Professional
6487,14194,25193,"Howard, Stephanie",High School,Professional
6488,14195,25194,"Bell, Jada",Partial High School,Skilled Manual
6489,14196,25195,"Wilson, Alexandra",Partial High School,Skilled Manual
6490,14198,25197,"Perry, Kyle",High School,Professional
6491,14199,25198,"Ramirez, Michelle",Partial High School,Skilled Manual
6492,14200,25199,"Griffin, Kyle",Graduate Degree,Management
6493,14201,25200,"Williams, Nathan",Partial College,Professional
6494,14202,25201,"Gonzalez, Hunter",Partial College,Professional
6495,14203,25202,"King, Jonathan",Partial College,Professional
6496,14204,25203,"Wood, Caroline",Partial College,Professional
6497,14205,25204,"Barnes, Kelly",Partial College,Professional
6498,14206,25205,"Jones, John",High School,Professional
6499,14207,25206,"Bryant, Ryan",High School,Professional
6500,14208,25207,"Moore, Destiny",High School,Professional
6501,14209,25208,"Taylor, Daniel",High School,Professional
6502,14254,25253,"Miller, Ryan",High School,Skilled Manual
6503,14255,25254,"She, Krystal",High School,Skilled Manual
6504,14256,25255,"Lal, Logan",High School,Skilled Manual
6505,14258,25257,"Sanchez, Harold",High School,Skilled Manual
6506,14259,25258,"Vazquez, Micheal",High School,Skilled Manual
6507,14260,25259,"Thomas, Ethan",High School,Skilled Manual
6508,14261,25260,"Howard, Dalton",High School,Skilled Manual
6509,14262,25261,"Phillips, Eduardo",High School,Skilled Manual
6510,14265,25264,"Bryant, Wyatt",High School,Skilled Manual
6511,14275,25274,"Henderson, Samantha",High School,Skilled Manual
6512,14276,25275,"Watson, Christina",High School,Skilled Manual
6513,14277,25276,"Richardson, Mackenzie",Partial College,Skilled Manual
6514,14278,25277,"Fernandez, Jermaine",Partial College,Skilled Manual
6515,14279,25278,"Butler, Brianna",Partial College,Skilled Manual
6516,14280,25279,"Barnes, Jordyn",Partial College,Skilled Manual
6517,14281,25280,"Price, Emily",Partial College,Skilled Manual
6518,14282,25281,"Allen, Jeremy",High School,Skilled Manual
6519,14283,25282,"Perez, Gabriel",Partial College,Skilled Manual
6520,14284,25283,"Howard, Caitlin",Partial College,Skilled Manual
6521,14285,25284,"Mitchell, Allison",Partial College,Skilled Manual
6522,14286,25285,"Williams, Noah",Partial College,Skilled Manual
6523,14287,25286,"Powell, Zachary",Bachelors,Management
6524,14290,25289,"Bradley, Amanda",Bachelors,Management
6525,14291,25290,"Mitchell, Jackson",Bachelors,Management
6526,14292,25291,"Griffin, Marissa",Bachelors,Management
6527,14293,25292,"Adams, Eduardo",Bachelors,Management
6528,14294,25293,"Gonzales, Eric",Bachelors,Management
6529,14298,25297,"Shan, Devon",Partial College,Clerical
6530,14301,25300,"Ashe, Jamie",Partial High School,Manual
6531,14303,25302,"Mehta, Manuel",High School,Manual
6532,14304,25303,"Hernandez, Jeremiah",High School,Manual
6533,14306,25305,"Rodriguez, Ivan",Bachelors,Skilled Manual
6534,14307,25306,"Zeng, Glenn",Bachelors,Skilled Manual
6535,14308,25307,"Hernandez, Daisy",Bachelors,Skilled Manual
6536,14310,25309,"Zhou, Karen",High School,Manual
6537,14311,25310,"Kapoor, Janelle",Partial High School,Manual
6538,14318,25317,"Garcia, Erick",Partial High School,Manual
6539,14319,25318,"Wang, Dennis",Partial High School,Manual
6540,14323,25322,"Perez, Tina",Partial College,Clerical
6541,14324,25323,"Diaz, Lance",Partial College,Clerical
6542,14330,25329,"Moreno, Jacquelyn",Partial College,Clerical
6543,14331,25330,"Gonzales, Madison",Graduate Degree,Skilled Manual
6544,14334,25333,"Coleman, Robert",Graduate Degree,Skilled Manual
6545,14335,25334,"Gonzales, Marcus",Graduate Degree,Skilled Manual
6546,14337,25336,"Cook, Chase",Partial High School,Clerical
6547,14338,25337,"Washington, Megan",Partial High School,Clerical
6548,14339,25338,"Perez, Jason",Partial High School,Clerical
6549,14340,25339,"Rivera, Adrian",Partial College,Clerical
6550,14342,25341,"Cook, Kaitlyn",Partial High School,Clerical
6551,14343,25342,"Hill, Seth",Partial High School,Clerical
6552,14344,25343,"Simmons, Carol",Partial High School,Clerical
6553,14345,25344,"Baker, Thomas",High School,Clerical
6554,14346,25345,"Powell, Olivia",Partial High School,Clerical
6555,14347,25346,"Gonzalez, Ian",Partial High School,Clerical
6556,14349,25348,"Wood, Angela",High School,Skilled Manual
6557,14351,25350,"Alonso, Alberto",Partial High School,Clerical
6558,14352,25351,"Phillips, Jordan",Partial High School,Clerical
6559,14353,25352,"Martinez, Brandon",Partial High School,Clerical
6560,14354,25353,"Stewart, Caitlin",Partial High School,Clerical
6561,14355,25354,"Hughes, Kevin",Partial High School,Clerical
6562,14356,25355,"Smith, Richard",Partial High School,Clerical
6563,14357,25356,"Miller, Jonathan",Partial High School,Clerical
6564,14358,25357,"Foster, Marcus",Partial High School,Clerical
6565,14359,25358,"Torres, Jade",Partial High School,Clerical
6566,14360,25359,"Young, Alex",High School,Skilled Manual
6567,14361,25360,"James, Mason",High School,Skilled Manual
6568,14363,25362,"Bailey, Makayla",High School,Skilled Manual
6569,14365,25364,"Rogers, Isaac",High School,Skilled Manual
6570,14366,25365,"Perry, Gabrielle",High School,Skilled Manual
6571,14367,25366,"Bailey, Eduardo",Partial College,Clerical
6572,14369,25368,"Baker, Blake",Partial College,Clerical
6573,14370,25369,"Cox, Evan",Partial College,Clerical
6574,14371,25370,"Bailey, Erin",Partial College,Clerical
6575,14373,25372,"Torres, Carrie",Graduate Degree,Skilled Manual
6576,14374,25373,"Chande, Nichole",Graduate Degree,Skilled Manual
6577,14375,25374,"Powell, Ana",Graduate Degree,Skilled Manual
6578,14376,25375,"Flores, Carson",Graduate Degree,Skilled Manual
6579,14377,25376,"Griffin, Alexis",Graduate Degree,Skilled Manual
6580,14378,25377,"Anderson, Lauren",Graduate Degree,Skilled Manual
6581,14379,25378,"Scott, Gabriella",Graduate Degree,Skilled Manual
6582,14380,25379,"Young, Hailey",Bachelors,Skilled Manual
6583,14381,25380,"Gonzales, Seth",Graduate Degree,Skilled Manual
6584,14382,25381,"Li, Dylan",Graduate Degree,Professional
6585,14383,25382,"Hughes, Richard",Graduate Degree,Professional
6586,14384,25383,"Walker, Nathan",Bachelors,Skilled Manual
6587,14385,25384,"Cooper, Maria",Bachelors,Skilled Manual
6588,14386,25385,"Torres, Destiny",Bachelors,Skilled Manual
6589,14412,25411,"Flores, Riley",Bachelors,Professional
6590,14413,25412,"Williams, Michael",Graduate Degree,Professional
6591,14414,25413,"Rivera, Zoe",Graduate Degree,Professional
6592,14415,25414,"Bailey, Grace",Graduate Degree,Professional
6593,14416,25415,"Evans, Aaron",Graduate Degree,Professional
6594,14417,25416,"Coleman, Jack",Partial High School,Clerical
6595,14418,25417,"Bell, Savannah",Bachelors,Skilled Manual
6596,14419,25418,"Hayes, Alexia",Bachelors,Skilled Manual
6597,14420,25419,"King, Hunter",Bachelors,Skilled Manual
6598,14421,25420,"Scott, Jordan",Bachelors,Skilled Manual
6599,14422,25421,"Lewis, Marcus",Bachelors,Skilled Manual
6600,14423,25422,"King, Elijah",Bachelors,Skilled Manual
6601,14424,25423,"Zhou, Jake",Bachelors,Skilled Manual
6602,14425,25424,"Roberts, Ian",Graduate Degree,Professional
6603,14426,25425,"Diaz, Zachary",Graduate Degree,Professional
6604,14427,25426,"Foster, Tristan",Graduate Degree,Professional
6605,14428,25427,"Zeng, Omar",Graduate Degree,Professional
6606,14429,25428,"Jenkins, Victoria",Graduate Degree,Professional
6607,14430,25429,"Rana, Candace",Graduate Degree,Professional
6608,14431,25430,"Hall, Alyssa",Graduate Degree,Professional
6609,14432,25431,"Sanchez, Ann",Bachelors,Professional
6610,14433,25432,"Gomez, Kellie",Bachelors,Professional
6611,14435,25434,"Hill, Gabriel",Bachelors,Skilled Manual
6612,14436,25435,"Turner, Jennifer",Bachelors,Skilled Manual
6613,14437,25436,"Ross, Destiny",Bachelors,Skilled Manual
6614,14439,25438,"Murphy, Lauren",Bachelors,Skilled Manual
6615,14440,25439,"Arthur, Janelle",Bachelors,Skilled Manual
6616,14441,25440,"Gonzalez, Andre",Bachelors,Skilled Manual
6617,14442,25441,"Torres, Isabella",Bachelors,Skilled Manual
6618,14444,25443,"Huang, Stacey",Graduate Degree,Clerical
6619,14445,25444,"Martinez, Meagan",Graduate Degree,Clerical
6620,14446,25445,"Cook, Grace",Graduate Degree,Clerical
6621,14450,25449,"Dominguez, Marvin",Partial High School,Manual
6622,14451,25450,"Deng, Darrell",Partial College,Manual
6623,14452,25451,"Subram, Geoffrey",Partial College,Manual
6624,14456,25455,"Zheng, Jorge",Partial High School,Manual
6625,14460,25459,"Vance, Ronald",High School,Manual
6626,14461,25460,"Andersen, Alisha",High School,Manual
6627,14463,25462,"Gray, Angel",Bachelors,Clerical
6628,14469,25468,"Suarez, Krista",High School,Manual
6629,14473,25472,"Malhotra, Don",Bachelors,Skilled Manual
6630,14487,25486,"Rodriguez, Edgar",Partial College,Clerical
6631,14488,25487,"Rogers, Allison",Partial College,Clerical
6632,14493,25492,"Sanchez, Gabriella",Bachelors,Skilled Manual
6633,14498,25497,"Torres, Marcus",Bachelors,Skilled Manual
6634,14499,25498,"Kapoor, Shane",Bachelors,Skilled Manual
6635,14505,25504,"Sutton, Calvin",Partial College,Clerical
6636,14509,25508,"Cook, Melissa",Partial College,Clerical
6637,14510,25509,"Hayes, Lucas",Partial College,Clerical
6638,14517,25516,"Hernandez, Cheryl",Partial High School,Manual
6639,14522,25521,"Sanchez, Douglas",Partial High School,Manual
6640,14523,25522,"Anand, Casey",Partial College,Clerical
6641,14525,25524,"Anand, Shaun",Partial High School,Manual
6642,14526,25525,"Srini, Heidi",Partial College,Clerical
6643,14527,25526,"Rubio, Armando",Partial College,Clerical
6644,14529,25528,"Butler, Alexandria",Partial College,Clerical
6645,14530,25529,"Sanders, Jared",Graduate Degree,Manual
6646,14531,25530,"Lopez, Gerald",Graduate Degree,Manual
6647,14534,25533,"Huang, Suzanne",Bachelors,Manual
6648,14537,25536,"Sai, Rebekah",Graduate Degree,Clerical
6649,14542,25541,"Hernandez, Gary",Bachelors,Manual
6650,14544,25543,"Chen, Ramon",Partial College,Manual
6651,14549,25548,"Yuan, Colleen",Bachelors,Clerical
6652,14551,25550,"Munoz, Krista",Partial College,Manual
6653,14552,25551,"Torres, Ross",Partial College,Manual
6654,14553,25552,"Ward, Riley",Bachelors,Clerical
6655,14572,25571,"Lopez, Richard",Bachelors,Clerical
6656,14576,25575,"Campbell, Elijah",Graduate Degree,Clerical
6657,14582,25581,"Bryant, Kayla",Partial College,Manual
6658,14584,25583,"Arthur, Carolyn",Partial College,Manual
6659,14588,25587,"Young, Isaiah",Bachelors,Clerical
6660,14590,25589,"Perez, Lydia",Bachelors,Clerical
6661,14591,25590,"Gill, Naomi",Partial College,Manual
6662,14592,25591,"Ray, Preston",Partial College,Manual
6663,14596,25595,"Rowe, Larry",Bachelors,Clerical
6664,14597,25596,"Moreno, Cheryl",Bachelors,Clerical
6665,14598,25597,"She, Alan",Bachelors,Clerical
6666,14602,25601,"Morgan, Grace",Bachelors,Clerical
6667,14603,25602,"Sara, Jermaine",Graduate Degree,Skilled Manual
6668,14611,25610,"Zhao, Brittney",High School,Manual
6669,14619,25618,"Hernandez, Albert",Bachelors,Clerical
6670,14623,25622,"Hill, Mary",Bachelors,Management
6671,14624,25623,"Oliver, Maria",Bachelors,Management
6672,14625,25624,"Scott, Mary",Bachelors,Management
6673,14626,25625,"Cai, Krystal",Partial High School,Manual
6674,14630,25629,"Serrano, Micheal",Partial High School,Manual
6675,14634,25633,"Sutton, Tara",Bachelors,Skilled Manual
6676,14636,25635,"Zhao, Warren",Bachelors,Professional
6677,14641,25640,"Zhao, Candice",Partial College,Clerical
6678,14646,25645,"Shen, Tommy",Partial College,Clerical
6679,14651,25650,"Srini, Jillian",Partial College,Clerical
6680,14652,25651,"Yuan, Alvin",Bachelors,Skilled Manual
6681,14654,25653,"Gao, Alan",High School,Manual
6682,14659,25658,"Dominguez, Ricky",Bachelors,Skilled Manual
6683,14665,25664,"Hu, Jon",Partial College,Clerical
6684,14668,25667,"Gao, Jaclyn",Partial College,Clerical
6685,14672,25671,"Arun, Brett",High School,Manual
6686,14675,25674,"Navarro, Reginald",Partial College,Clerical
6687,14679,25678,"Yang, Erica",Partial High School,Manual
6688,14681,25680,"Subram, Manuel",Partial College,Clerical
6689,14682,25681,"Serrano, Melinda",Partial College,Clerical
6690,14685,25684,"Sanchez, Jermaine",Graduate Degree,Manual
6691,14686,25685,"Liu, Barbara",Bachelors,Manual
6692,14692,25691,"Black, Mitchell",Graduate Degree,Clerical
6693,14703,25702,"Lopez, Evelyn",Partial College,Manual
6694,14720,25719,"Diaz, Kristine",Partial College,Manual
6695,14721,25720,"Garcia, Ronald",Partial College,Manual
6696,14725,25724,"Fernandez, Tabitha",Graduate Degree,Clerical
6697,14726,25725,"Lal, Chad",Graduate Degree,Clerical
6698,14730,25729,"Kapoor, Tabitha",Partial College,Manual
6699,14731,25730,"Simmons, Isabelle",Partial College,Manual
6700,14735,25734,"Zheng, Alvin",Graduate Degree,Clerical
6701,14736,25735,"Wu, Suzanne",Graduate Degree,Clerical
6702,14737,25736,"Stone, Darrell",Bachelors,Clerical
6703,14738,25737,"Liu, Marshall",Graduate Degree,Clerical
6704,14739,25738,"Ruiz, Jacquelyn",Bachelors,Clerical
6705,14743,25742,"He, Tamara",High School,Manual
6706,14745,25744,"Griffin, Gabriel",Bachelors,Clerical
6707,14746,25745,"Arun, Mayra",Partial College,Manual
6708,14752,25751,"Alvarez, Gina",Graduate Degree,Skilled Manual
6709,14755,25754,"Sharma, Calvin",High School,Manual
6710,14757,25756,"Malhotra, Cassandra",Partial College,Manual
6711,14759,25758,"Gutierrez, Leslie",Partial College,Manual
6712,14763,25762,"Fernandez, Stefanie",Bachelors,Clerical
6713,14764,25763,"Johnson, Hannah",Partial College,Skilled Manual
6714,14765,25764,"Price, Alexandria",Partial College,Skilled Manual
6715,14766,25765,"Watson, Natalie",Bachelors,Management
6716,14767,25766,"Kelly, Allison",Bachelors,Management
6717,14768,25767,"Hill, Bailey",Bachelors,Management
6718,14769,25768,"Ruiz, Tyrone",High School,Professional
6719,14770,25769,"Rubio, Gerald",Partial College,Professional
6720,14772,25771,"Rivera, Gabriella",High School,Professional
6721,14773,25772,"Kapoor, Harold",High School,Professional
6722,14774,25773,"Simmons, Jack",High School,Professional
6723,14780,25779,"Cai, Marshall",Partial College,Professional
6724,14781,25780,"Gill, Dana",Partial College,Professional
6725,14789,25788,"Yuan, Nichole",Partial College,Professional
6726,14793,25792,"Gonzales, Alyssa",Bachelors,Management
6727,14794,25793,"Rana, Ann",Partial College,Professional
6728,14795,25794,"Tang, Kristin",High School,Professional
6729,14796,25795,"Gomez, Marie",Partial College,Professional
6730,14803,25802,"He, Clayton",Partial College,Management
6731,14804,25803,"Xu, Gregory",High School,Management
6732,14834,25833,"Hernandez, Sabrina",High School,Professional
6733,14835,25834,"Davis, Jeremy",High School,Professional
6734,14836,25835,"Flores, Destiny",High School,Professional
6735,14857,25856,"Sharma, Benjamin",High School,Professional
6736,14858,25857,"Perry, Abigail",Partial High School,Clerical
6737,14859,25858,"Gonzales, Mariah",Partial High School,Clerical
6738,14860,25859,"Peterson, Mackenzie",Partial High School,Clerical
6739,14861,25860,"Thomas, Justin",Partial High School,Clerical
6740,14862,25861,"Cooper, Garrett",Partial High School,Skilled Manual
6741,14863,25862,"Bell, Jared",Partial High School,Skilled Manual
6742,14866,25865,"Butler, Tristan",High School,Professional
6743,14867,25866,"Perry, Tristan",High School,Professional
6744,14868,25867,"Carter, Carlos",Bachelors,Management
6745,14869,25868,"Lewis, Jessica",Bachelors,Management
6746,14870,25869,"Parker, Lucas",High School,Professional
6747,14871,25870,"Gonzales, Edward",High School,Professional
6748,14872,25871,"Nelson, Jason",High School,Professional
6749,14873,25872,"Ross, Melanie",Bachelors,Management
6750,14875,25874,"Hall, Jessica",Bachelors,Management
6751,14877,25876,"King, Noah",Partial College,Professional
6752,14878,25877,"Price, Alyssa",Partial College,Professional
6753,14879,25878,"Simmons, Brianna",Bachelors,Management
6754,14880,25879,"Wood, Alyssa",Bachelors,Management
6755,14881,25880,"Kumar, Jackson",Bachelors,Management
6756,14882,25881,"Clark, Jennifer",Bachelors,Management
6757,14883,25882,"Roberts, Edward",Bachelors,Management
6758,14887,25886,"Rogers, Rachel",Partial College,Professional
6759,14888,25887,"Collins, Jack",Partial College,Professional
6760,14889,25888,"Edwards, Morgan",Partial College,Professional
6761,14890,25889,"Munoz, Reginald",Partial College,Professional
6762,14891,25890,"Brown, Chloe",Partial College,Professional
6763,14892,25891,"Johnson, Brandon",Bachelors,Management
6764,14894,25893,"Alexander, Alexia",High School,Professional
6765,14895,25894,"Zeng, Steve",Partial College,Professional
6766,14896,25895,"Richardson, Jesse",Partial High School,Skilled Manual
6767,14897,25896,"Coleman, Marissa",High School,Professional
6768,14898,25897,"Bailey, Kimberly",High School,Professional
6769,14899,25898,"Cai, Brittney",High School,Professional
6770,14900,25899,"Rogers, Caitlin",High School,Professional
6771,14901,25900,"Sanders, Haley",Partial High School,Skilled Manual
6772,14902,25901,"Harris, Lucas",Partial High School,Skilled Manual
6773,14903,25902,"Li, Cameron",Partial High School,Skilled Manual
6774,14904,25903,"Rai, Marshall",Partial High School,Skilled Manual
6775,14905,25904,"Collins, Ian",High School,Professional
6776,14906,25905,"Hayes, Nathan",Partial High School,Skilled Manual
6777,14909,25908,"Long, Melissa",Partial College,Skilled Manual
6778,14910,25909,"James, Chase",Partial College,Skilled Manual
6779,14911,25910,"Miller, Natalie",Partial College,Skilled Manual
6780,14915,25914,"Hughes, Seth",Partial College,Skilled Manual
6781,14916,25915,"Bryant, Paige",Partial College,Skilled Manual
6782,14917,25916,"Serrano, Naomi",Partial College,Skilled Manual
6783,14918,25917,"Long, Kyle",Partial College,Skilled Manual
6784,14925,25924,"Robinson, Hannah",Partial College,Skilled Manual
6785,14930,25929,"Gray, Alexandra",Partial College,Skilled Manual
6786,14931,25930,"Harris, Ethan",Partial College,Skilled Manual
6787,14932,25931,"Henderson, Ryan",Partial College,Skilled Manual
6788,14933,25932,"Rodriguez, Marcus",Partial College,Skilled Manual
6789,14934,25933,"Stewart, Dalton",Partial College,Skilled Manual
6790,14935,25934,"King, Luke",Partial College,Skilled Manual
6791,14943,25942,"Brooks, Brianna",Partial College,Skilled Manual
6792,14944,25943,"McDonald, Brianna",Partial College,Skilled Manual
6793,14951,25950,"Kumar, Kyle",High School,Skilled Manual
6794,14952,25951,"Anderson, Anthony",High School,Skilled Manual
6795,14953,25952,"Alonso, Jon",High School,Skilled Manual
6796,14954,25953,"Butler, Hunter",High School,Skilled Manual
6797,14955,25954,"Carter, Noah",Partial College,Skilled Manual
6798,14956,25955,"Robinson, Anna",Partial College,Skilled Manual
6799,14957,25956,"Ramirez, Charles",High School,Skilled Manual
6800,14958,25957,"Washington, Stephanie",Partial College,Professional
6801,14960,25959,"Hall, Katherine",Partial College,Professional
6802,14963,25962,"Jenkins, Jordyn",Bachelors,Management
6803,14964,25963,"Morris, Charles",Partial College,Professional
6804,14965,25964,"Winston, Christopher",Partial College,Professional
6805,14966,25965,"Roberts, Andrea",Graduate Degree,Management
6806,14967,25966,"Watson, Alex",Graduate Degree,Management
6807,14968,25967,"Martinez, Alexis",Partial High School,Skilled Manual
6808,14969,25968,"Powell, Benjamin",Bachelors,Skilled Manual
6809,14970,25969,"Parker, Jason",Bachelors,Skilled Manual
6810,14971,25970,"James, Hailey",Bachelors,Skilled Manual
6811,14973,25972,"Henderson, Jocelyn",Bachelors,Professional
6812,14974,25973,"Griffin, Mariah",Bachelors,Professional
6813,14975,25974,"Jai, Noah",Bachelors,Professional
6814,14976,25975,"Gutierrez, Ebony",Bachelors,Professional
6815,14977,25976,"Coleman, Hunter",Bachelors,Professional
6816,14978,25977,"Lopez, Jenna",Graduate Degree,Professional
6817,14979,25978,"Perez, Morgan",Bachelors,Professional
6818,14980,25979,"Edwards, Miguel",Bachelors,Professional
6819,14981,25980,"Jones, Julia",Bachelors,Professional
6820,14983,25982,"Phillips, Rebecca",Bachelors,Professional
6821,14984,25983,"Alexander, Jack",Bachelors,Professional
6822,14985,25984,"Wright, Isabella",Graduate Degree,Professional
6823,14986,25985,"Harris, Justin",Graduate Degree,Professional
6824,14987,25986,"Bryant, Isabel",Graduate Degree,Professional
6825,14988,25987,"Kumar, Hunter",High School,Skilled Manual
6826,14989,25988,"Muñoz, Victor",High School,Skilled Manual
6827,14991,25990,"Parker, Jenna",Bachelors,Professional
6828,14994,25993,"Chandra, Heidi",High School,Skilled Manual
6829,14995,25994,"Garcia, Richard",High School,Skilled Manual
6830,14997,25996,"Murphy, Faith",Partial College,Skilled Manual
6831,14998,25997,"Wright, Katherine",Partial College,Skilled Manual
6832,14999,25998,"Rivera, Richard",Partial College,Skilled Manual
6833,15001,26000,"Lopez, Connor",Bachelors,Professional
6834,15002,26001,"Lee, Nicholas",Partial College,Skilled Manual
6835,15003,26002,"Walker, Samuel",Partial College,Skilled Manual
6836,15004,26003,"Subram, Denise",Graduate Degree,Professional
6837,15005,26004,"Washington, Arthur",Partial College,Skilled Manual
6838,15006,26005,"Clark, Elizabeth",Partial College,Skilled Manual
6839,15007,26006,"Peterson, Garrett",Bachelors,Professional
6840,15008,26007,"Morgan, Jesse",Bachelors,Professional
6841,15009,26008,"Gonzales, Jennifer",Graduate Degree,Professional
6842,15010,26009,"Foster, Luis",Graduate Degree,Professional
6843,15011,26010,"Campbell, Morgan",Graduate Degree,Professional
6844,15012,26011,"Yanagishima, Daisuke",Graduate Degree,Professional
6845,15013,26012,"Bebbington, Mark",Partial College,Skilled Manual
6846,15015,26014,"Torres, Olivia",Bachelors,Professional
6847,15016,26015,"Chow, Gabriel",Bachelors,Professional
6848,15017,26016,"King, Fernando",Bachelors,Professional
6849,15018,26017,"Alonso, Derrick",Graduate Degree,Professional
6850,15019,26018,"Thompson, Zachary",Graduate Degree,Professional
6851,15039,26038,"Flores, Nicole",Partial College,Clerical
6852,15040,26039,"Garcia, Robert",High School,Professional
6853,15042,26041,"Torres, Gloria",Partial College,Professional
6854,15043,26042,"Griffin, Devin",Partial College,Professional
6855,15044,26043,"Becker, Jodi",Partial High School,Skilled Manual
6856,15045,26044,"Hughes, Gavin",Partial High School,Skilled Manual
6857,15046,26045,"Jenkins, Samuel",Partial High School,Skilled Manual
6858,15047,26046,"Kumar, Kara",Partial High School,Skilled Manual
6859,15048,26047,"Hall, Ashley",Partial High School,Skilled Manual
6860,15049,26048,"Oliver, Brad",High School,Professional
6861,15051,26050,"Ye, Clarence",High School,Professional
6862,15053,26052,"Subram, Carolyn",Partial College,Professional
6863,15054,26053,"Anderson, Austin",Bachelors,Management
6864,15055,26054,"Lee, Dylan",Bachelors,Management
6865,15056,26055,"Foster, Ethan",Partial College,Professional
6866,15057,26056,"Zeng, Karen",Partial College,Professional
6867,15058,26057,"Subram, Barry",Bachelors,Management
6868,15059,26058,"Stewart, Faith",Bachelors,Management
6869,15060,26059,"Anderson, Andrew",Graduate Degree,Management
6870,15061,26060,"Edwards, Kyle",Graduate Degree,Management
6871,15062,26061,"Butler, Connor",Graduate Degree,Management
6872,15063,26062,"Raji, Chad",Partial College,Professional
6873,15064,26063,"Lu, Wesley",Partial College,Professional
6874,15065,26064,"Scott, Logan",Partial College,Professional
6875,15066,26065,"Powell, Chloe",Bachelors,Management
6876,15067,26066,"Martinez, Elizabeth",Partial College,Professional
6877,15068,26067,"Morgan, Erin",Partial College,Professional
6878,15069,26068,"Patterson, Dylan",Partial College,Professional
6879,15071,26070,"Patterson, Elijah",Partial College,Professional
6880,15072,26071,"Henderson, Brittany",Partial High School,Skilled Manual
6881,15073,26072,"Zhang, Kelli",Partial High School,Skilled Manual
6882,15076,26075,"Walker, Jessica",Partial College,Professional
6883,15079,26078,"Dominguez, Alberto",Partial College,Professional
6884,15080,26079,"Robinson, Ryan",Partial College,Professional
6885,15081,26080,"Roberts, Sydney",Partial College,Professional
6886,15082,26081,"Green, Edward",Partial College,Professional
6887,15083,26082,"Johnson, Christian",Bachelors,Management
6888,15084,26083,"Smith, Alyssa",Partial College,Professional
6889,15085,26084,"Jenkins, Luke",Bachelors,Management
6890,15087,26086,"Cox, Sean",Partial College,Professional
6891,15088,26087,"Price, Ashley",High School,Professional
6892,15089,26088,"Perry, Ethan",High School,Professional
6893,15090,26089,"Rai, Terry",Bachelors,Management
6894,15091,26090,"Moreno, Mathew",Bachelors,Management
6895,15092,26091,"Bennett, Chloe",Bachelors,Management
6896,15093,26092,"Morgan, Devin",Partial High School,Skilled Manual
6897,15094,26093,"Washington, Nicole",High School,Professional
6898,15095,26094,"Butler, Sarah",High School,Professional
6899,15097,26096,"Wright, Kevin",High School,Professional
6900,15098,26097,"Flores, Robert",Graduate Degree,Management
6901,15099,26098,"Lee, Daniel",Graduate Degree,Management
6902,15102,26101,"Smith, Phillip",Graduate Degree,Management
6903,15103,26102,"Wood, Ana",High School,Professional
6904,15104,26103,"Yang, Jack",High School,Professional
6905,15105,26104,"Edwards, Timothy",Partial College,Professional
6906,15106,26105,"Gonzales, Morgan",Partial College,Professional
6907,15107,26106,"King, Connor",High School,Professional
6908,15108,26107,"Thomas, Alexis",Bachelors,Management
6909,15109,26108,"Thompson, Dylan",Graduate Degree,Management
6910,15110,26109,"Rodriguez, Dalton",Partial High School,Skilled Manual
6911,15111,26110,"Alexander, James",High School,Professional
6912,15112,26111,"Coleman, Sarah",High School,Professional
6913,15113,26112,"Perry, Luke",Graduate Degree,Management
6914,15115,26114,"Peterson, Isaac",Graduate Degree,Management
6915,15117,26116,"Martin, Ashley",Graduate Degree,Management
6916,15118,26117,"Wright, Samuel",Partial College,Professional
6917,15119,26118,"Butler, Ashley",Partial College,Professional
6918,15120,26119,"Gray, Danielle",Partial College,Professional
6919,15121,26120,"Lewis, Miguel",Partial College,Professional
6920,15122,26121,"Nelson, Madeline",Partial College,Professional
6921,15123,26122,"Gonzales, Lauren",Partial College,Professional
6922,15124,26123,"Scott, Isabella",Partial College,Professional
6923,15125,26124,"James, Riley",Partial College,Professional
6924,15126,26125,"Roberts, Sara",Partial College,Professional
6925,15127,26126,"Bell, Alexandra",High School,Professional
6926,15128,26127,"Chander, Terry",High School,Professional
6927,15129,26128,"Phillips, Samuel",High School,Professional
6928,15169,26168,"Campbell, Ian",High School,Skilled Manual
6929,15170,26169,"White, Alexandra",High School,Skilled Manual
6930,15171,26170,"Jenkins, Jeremiah",High School,Skilled Manual
6931,15172,26171,"Ruiz, Randall",High School,Skilled Manual
6932,15173,26172,"Hernandez, Madeline",High School,Skilled Manual
6933,15175,26174,"Adams, Isaac",High School,Skilled Manual
6934,15176,26175,"Hughes, Jose",High School,Skilled Manual
6935,15179,26178,"Price, Paige",High School,Skilled Manual
6936,15182,26181,"Ross, Lucas",High School,Skilled Manual
6937,15184,26183,"Arthur, Allen",Partial High School,Clerical
6938,15185,26184,"Lal, Louis",Partial High School,Clerical
6939,15194,26193,"Edwards, Luis",Partial College,Skilled Manual
6940,15195,26194,"Brown, Miguel",Partial College,Skilled Manual
6941,15196,26195,"Rivera, Alyssa",Partial College,Skilled Manual
6942,15197,26196,"Griffin, Gavin",High School,Skilled Manual
6943,15198,26197,"Lopez, Marcus",Partial College,Skilled Manual
6944,15199,26198,"Taylor, Alyssa",Partial College,Skilled Manual
6945,15200,26199,"White, Matthew",Partial College,Skilled Manual
6946,15202,26201,"Watson, Dalton",Bachelors,Management
6947,15204,26203,"Hall, Nicole",Bachelors,Management
6948,15210,26209,"Cox, Jan",Partial High School,Manual
6949,15213,26212,"Martinez, Summer",Partial College,Clerical
6950,15222,26221,"Chapman, Kari",High School,Manual
6951,15224,26223,"Sai, Dominic",High School,Manual
6952,15227,26226,"Andersen, Michele",Partial College,Clerical
6953,15228,26227,"Gutierrez, Joe",Partial College,Clerical
6954,15229,26228,"Perez, Carolyn",Partial College,Clerical
6955,15230,26229,"Ye, Cara",High School,Manual
6956,15231,26230,"Ramos, Natasha",High School,Manual
6957,15234,26233,"Chande, Cristina",Graduate Degree,Skilled Manual
6958,15235,26234,"Perry, Antonio",Partial College,Clerical
6959,15237,26236,"Evans, Isabella",Partial College,Clerical
6960,15238,26237,"Martin, Grace",Partial College,Clerical
6961,15239,26238,"Foster, Julia",Partial College,Clerical
6962,15240,26239,"Turner, Kaitlyn",Partial College,Clerical
6963,15241,26240,"Evans, Katelyn",Graduate Degree,Skilled Manual
6964,15242,26241,"Lal, James",Graduate Degree,Skilled Manual
6965,15244,26243,"Gonzalez, Fernando",Graduate Degree,Skilled Manual
6966,15245,26244,"Hughes, Jordan",Graduate Degree,Skilled Manual
6967,15246,26245,"Murphy, Devin",Graduate Degree,Skilled Manual
6968,15247,26246,"Bell, Jade",Graduate Degree,Skilled Manual
6969,15248,26247,"Turner, Sophia",Graduate Degree,Skilled Manual
6970,15249,26248,"Lewis, Thomas",Partial High School,Clerical
6971,15250,26249,"Ross, Thomas",High School,Clerical
6972,15251,26250,"Simmons, Miguel",High School,Clerical
6973,15252,26251,"Huang, Cedric",High School,Clerical
6974,15253,26252,"Garcia, Morgan",Partial College,Clerical
6975,15254,26253,"Wright, Dalton",Partial High School,Clerical
6976,15255,26254,"Henderson, Seth",Partial High School,Clerical
6977,15256,26255,"Alexander, Cameron",Partial High School,Clerical
6978,15257,26256,"Rana, Ronald",Partial High School,Clerical
6979,15258,26257,"Jimenez, Hector",Partial High School,Clerical
6980,15259,26258,"Powell, Angelica",Partial High School,Clerical
6981,15260,26259,"Bryant, Hunter",High School,Clerical
6982,15261,26260,"Jackson, Ryan",High School,Clerical
6983,15262,26261,"Watson, Brooke",Partial High School,Clerical
6984,15263,26262,"Thompson, Hannah",Partial High School,Clerical
6985,15264,26263,"Collins, Kaitlyn",Partial High School,Clerical
6986,15265,26264,"Lal, Elijah",Partial High School,Clerical
6987,15266,26265,"Lopez, Tammy",Partial High School,Clerical
6988,15267,26266,"Gao, Brent",High School,Skilled Manual
6989,15268,26267,"Martin, Matthew",High School,Skilled Manual
6990,15269,26268,"Romero, Jonathon",Partial High School,Clerical
6991,15272,26271,"Baker, Bailey",Partial High School,Clerical
6992,15273,26272,"Hughes, Kelly",Partial High School,Clerical
6993,15274,26273,"Suri, Chelsea",Partial High School,Clerical
6994,15275,26274,"Wood, Jennifer",High School,Skilled Manual
6995,15276,26275,"Johnson, Miguel",Partial College,Clerical
6996,15277,26276,"Huang, Heather",Partial College,Clerical
6997,15278,26277,"Hughes, Jacqueline",Partial College,Clerical
6998,15279,26278,"Wu, Jon",Partial College,Clerical
6999,15281,26280,"Jenkins, Jackson",Partial College,Clerical
7000,15282,26281,"Alexander, Ian",Partial College,Clerical
7001,15283,26282,"Jai, Leonard",Graduate Degree,Skilled Manual
7002,15284,26283,"Diaz, Jeremiah",Graduate Degree,Skilled Manual
7003,15285,26284,"Ward, Garrett",Graduate Degree,Skilled Manual
7004,15286,26285,"Hayes, Kayla",Graduate Degree,Skilled Manual
7005,15287,26286,"Phillips, Evan",Graduate Degree,Skilled Manual
7006,15288,26287,"Baker, Elijah",Graduate Degree,Skilled Manual
7007,15289,26288,"Russell, Alexandra",Graduate Degree,Skilled Manual
7008,15290,26289,"Simmons, Samuel",Graduate Degree,Skilled Manual
7009,15291,26290,"Chen, Noah",Graduate Degree,Skilled Manual
7010,15292,26291,"Walker, Blake",Graduate Degree,Skilled Manual
7011,15293,26292,"Simpson, Marty",Graduate Degree,Skilled Manual
7012,15294,26293,"Carlson, Casey",Graduate Degree,Skilled Manual
7013,15296,26295,"Kapoor, Toni",Bachelors,Skilled Manual
7014,15297,26296,"Simmons, Grace",Bachelors,Skilled Manual
7015,15298,26297,"Lopez, Jeremiah",Bachelors,Skilled Manual
7016,15299,26298,"Peterson, Jasmine",Bachelors,Skilled Manual
7017,15300,26299,"Yong, Y.",Graduate Degree,Skilled Manual
7018,15301,26300,"Ortega, Audrey",Graduate Degree,Skilled Manual
7019,15302,26301,"Hall, Isaiah",Graduate Degree,Professional
7020,15303,26302,"Jackson, James",Bachelors,Skilled Manual
7021,15304,26303,"Pal, Devon",Bachelors,Skilled Manual
7022,15305,26304,"Lewis, Anna",Graduate Degree,Professional
7023,15306,26305,"Rogers, Julia",Bachelors,Skilled Manual
7024,15307,26306,"Holt, Kyle",Bachelors,Skilled Manual
7025,15308,26307,"Miller, Alexander",Bachelors,Skilled Manual
7026,15309,26308,"Kelly, Sara",Bachelors,Skilled Manual
7027,15310,26309,"Powell, Julian",Bachelors,Skilled Manual
7028,15312,26311,"Rodriguez, Brenda",Graduate Degree,Professional
7029,15313,26312,"Wood, Elizabeth",Graduate Degree,Professional
7030,15314,26313,"Simmons, Dalton",Graduate Degree,Professional
7031,15315,26314,"Murphy, Angel",High School,Skilled Manual
7032,15316,26315,"Peterson, Taylor",Graduate Degree,Professional
7033,15318,26317,"Wright, Amanda",Graduate Degree,Professional
7034,15320,26319,"Martinez, Dylan",Bachelors,Skilled Manual
7035,15321,26320,"Diaz, Brianna",Bachelors,Skilled Manual
7036,15323,26322,"Zhang, Justin",Bachelors,Professional
7037,15324,26323,"Ruiz, Dwayne",Graduate Degree,Professional
7038,15325,26324,"Brooks, Faith",Graduate Degree,Professional
7039,15326,26325,"Robinson, Tyler",Graduate Degree,Professional
7040,15327,26326,"Washington, Trevor",Graduate Degree,Professional
7041,15328,26327,"Jai, Jack",Graduate Degree,Professional
7042,15329,26328,"Anderson, Edward",Graduate Degree,Professional
7043,15330,26329,"Bryant, Angelica",Bachelors,Skilled Manual
7044,15331,26330,"Diaz, Marcus",Bachelors,Skilled Manual
7045,15332,26331,"Powell, Melanie",Bachelors,Skilled Manual
7046,15333,26332,"Mitchell, Aaron",Bachelors,Skilled Manual
7047,15334,26333,"Alexander, Alexandria",Bachelors,Skilled Manual
7048,15335,26334,"Blanco, Ross",Bachelors,Skilled Manual
7049,15336,26335,"Pal, April",Bachelors,Skilled Manual
7050,15337,26336,"Brown, Noah",Graduate Degree,Professional
7051,15338,26337,"Gonzalez, Jennifer",Graduate Degree,Professional
7052,15339,26338,"Coleman, Anna",Graduate Degree,Professional
7053,15340,26339,"James, Cindy",Graduate Degree,Professional
7054,15341,26340,"Morris, Melissa",Graduate Degree,Professional
7055,15342,26341,"Taylor, Olivia",Graduate Degree,Professional
7056,15343,26342,"Griffin, Eduardo",Graduate Degree,Professional
7057,15344,26343,"Washington, Mariah",Bachelors,Professional
7058,15345,26344,"Hughes, Natalie",Bachelors,Skilled Manual
7059,15346,26345,"Baker, Connor",Bachelors,Skilled Manual
7060,15347,26346,"Suri, Emmanuel",Bachelors,Skilled Manual
7061,15348,26347,"Raji, Alvin",Bachelors,Skilled Manual
7062,15350,26349,"Lopez, Adam",Graduate Degree,Professional
7063,15352,26351,"Moore, Emma",Graduate Degree,Professional
7064,15353,26352,"Fernandez, Cynthia",Graduate Degree,Clerical
7065,15354,26353,"Malhotra, Holly",Graduate Degree,Clerical
7066,15355,26354,"Serrano, Nelson",Graduate Degree,Clerical
7067,15359,26358,"Gonzalez, Mason",High School,Manual
7068,15363,26362,"Torres, Joy",High School,Manual
7069,15364,26363,"Jimenez, Larry",Bachelors,Clerical
7070,15367,26366,"Schmidt, Johnathan",Bachelors,Skilled Manual
7071,15371,26370,"Bryant, Maria",High School,Manual
7072,15377,26376,"Martinez, Anthony",Partial College,Professional
7073,15379,26378,"Raje, Colin",Bachelors,Management
7074,15382,26381,"Romero, Shannon",Partial College,Professional
7075,15383,26382,"Xu, Dale",Partial College,Professional
7076,15386,26385,"Muñoz, Javier",High School,Professional
7077,15393,26392,"Rai, Kelli",Graduate Degree,Management
7078,15394,26393,"Raman, Donald",Bachelors,Management
7079,15396,26395,"Gill, Daisy",Partial College,Professional
7080,15397,26396,"Black, Terry",Bachelors,Management
7081,15400,26399,"Gonzalez, Erick",Bachelors,Management
7082,15404,26403,"Navarro, Philip",Partial College,Professional
7083,15415,26414,"Patel, George",High School,Management
7084,15416,26415,"Lal, Latoya",Partial High School,Skilled Manual
7085,15420,26419,"Suri, Geoffrey",High School,Management
7086,15421,26420,"Kapoor, Bob",Partial High School,Professional
7087,15449,26448,"Yuan, Kara",High School,Professional
7088,15451,26450,"Ramirez, Lauren",High School,Professional
7089,15452,26451,"Perry, Mariah",High School,Professional
7090,15453,26452,"Martinez, James",Graduate Degree,Management
7091,15454,26453,"Peterson, Cole",Graduate Degree,Management
7092,15455,26454,"Cox, Sebastian",Graduate Degree,Management
7093,15456,26455,"Carter, Samuel",Graduate Degree,Management
7094,15458,26457,"Moore, Sydney",Graduate Degree,Management
7095,15459,26458,"Moore, Ryan",Graduate Degree,Management
7096,15460,26459,"Hayes, Angelica",Graduate Degree,Management
7097,15461,26460,"Cook, Gabriella",Bachelors,Management
7098,15463,26462,"Kelly, Lauren",Bachelors,Management
7099,15464,26463,"Rogers, Alexa",Bachelors,Management
7100,15465,26464,"Griffin, Alexandria",High School,Professional
7101,15466,26465,"Evans, Andrea",Bachelors,Management
7102,15467,26466,"Turner, Kevin",Bachelors,Management
7103,15468,26467,"Brooks, Nicole",Bachelors,Management
7104,15469,26468,"Brown, Alyssa",Bachelors,Management
7105,15470,26469,"Alvarez, Joy",Bachelors,Management
7106,15471,26470,"Cooper, Marcus",Bachelors,Management
7107,15472,26471,"Perez, Edward",Bachelors,Management
7108,15473,26472,"Hughes, David",Bachelors,Management
7109,15474,26473,"Wood, Anna",Bachelors,Management
7110,15476,26475,"Gonzalez, Isabella",High School,Professional
7111,15477,26476,"Jai, Jordan",Partial High School,Clerical
7112,15478,26477,"Rana, Joel",High School,Professional
7113,15479,26478,"Collins, Sara",High School,Professional
7114,15480,26479,"Cook, Katherine",High School,Professional
7115,15481,26480,"Patterson, Jacqueline",Partial High School,Clerical
7116,15482,26481,"Young, Luke",Partial High School,Skilled Manual
7117,15484,26483,"Ward, Taylor",Partial High School,Skilled Manual
7118,15485,26484,"Patterson, Fernando",High School,Professional
7119,15486,26485,"Bryant, Jason",High School,Professional
7120,15487,26486,"Cook, Andrea",High School,Professional
7121,15488,26487,"Ma, Vincent",Bachelors,Management
7122,15490,26489,"Collins, Jordan",Bachelors,Management
7123,15491,26490,"Simmons, Antonio",Bachelors,Management
7124,15492,26491,"Sanchez, Riley",Bachelors,Management
7125,15493,26492,"Rodriguez, Ryan",Bachelors,Management
7126,15494,26493,"Ramos, Lawrence",Bachelors,Management
7127,15495,26494,"White, Nicholas",Partial College,Professional
7128,15498,26497,"Sanchez, Karen",Partial College,Professional
7129,15499,26498,"Hayes, Ethan",Partial College,Professional
7130,15500,26499,"Ruiz, Renee",Partial College,Professional
7131,15501,26500,"Ruiz, Billy",Partial College,Professional
7132,15502,26501,"Parker, Allison",Partial College,Professional
7133,15503,26502,"Brown, Taylor",Partial College,Professional
7134,15507,26506,"Srini, Ruth",Partial College,Professional
7135,15508,26507,"Thakur, Abhijit",Partial College,Professional
7136,15509,26508,"Ross, Marcus",Partial College,Professional
7137,15514,26513,"Moreno, Stacy",Partial College,Professional
7138,15515,26514,"Powell, Cameron",Partial College,Professional
7139,15516,26515,"Watson, Zoe",Partial College,Professional
7140,15517,26516,"Perry, Jill",Partial College,Professional
7141,15518,26517,"Griffin, Melanie",Partial College,Professional
7142,15519,26518,"Lee, Marcus",Partial College,Professional
7143,15520,26519,"Wood, Brianna",Bachelors,Management
7144,15521,26520,"Ramirez, Chloe",High School,Professional
7145,15522,26521,"Taylor, Nathan",High School,Professional
7146,15539,26538,"Black, Warren",Graduate Degree,Management
7147,15540,26539,"Hayes, Faith",Graduate Degree,Management
7148,15541,26540,"Sanchez, Jada",Graduate Degree,Management
7149,15545,26544,"Ramirez, Riley",Partial College,Skilled Manual
7150,15552,26551,"Moore, Noah",Partial College,Skilled Manual
7151,15553,26552,"Turner, Judith",Partial College,Skilled Manual
7152,15554,26553,"Powell, Kayla",Partial College,Skilled Manual
7153,15555,26554,"Garcia, Michael",Partial College,Skilled Manual
7154,15556,26555,"Perry, Jeremy",Partial College,Skilled Manual
7155,15557,26556,"Cooper, Jeremy",Partial College,Skilled Manual
7156,15558,26557,"Morgan, Katelyn",Partial College,Skilled Manual
7157,15574,26573,"Clark, Samantha",High School,Skilled Manual
7158,15575,26574,"Allen, Jordan",High School,Skilled Manual
7159,15576,26575,"Gonzalez, Toni",High School,Skilled Manual
7160,15577,26576,"Robinson, Kaitlyn",Partial College,Skilled Manual
7161,15578,26577,"Edwards, Cindy",Partial College,Skilled Manual
7162,15579,26578,"White, Jeremy",Partial College,Skilled Manual
7163,15580,26579,"Hayes, Hunter",High School,Skilled Manual
7164,15581,26580,"Ramirez, Paige",High School,Skilled Manual
7165,15582,26581,"Patterson, Mariah",Partial College,Skilled Manual
7166,15584,26583,"Patterson, James",Partial College,Professional
7167,15585,26584,"Alexander, Benjamin",Partial College,Professional
7168,15587,26586,"Baker, Alexandra",Partial College,Professional
7169,15594,26593,"Campbell, Eduardo",Graduate Degree,Management
7170,15595,26594,"Wood, Melissa",Partial High School,Skilled Manual
7171,15596,26595,"Bailey, Alyssa",Partial High School,Skilled Manual
7172,15597,26596,"Hayes, Antonio",Bachelors,Skilled Manual
7173,15598,26597,"Lewis, Madison",Bachelors,Skilled Manual
7174,15599,26598,"Adams, Charles",Bachelors,Skilled Manual
7175,15600,26599,"Reed, Allison",Bachelors,Skilled Manual
7176,15601,26600,"Gray, Michelle",Bachelors,Skilled Manual
7177,15602,26601,"Gonzalez, Kyle",Bachelors,Skilled Manual
7178,15603,26602,"Yang, Noah",Bachelors,Professional
7179,15604,26603,"Ruiz, Sheila",Bachelors,Professional
7180,15605,26604,"West, Elizabeth",Bachelors,Professional
7181,15606,26605,"Foster, Brandon",Bachelors,Professional
7182,15607,26606,"Harris, Hannah",Graduate Degree,Professional
7183,15608,26607,"Powell, Natalie",Graduate Degree,Professional
7184,15609,26608,"Nelson, Aaron",Graduate Degree,Professional
7185,15610,26609,"Kelly, Abigail",Partial College,Skilled Manual
7186,15611,26610,"Perez, Mary",Partial College,Skilled Manual
7187,15612,26611,"Henderson, Kayla",Partial College,Skilled Manual
7188,15613,26612,"Romero, Janet",High School,Skilled Manual
7189,15614,26613,"Lal, Priscilla",High School,Skilled Manual
7190,15615,26614,"Robinson, Richard",High School,Skilled Manual
7191,15617,26616,"Goel, Colin",Bachelors,Professional
7192,15618,26617,"Peterson, Isaiah",Partial College,Skilled Manual
7193,15619,26618,"Morris, Amanda",Partial College,Skilled Manual
7194,15620,26619,"Hill, Thomas",Partial College,Skilled Manual
7195,15622,26621,"Wood, Sarah",Partial College,Skilled Manual
7196,15623,26622,"Howard, Jan",Partial College,Skilled Manual
7197,15624,26623,"Ross, Alexandra",Partial College,Skilled Manual
7198,15625,26624,"Russell, Elizabeth",Partial College,Skilled Manual
7199,15626,26625,"Barnes, Lauren",Graduate Degree,Professional
7200,15627,26626,"Taylor, Dalton",Graduate Degree,Professional
7201,15628,26627,"Alexander, Jose",Graduate Degree,Professional
7202,15629,26628,"Lee, Lucas",High School,Skilled Manual
7203,15632,26631,"Stewart, Isaiah",Partial College,Skilled Manual
7204,15633,26632,"Moore, Isabella",Partial College,Skilled Manual
7205,15634,26633,"Ward, Gabrielle",Partial College,Skilled Manual
7206,15635,26634,"Walker, Devin",Partial College,Skilled Manual
7207,15636,26635,"Harris, Jasmine",Partial College,Skilled Manual
7208,15637,26636,"Walker, Miguel",Bachelors,Professional
7209,15638,26637,"Robinson, Thomas",Bachelors,Professional
7210,15639,26638,"Flores, Olivia",Graduate Degree,Professional
7211,15640,26639,"Diaz, Riley",Graduate Degree,Professional
7212,15642,26641,"Xie, Arturo",Graduate Degree,Professional
7213,15643,26642,"Evans, Gabrielle",Partial College,Skilled Manual
7214,15645,26644,"Hernandez, Jenna",Bachelors,Professional
7215,15646,26645,"Richardson, Morgan",Bachelors,Professional
7216,15647,26646,"Perry, Jordyn",Bachelors,Professional
7217,15648,26647,"Simmons, Jasmine",Bachelors,Professional
7218,15649,26648,"Rogers, Riley",Graduate Degree,Professional
7219,15650,26649,"Perry, Emily",Graduate Degree,Professional
7220,15651,26650,"Collins, Kevin",Graduate Degree,Professional
7221,15675,26674,"Jackson, Ashley",Partial High School,Skilled Manual
7222,15676,26675,"King, Natalie",High School,Professional
7223,15677,26676,"Jenkins, Emily",High School,Professional
7224,15678,26677,"Johnson, William",Partial High School,Skilled Manual
7225,15680,26679,"Perry, Noah",Partial High School,Skilled Manual
7226,15681,26680,"Powell, Melissa",Partial High School,Skilled Manual
7227,15682,26681,"Jackson, Zachary",High School,Professional
7228,15685,26684,"Andersen, Dustin",Bachelors,Management
7229,15686,26685,"Baker, Noah",Graduate Degree,Management
7230,15688,26687,"Xu, Marshall",Partial College,Professional
7231,15689,26688,"Xu, Brittney",Partial College,Professional
7232,15690,26689,"Gill, Arthur",Bachelors,Management
7233,15691,26690,"Bennett, Alexia",Bachelors,Management
7234,15692,26691,"Suri, Tina",Bachelors,Management
7235,15695,26694,"Hughes, Aaron",Partial College,Professional
7236,15696,26695,"Diaz, Jocelyn",Partial College,Professional
7237,15697,26696,"Suarez, Robyn",Partial High School,Skilled Manual
7238,15698,26697,"Arun, Manuel",Partial College,Professional
7239,15699,26698,"Rivera, Brooke",Partial College,Professional
7240,15703,26702,"Arun, Cynthia",Partial College,Professional
7241,15704,26703,"Miller, Wyatt",Partial College,Professional
7242,15705,26704,"Alvarez, Frank",Bachelors,Management
7243,15706,26705,"Jenkins, Eric",Partial College,Professional
7244,15708,26707,"Brooks, Sydney",Bachelors,Management
7245,15709,26708,"Washington, Katherine",Partial College,Professional
7246,15710,26709,"King, Mary",Partial High School,Skilled Manual
7247,15711,26710,"Green, Jan",High School,Professional
7248,15712,26711,"Bryant, Mya",High School,Professional
7249,15713,26712,"Wilson, Ashley",Partial High School,Skilled Manual
7250,15714,26713,"Edwards, Stephanie",Partial High School,Skilled Manual
7251,15715,26714,"Long, Angela",Partial High School,Skilled Manual
7252,15716,26715,"Bell, Gabriella",Partial High School,Skilled Manual
7253,15718,26717,"Simpson, David",Partial College,Professional
7254,15719,26718,"Flores, Richard",Graduate Degree,Management
7255,15720,26719,"Li, Tamara",Partial College,Professional
7256,15721,26720,"Watson, Seth",Partial College,Professional
7257,15722,26721,"Jimenez, Paula",Partial College,Professional
7258,15723,26722,"McDonald, Alexandra",Partial College,Professional
7259,15724,26723,"Kelly, Devin",Bachelors,Management
7260,15725,26724,"Edwards, Sydney",Partial High School,Skilled Manual
7261,15726,26725,"Smith, Alexis",Partial High School,Skilled Manual
7262,15727,26726,"Rivera, Danielle",Partial High School,Skilled Manual
7263,15728,26727,"Clark, Jose",High School,Professional
7264,15729,26728,"Roberts, Elijah",Graduate Degree,Management
7265,15730,26729,"Gray, Brian",Graduate Degree,Management
7266,15732,26731,"Clark, Ethan",Partial College,Professional
7267,15733,26732,"Rienstra, Martin",Partial College,Professional
7268,15734,26733,"Smith, Benjamin",Partial College,Professional
7269,15735,26734,"Powell, Morgan",Partial College,Professional
7270,15736,26735,"White, Grace",Partial College,Professional
7271,15737,26736,"Xu, Lacey",High School,Professional
7272,15738,26737,"Young, Katherine",Partial College,Professional
7273,15739,26738,"Simmons, Katherine",High School,Professional
7274,15776,26775,"Bryant, Riley",High School,Skilled Manual
7275,15777,26776,"Guo, Jenny",High School,Skilled Manual
7276,15778,26777,"Clark, Andrew",High School,Skilled Manual
7277,15779,26778,"Perez, Sierra",High School,Skilled Manual
7278,15780,26779,"Henderson, Alexandra",High School,Skilled Manual
7279,15781,26780,"Butler, Julia",High School,Skilled Manual
7280,15782,26781,"Cox, Jan",High School,Skilled Manual
7281,15784,26783,"Torres, Juan",High School,Skilled Manual
7282,15787,26786,"Smith, Seth",Partial High School,Clerical
7283,15788,26787,"Moore, Austin",Partial High School,Clerical
7284,15789,26788,"Howard, Destiny",High School,Skilled Manual
7285,15791,26790,"Cook, Chloe",Partial High School,Clerical
7286,15792,26791,"Nath, Kelvin",Partial High School,Clerical
7287,15793,26792,"Torres, Casey",Partial High School,Clerical
7288,15794,26793,"Nelson, Jesse",High School,Skilled Manual
7289,15810,26809,"Morgan, Julia",Bachelors,Skilled Manual
7290,15812,26811,"Sanchez, Rachael",Bachelors,Skilled Manual
7291,15813,26812,"Hernandez, James",Bachelors,Skilled Manual
7292,15814,26813,"Diaz, Xavier",Bachelors,Skilled Manual
7293,15815,26814,"Hernandez, Alex",Graduate Degree,Professional
7294,15816,26815,"Cox, Erin",Graduate Degree,Professional
7295,15819,26818,"Coleman, Eduardo",High School,Manual
7296,15820,26819,"Mitchell, Devin",High School,Manual
7297,15822,26821,"Guo, Tamara",Partial High School,Manual
7298,15823,26822,"Gonzalez, Cindy",Partial College,Manual
7299,15824,26823,"Raman, Kaitlin",Bachelors,Clerical
7300,15826,26825,"Jimenez, Jamie",Partial High School,Manual
7301,15827,26826,"Romero, Kendra",Partial High School,Manual
7302,15830,26829,"Evans, Morgan",Bachelors,Clerical
7303,15832,26831,"Raje, Drew",Bachelors,Clerical
7304,15833,26832,"Xie, Kate",Bachelors,Skilled Manual
7305,15844,26843,"Gonzalez, Noah",High School,Manual
7306,15846,26845,"Ortega, Theodore",High School,Manual
7307,15848,26847,"Yang, Brent",High School,Manual
7308,15852,26851,"Alvarez, Diane",High School,Manual
7309,15853,26852,"She, Karen",High School,Manual
7310,15858,26857,"Anand, Willie",Partial College,Clerical
7311,15863,26862,"Vance, Tina",Partial College,Clerical
7312,15865,26864,"Sutton, Christine",Partial College,Clerical
7313,15868,26867,"Romero, Danny",Bachelors,Skilled Manual
7314,15873,26872,"Hughes, Wyatt",Partial College,Clerical
7315,15874,26873,"Suri, Ann",Partial College,Clerical
7316,15875,26874,"Zhang, Jorge",Partial College,Clerical
7317,15876,26875,"Perez, Bobby",Partial College,Clerical
7318,15879,26878,"Roberts, Madeline",High School,Manual
7319,15880,26879,"Lin, Shannon",High School,Manual
7320,15881,26880,"Xu, Heather",High School,Manual
7321,15885,26884,"James, Paige",Partial College,Clerical
7322,15890,26889,"Torres, Natasha",Partial High School,Manual
7323,15895,26894,"Goel, Lindsey",Partial High School,Manual
7324,15900,26899,"Vance, Rachael",Bachelors,Manual
7325,15913,26912,"Rodriguez, Denise",Bachelors,Clerical
7326,15931,26930,"Andersen, Sharon",Graduate Degree,Clerical
7327,15934,26933,"Sanz, Jessie",Partial College,Manual
7328,15937,26936,"He, Jaclyn",Partial College,Manual
7329,15941,26940,"Tang, Franklin",Graduate Degree,Clerical
7330,15947,26946,"Madan, Andre",Partial College,Manual
7331,15949,26948,"Garcia, Abby",Partial College,Manual
7332,15952,26951,"Hu, Trisha",High School,Manual
7333,15955,26954,"Torres, Gerald",Bachelors,Clerical
7334,15958,26957,"Sai, Kristina",Graduate Degree,Clerical
7335,15962,26961,"Chander, Carly",High School,Manual
7336,15964,26963,"Arun, Meredith",Partial College,Manual
7337,15970,26969,"Hu, Cedric",Partial High School,Manual
7338,15975,26974,"Suarez, Philip",Partial High School,Manual
7339,15978,26977,"Madan, Barry",High School,Manual
7340,15981,26980,"Suarez, Marc",Partial High School,Manual
7341,15982,26981,"Suarez, Audrey",Partial High School,Manual
7342,15984,26983,"Vance, Adriana",Bachelors,Skilled Manual
7343,15985,26984,"Prasad, Manuel",Bachelors,Skilled Manual
7344,15986,26985,"Diaz, Jésus",Bachelors,Skilled Manual
7345,15987,26986,"Watson, Riley",Bachelors,Skilled Manual
7346,15988,26987,"Lopez, Roy",Bachelors,Skilled Manual
7347,15989,26988,"Srini, Brandy",Bachelors,Skilled Manual
7348,15990,26989,"Campbell, Mason",Partial High School,Manual
7349,15991,26990,"Patel, Darren",Partial High School,Manual
7350,15992,26991,"Ortega, Rodney",High School,Manual
7351,15997,26996,"Oliver, Natasha",Partial College,Clerical
7352,15998,26997,"Becker, Katie",Partial College,Clerical
7353,15999,26998,"Perry, Fernando",Partial High School,Manual
7354,16001,27000,"Dominguez, Brandi",Partial High School,Manual
7355,16002,27001,"Kapoor, Carla",Partial High School,Manual
7356,16004,27003,"Jai, Roger",Partial High School,Manual
7357,16005,27004,"Moreno, Philip",High School,Manual
7358,16011,27010,"Patterson, Jordyn",Partial College,Clerical
7359,16012,27011,"Powell, Kevin",Partial College,Clerical
7360,16013,27012,"Jiménez, Anne",Partial College,Clerical
7361,16014,27013,"Yuan, Alisha",Partial College,Clerical
7362,16016,27015,"Torres, Jessica",Graduate Degree,Skilled Manual
7363,16017,27016,"Reed, Lauren",Graduate Degree,Skilled Manual
7364,16018,27017,"Thompson, Jonathan",Graduate Degree,Skilled Manual
7365,16019,27018,"Price, Blake",Graduate Degree,Skilled Manual
7366,16021,27020,"Perry, Rachel",Partial College,Clerical
7367,16022,27021,"Peterson, Victoria",Partial College,Clerical
7368,16024,27023,"Simmons, Emily",Partial High School,Clerical
7369,16026,27025,"Rivera, Jasmine",Partial High School,Clerical
7370,16030,27029,"Hughes, Elizabeth",High School,Clerical
7371,16031,27030,"Gray, Jan",High School,Clerical
7372,16032,27031,"Garcia, Jessica",High School,Clerical
7373,16033,27032,"Garcia, Miguel",High School,Clerical
7374,16034,27033,"Harrison, Ernest",Partial High School,Clerical
7375,16035,27034,"Nara, Corey",Partial High School,Clerical
7376,16036,27035,"Long, Ana",Partial High School,Clerical
7377,16037,27036,"Brown, Hunter",High School,Skilled Manual
7378,16038,27037,"Rodriguez, Lauren",High School,Skilled Manual
7379,16039,27038,"Reed, Eduardo",High School,Skilled Manual
7380,16040,27039,"Lewis, Jonathan",High School,Skilled Manual
7381,16041,27040,"Singh, Paul",Partial High School,Clerical
7382,16042,27041,"Smith, Edward",Partial High School,Clerical
7383,16045,27044,"Long, Carol",High School,Skilled Manual
7384,16046,27045,"Brooks, Angel",High School,Skilled Manual
7385,16047,27046,"Howard, Allison",Partial College,Clerical
7386,16048,27047,"Rai, Yolanda",Partial College,Clerical
7387,16049,27048,"Watson, Melanie",Partial College,Clerical
7388,16051,27050,"Turner, Chloe",Partial College,Clerical
7389,16052,27051,"Brown, Charles",Partial College,Clerical
7390,16053,27052,"Bailey, Jada",Partial College,Clerical
7391,16055,27054,"Sharma, Shawn",Partial College,Clerical
7392,16056,27055,"Sanchez, Isabella",Partial College,Clerical
7393,16057,27056,"James, Mackenzie",Partial College,Clerical
7394,16058,27057,"Morris, Brooke",Graduate Degree,Skilled Manual
7395,16059,27058,"Butler, Nathan",Graduate Degree,Skilled Manual
7396,16060,27059,"Perry, Hunter",Graduate Degree,Skilled Manual
7397,16064,27063,"Flores, Taylor",Graduate Degree,Skilled Manual
7398,16065,27064,"Chande, Barbara",Graduate Degree,Skilled Manual
7399,16066,27065,"Wright, Jordan",Graduate Degree,Skilled Manual
7400,16067,27066,"Murphy, Cole",Graduate Degree,Skilled Manual
7401,16068,27067,"Rodriguez, Jennifer",Graduate Degree,Skilled Manual
7402,16071,27070,"Davis, Nathan",Graduate Degree,Skilled Manual
7403,16073,27072,"Baker, Alex",Graduate Degree,Skilled Manual
7404,16074,27073,"Sanders, Sydney",Graduate Degree,Skilled Manual
7405,16075,27074,"Sanchez, Kristi",Graduate Degree,Skilled Manual
7406,16077,27076,"Russell, Dakota",Graduate Degree,Skilled Manual
7407,16078,27077,"Henderson, Robert",Graduate Degree,Skilled Manual
7408,16079,27078,"Scott, Chloe",Bachelors,Skilled Manual
7409,16080,27079,"Lewis, Natalie",Bachelors,Skilled Manual
7410,16081,27080,"Campbell, Nathan",Bachelors,Skilled Manual
7411,16082,27081,"Ross, Jason",Bachelors,Skilled Manual
7412,16084,27083,"Perry, Kevin",Bachelors,Skilled Manual
7413,16087,27086,"Howard, Lauren",Bachelors,Skilled Manual
7414,16088,27087,"Clark, Justin",Bachelors,Skilled Manual
7415,16089,27088,"Patterson, Tristan",Graduate Degree,Professional
7416,16090,27089,"Garcia, Janelle",Bachelors,Skilled Manual
7417,16091,27090,"Brown, Elizabeth",Graduate Degree,Professional
7418,16092,27091,"Martin, Miguel",Graduate Degree,Professional
7419,16093,27092,"Ross, Marissa",Graduate Degree,Professional
7420,16094,27093,"Martin, Alexandra",Graduate Degree,Professional
7421,16095,27094,"Kelly, Sean",Graduate Degree,Professional
7422,16096,27095,"Flores, Spencer",Graduate Degree,Professional
7423,16097,27096,"Watson, Chase",Bachelors,Skilled Manual
7424,16098,27097,"Gonzales, Kaitlyn",Bachelors,Skilled Manual
7425,16099,27098,"Wilson, Sarah",Bachelors,Skilled Manual
7426,16104,27103,"Brooks, Chloe",Graduate Degree,Professional
7427,16105,27104,"Zhu, Randy",Graduate Degree,Professional
7428,16106,27105,"Perez, Sean",Graduate Degree,Professional
7429,16107,27106,"Allen, Jennifer",Graduate Degree,Professional
7430,16108,27107,"Stewart, Alexa",Graduate Degree,Professional
7431,16114,27113,"Diaz, Ashley",Graduate Degree,Professional
7432,16115,27114,"Thompson, Alexander",Graduate Degree,Professional
7433,16116,27115,"Navarro, Kristi",Graduate Degree,Professional
7434,16117,27116,"Gonzalez, Regina",Graduate Degree,Professional
7435,16118,27117,"Prasad, Jermaine",Graduate Degree,Professional
7436,16120,27119,"Gonzalez, Mayra",Bachelors,Clerical
7437,16121,27120,"Kumar, Clarence",Bachelors,Clerical
7438,16128,27127,"Black, Misty",Graduate Degree,Clerical
7439,16130,27129,"Tang, Mindy",Graduate Degree,Skilled Manual
7440,16137,27136,"Coleman, Isabella",High School,Manual
7441,16140,27139,"Liu, Jon",Partial College,Manual
7442,16155,27154,"Arun, Holly",Partial College,Clerical
7443,16158,27157,"Xu, Raul",Partial High School,Manual
7444,16161,27160,"Vazquez, Brandi",High School,Manual
7445,16162,27161,"Gill, Reginald",High School,Manual
7446,16170,27169,"Xu, Louis",High School,Manual
7447,16173,27172,"Navarro, Jessie",Partial High School,Manual
7448,16174,27173,"Ye, Suzanne",Partial High School,Manual
7449,16175,27174,"Bennett, Fernando",Partial College,Clerical
7450,16177,27176,"Martin, Erik",Partial High School,Manual
7451,16179,27178,"Mehta, Terrance",Partial High School,Manual
7452,16181,27180,"Diaz, Joe",High School,Manual
7453,16184,27183,"Garcia, Geoffrey",Partial College,Clerical
7454,16185,27184,"Subram, Donald",Partial College,Clerical
7455,16188,27187,"Diaz, Lucas",Partial College,Clerical
7456,16189,27188,"She, Claudia",Partial College,Clerical
7457,16190,27189,"Diaz, Elizabeth",Partial College,Clerical
7458,16191,27190,"Reed, Shelby",Partial College,Clerical
7459,16193,27192,"Gonzales, Angelica",Partial College,Clerical
7460,16194,27193,"Miller, Daniel",Graduate Degree,Skilled Manual
7461,16195,27194,"Cooper, Chase",Graduate Degree,Skilled Manual
7462,16196,27195,"Perez, Robert",Graduate Degree,Skilled Manual
7463,16198,27197,"Bell, Isaiah",Graduate Degree,Skilled Manual
7464,16199,27198,"Flores, Jocelyn",Graduate Degree,Skilled Manual
7465,16200,27199,"Wright, Jesse",Graduate Degree,Skilled Manual
7466,16201,27200,"Thompson, Anna",Graduate Degree,Skilled Manual
7467,16202,27201,"Taylor, Jose",Graduate Degree,Skilled Manual
7468,16203,27202,"Hall, James",Graduate Degree,Skilled Manual
7469,16204,27203,"Sanchez, Jennifer",Partial High School,Clerical
7470,16205,27204,"Hall, Devin",High School,Clerical
7471,16206,27205,"Murphy, Erin",High School,Clerical
7472,16207,27206,"Mitchell, Marcus",Partial College,Clerical
7473,16208,27207,"Morris, Taylor",Partial High School,Clerical
7474,16210,27209,"Rodriguez, Erick",Partial High School,Clerical
7475,16211,27210,"Flores, Hunter",Partial High School,Clerical
7476,16212,27211,"Roberts, Isaiah",High School,Clerical
7477,16213,27212,"Roberts, Sophia",High School,Clerical
7478,16214,27213,"Lewis, Julia",Partial High School,Clerical
7479,16215,27214,"Zimmerman, Bianca",Partial High School,Clerical
7480,16217,27216,"Diaz, Ana",High School,Skilled Manual
7481,16218,27217,"Walker, Julia",Partial High School,Clerical
7482,16219,27218,"Allen, Bailey",Partial High School,Clerical
7483,16220,27219,"Yang, Benjamin",Partial High School,Clerical
7484,16221,27220,"Long, Jackson",Partial High School,Clerical
7485,16222,27221,"Jones, Matthew",Partial High School,Clerical
7486,16223,27222,"Sai, Virginia",Partial High School,Clerical
7487,16224,27223,"Wright, Jeremy",Partial High School,Clerical
7488,16225,27224,"Griffin, Jessica",Partial High School,Clerical
7489,16226,27225,"Murphy, Isaac",High School,Skilled Manual
7490,16227,27226,"Wang, Christian",High School,Skilled Manual
7491,16228,27227,"Bryant, Emily",High School,Skilled Manual
7492,16229,27228,"Young, Amanda",Partial College,Clerical
7493,16230,27229,"Zhang, Zachary",Partial College,Clerical
7494,16232,27231,"Ramos, Tyrone",Partial College,Clerical
7495,16233,27232,"Thirunavukkarasu, Ram",Partial College,Clerical
7496,16234,27233,"Ward, Seth",Partial College,Clerical
7497,16235,27234,"Jenkins, Gabriel",Partial College,Clerical
7498,16236,27235,"Li, Robert",Partial College,Clerical
7499,16237,27236,"Alexander, Nicole",Partial College,Clerical
7500,16238,27237,"Ramirez, Jasmine",Partial College,Clerical
7501,16239,27238,"Hernandez, Jesse",Partial College,Clerical
7502,16240,27239,"Simmons, Noah",Partial College,Clerical
7503,16241,27240,"Cooper, Dalton",Partial College,Clerical
7504,16242,27241,"Butler, Oscar",Graduate Degree,Skilled Manual
7505,16245,27244,"Kelly, Arianna",Graduate Degree,Skilled Manual
7506,16246,27245,"Jones, Lauren",Graduate Degree,Skilled Manual
7507,16247,27246,"Hall, Aaron",Graduate Degree,Skilled Manual
7508,16248,27247,"Hughes, Blake",Graduate Degree,Skilled Manual
7509,16249,27248,"Taylor, Kayla",Graduate Degree,Skilled Manual
7510,16250,27249,"Cox, Emma",Graduate Degree,Skilled Manual
7511,16251,27250,"Vance, Virginia",Graduate Degree,Skilled Manual
7512,16252,27251,"Flores, Jessica",Graduate Degree,Skilled Manual
7513,16255,27254,"Jimenez, Theodore",Bachelors,Skilled Manual
7514,16256,27255,"Rivera, Xavier",Bachelors,Skilled Manual
7515,16257,27256,"Lopez, Caleb",Graduate Degree,Skilled Manual
7516,16258,27257,"Sara, Rebekah",Graduate Degree,Skilled Manual
7517,16259,27258,"Flores, Christian",Graduate Degree,Professional
7518,16261,27260,"Ma, Candice",Bachelors,Skilled Manual
7519,16262,27261,"Chande, Omar",Bachelors,Skilled Manual
7520,16263,27262,"Hill, Courtney",Bachelors,Skilled Manual
7521,16264,27263,"Kumar, Aaron",Graduate Degree,Professional
7522,16265,27264,"Clark, Jacob",Bachelors,Skilled Manual
7523,16267,27266,"Gonzales, Riley",Bachelors,Skilled Manual
7524,16269,27268,"Serrano, Latasha",Bachelors,Skilled Manual
7525,16270,27269,"Lee, Victoria",Graduate Degree,Professional
7526,16272,27271,"Reed, Anna",Graduate Degree,Professional
7527,16273,27272,"Chen, Elijah",Graduate Degree,Professional
7528,16274,27273,"Miller, Marcus",Graduate Degree,Professional
7529,16275,27274,"Morris, Marcus",Graduate Degree,Professional
7530,16276,27275,"Powell, Aidan",Graduate Degree,Professional
7531,16277,27276,"Alexander, Faith",Graduate Degree,Professional
7532,16278,27277,"Wood, Jeremy",Graduate Degree,Professional
7533,16279,27278,"Cook, Brian",High School,Skilled Manual
7534,16280,27279,"Brooks, Katelyn",Bachelors,Skilled Manual
7535,16281,27280,"Gutierrez, Naomi",Bachelors,Skilled Manual
7536,16282,27281,"Nath, Jenny",Bachelors,Skilled Manual
7537,16285,27284,"Bailey, Danielle",Bachelors,Professional
7538,16287,27286,"Pal, Shawn",Graduate Degree,Professional
7539,16288,27287,"Perez, Samuel",Graduate Degree,Professional
7540,16289,27288,"Richardson, Destiny",Graduate Degree,Professional
7541,16290,27289,"Long, Anna",Bachelors,Skilled Manual
7542,16291,27290,"Evans, Marcus",Bachelors,Skilled Manual
7543,16292,27291,"Mehta, Bobby",Bachelors,Skilled Manual
7544,16293,27292,"Evans, Julia",Graduate Degree,Professional
7545,16294,27293,"Jackson, Kaitlyn",Graduate Degree,Professional
7546,16295,27294,"Bradley, Ana",Graduate Degree,Professional
7547,16296,27295,"Taylor, Wyatt",Graduate Degree,Professional
7548,16297,27296,"Ready, Rodrigo",Graduate Degree,Professional
7549,16302,27301,"Zhou, Clarence",Partial College,Professional
7550,16308,27307,"Prasad, Andre",High School,Professional
7551,16310,27309,"Deng, Tony",Partial College,Professional
7552,16311,27310,"Hill, Isabella",Partial College,Professional
7553,16313,27312,"Sun, Sandra",Bachelors,Management
7554,16315,27314,"Arthur, Jarrod",Bachelors,Management
7555,16316,27315,"Mitchell, James",Graduate Degree,Management
7556,16317,27316,"Malhotra, Jarrod",Bachelors,Management
7557,16321,27320,"Green, Jose",High School,Professional
7558,16322,27321,"Zhang, Dylan",Partial College,Professional
7559,16326,27325,"Liang, Todd",Partial College,Professional
7560,16328,27327,"Nicholls, Melody",Partial College,Management
7561,16331,27330,"Nara, Brendan",Partial College,Management
7562,16334,27333,"Luo, Kathryn",Partial College,Management
7563,16337,27336,"Suri, George",High School,Management
7564,16373,27372,"Sai, Andre",High School,Professional
7565,16374,27373,"Rivera, Eduardo",High School,Professional
7566,16375,27374,"Phillips, Robert",High School,Professional
7567,16376,27375,"Wilson, Nicole",High School,Professional
7568,16377,27376,"Gonzalez, Courtney",High School,Professional
7569,16380,27379,"Ross, Isabel",High School,Professional
7570,16382,27381,"Sanz, Miguel",High School,Professional
7571,16383,27382,"Chapman, Kaitlin",Graduate Degree,Management
7572,16384,27383,"Hernandez, Jay",Graduate Degree,Management
7573,16386,27385,"Ramos, Jonathon",Graduate Degree,Management
7574,16387,27386,"Garcia, James",Graduate Degree,Management
7575,16388,27387,"Washington, Noah",Graduate Degree,Management
7576,16389,27388,"Cox, Xavier",Bachelors,Management
7577,16390,27389,"Henderson, Lucas",Bachelors,Management
7578,16391,27390,"Zeng, Leah",Graduate Degree,Management
7579,16392,27391,"Young, Logan",Bachelors,Management
7580,16393,27392,"Romero, Felicia",Bachelors,Management
7581,16395,27394,"Alexander, Kyle",Bachelors,Management
7582,16396,27395,"Lu, Jenny",Bachelors,Management
7583,16397,27396,"Cook, Adrian",Bachelors,Management
7584,16398,27397,"James, Alex",Bachelors,Management
7585,16399,27398,"Lee, Alexis",Bachelors,Management
7586,16400,27399,"Parker, Thomas",Bachelors,Management
7587,16406,27405,"Shan, Jackson",High School,Professional
7588,16408,27407,"Griffin, Faith",Bachelors,Management
7589,16409,27408,"Sanchez, Tabitha",Bachelors,Management
7590,16410,27409,"Smith, Preston",High School,Professional
7591,16411,27410,"Patterson, Brianna",High School,Professional
7592,16412,27411,"Bendixen, Mason",High School,Professional
7593,16413,27412,"Price, Miguel",Bachelors,Management
7594,16417,27416,"Morris, Jeremiah",Partial College,Professional
7595,16418,27417,"She, Edwin",Bachelors,Management
7596,16419,27418,"Coleman, Mya",Partial College,Professional
7597,16422,27421,"Chander, Mindy",Partial College,Professional
7598,16423,27422,"Gonzalez, Evan",Partial College,Professional
7599,16424,27423,"Butler, Dakota",Partial College,Professional
7600,16425,27424,"Mitchell, Luis",Partial College,Professional
7601,16426,27425,"Morris, Steven",Partial College,Professional
7602,16427,27426,"Stewart, Evan",Partial College,Professional
7603,16428,27427,"Young, Mason",Partial College,Professional
7604,16431,27430,"Young, Stephanie",Partial College,Professional
7605,16432,27431,"Jenkins, Ethan",Partial College,Professional
7606,16433,27432,"Ruiz, Craig",Partial College,Professional
7607,16434,27433,"Garcia, Barry",Partial College,Professional
7608,16435,27434,"Patterson, David",Partial College,Professional
7609,16439,27438,"Shan, Alejandro",Partial College,Professional
7610,16440,27439,"Ramirez, Chase",High School,Professional
7611,16441,27440,"Howard, Trinity",Partial High School,Skilled Manual
7612,16443,27442,"Raman, Janelle",High School,Professional
7613,16444,27443,"Jackson, Jessica",Partial High School,Skilled Manual
7614,16445,27444,"Martinez, Kayla",Graduate Degree,Professional
7615,16446,27445,"Tang, Shaun",Graduate Degree,Professional
7616,16447,27446,"Jones, Tyler",Graduate Degree,Professional
7617,16448,27447,"Hayes, Miranda",Graduate Degree,Professional
7618,16449,27448,"Romero, Marc",Bachelors,Professional
7619,16450,27449,"Cox, Bryan",Bachelors,Management
7620,16451,27450,"Ross, Abigail",Bachelors,Management
7621,16453,27452,"Watson, Evan",Bachelors,Management
7622,16454,27453,"Henderson, Carson",Bachelors,Management
7623,16456,27455,"Jenkins, Brianna",Bachelors,Management
7624,16457,27456,"Hughes, Jackson",Bachelors,Management
7625,16458,27457,"Walker, Elizabeth",Bachelors,Management
7626,16459,27458,"Liang, Roger",Bachelors,Management
7627,16460,27459,"Kumar, Kevin",Graduate Degree,Management
7628,16461,27460,"Goel, Grant",Graduate Degree,Management
7629,16466,27465,"Garcia, Seth",Partial College,Skilled Manual
7630,16467,27466,"Murphy, Abigail",Partial College,Skilled Manual
7631,16479,27478,"Alvarez, Sheila",Partial College,Skilled Manual
7632,16480,27479,"Sanders, Kaitlyn",Partial College,Skilled Manual
7633,16481,27480,"Parker, Chloe",Partial College,Skilled Manual
7634,16482,27481,"Gonzales, Oscar",Partial College,Skilled Manual
7635,16504,27503,"Shen, Warren",Partial College,Skilled Manual
7636,16505,27504,"Lopez, Rebecca",High School,Skilled Manual
7637,16506,27505,"Skelly, Bonnie",High School,Skilled Manual
7638,16507,27506,"Srini, Carla",High School,Skilled Manual
7639,16508,27507,"Li, Valerie",High School,Skilled Manual
7640,16509,27508,"Edwards, James",Partial College,Skilled Manual
7641,16510,27509,"Johnson, Zachary",Partial College,Professional
7642,16511,27510,"Bailey, Cole",Partial College,Professional
7643,16522,27521,"Foster, Gabriel",Bachelors,Management
7644,16524,27523,"Martin, Kayla",High School,Professional
7645,16527,27526,"Ma, Ramon",Partial College,Professional
7646,16528,27527,"Sanchez, Tina",Bachelors,Management
7647,16529,27528,"Stewart, Jade",Graduate Degree,Management
7648,16530,27529,"White, Rachel",Graduate Degree,Management
7649,16531,27530,"Ross, Maria",Partial High School,Skilled Manual
7650,16532,27531,"Bailey, Abigail",Bachelors,Professional
7651,16533,27532,"Flores, Kaitlyn",Bachelors,Skilled Manual
7652,16534,27533,"Perez, Allison",Bachelors,Skilled Manual
7653,16535,27534,"Chapman, Candace",Bachelors,Skilled Manual
7654,16536,27535,"Cook, Ian",Bachelors,Skilled Manual
7655,16538,27537,"Bryant, Amanda",Bachelors,Professional
7656,16539,27538,"Jackson, José",Bachelors,Professional
7657,16540,27539,"Winston, Samuel",Bachelors,Professional
7658,16541,27540,"Butler, Jacqueline",Bachelors,Professional
7659,16542,27541,"Martin, Samantha",Bachelors,Professional
7660,16543,27542,"Rivera, Jessica",Bachelors,Professional
7661,16544,27543,"Griffin, Katherine",Bachelors,Professional
7662,16545,27544,"Hayes, Marissa",Partial College,Skilled Manual
7663,16547,27546,"Ross, Jackson",High School,Skilled Manual
7664,16548,27547,"Hill, Kevin",High School,Skilled Manual
7665,16549,27548,"Green, Mason",Partial College,Skilled Manual
7666,16550,27549,"Johnson, Hunter",Partial College,Skilled Manual
7667,16552,27551,"Long, Antonio",Partial College,Skilled Manual
7668,16553,27552,"Guo, Shannon",Graduate Degree,Professional
7669,16554,27553,"Sanders, Julia",Graduate Degree,Professional
7670,16555,27554,"West, Jordyn",Partial College,Skilled Manual
7671,16556,27555,"Alexander, Isabella",Partial College,Skilled Manual
7672,16557,27556,"Cox, Amanda",Partial College,Skilled Manual
7673,16559,27558,"Kumar, Caleb",Partial College,Skilled Manual
7674,16560,27559,"Rodriguez, Emily",Partial College,Skilled Manual
7675,16562,27561,"Brooks, Kimberly",Bachelors,Professional
7676,16564,27563,"Bennett, Devin",Bachelors,Professional
7677,16565,27564,"Lal, Kevin",Bachelors,Professional
7678,16566,27565,"Wood, Kayla",Bachelors,Professional
7679,16567,27566,"Long, Tristan",Bachelors,Professional
7680,16568,27567,"Foster, Miranda",Bachelors,Professional
7681,16569,27568,"Evans, Miguel",Graduate Degree,Professional
7682,16570,27569,"Wood, Jocelyn",Graduate Degree,Professional
7683,16571,27570,"Navarro, Natasha",Graduate Degree,Professional
7684,16572,27571,"Gao, Shannon",Graduate Degree,Professional
7685,16573,27572,"Carter, Isaiah",Partial College,Skilled Manual
7686,16574,27573,"Lal, Hunter",Partial College,Skilled Manual
7687,16575,27574,"Hill, Madeline",Partial College,Skilled Manual
7688,16576,27575,"Wilson, Emma",Bachelors,Professional
7689,16577,27576,"Gonzales, Caroline",Bachelors,Professional
7690,16578,27577,"Cook, Patrick",Bachelors,Professional
7691,16579,27578,"Carter, Courtney",Bachelors,Professional
7692,16580,27579,"Suarez, Bruce",Graduate Degree,Professional
7693,16601,27600,"Sanchez, Destiny",Partial High School,Skilled Manual
7694,16602,27601,"Rogers, Sydney",Partial High School,Skilled Manual
7695,16604,27603,"Barnes, Mya",Partial High School,Skilled Manual
7696,16605,27604,"Brooks, Richard",High School,Professional
7697,16606,27605,"Martinez, Miguel",High School,Professional
7698,16607,27606,"Edwards, Courtney",Partial College,Professional
7699,16609,27608,"Hernandez, Hector",Partial High School,Skilled Manual
7700,16610,27609,"Alonso, Audrey",Partial High School,Skilled Manual
7701,16611,27610,"Washington, Jeremy",Partial High School,Skilled Manual
7702,16612,27611,"Edwards, Jack",High School,Professional
7703,16613,27612,"Hill, Lucas",High School,Professional
7704,16615,27614,"Ye, Warren",High School,Professional
7705,16616,27615,"Henderson, Maria",Bachelors,Management
7706,16617,27616,"Brown, Emma",Bachelors,Management
7707,16618,27617,"Phillips, Morgan",Partial College,Professional
7708,16619,27618,"Diaz, Melanie",Partial College,Professional
7709,16620,27619,"Lee, Joseph",Partial College,Professional
7710,16621,27620,"Hughes, Nicole",Graduate Degree,Management
7711,16622,27621,"Brown, Edward",Graduate Degree,Management
7712,16623,27622,"Wilson, Lucas",Partial College,Professional
7713,16624,27623,"Jackson, Christian",Partial College,Professional
7714,16625,27624,"Russell, Connor",Partial College,Professional
7715,16626,27625,"Hughes, Alexandria",Partial College,Professional
7716,16627,27626,"Hayes, Connor",Bachelors,Management
7717,16628,27627,"Yang, Jason",Graduate Degree,Management
7718,16630,27629,"Bryant, Jose",Partial College,Professional
7719,16631,27630,"Coleman, Xavier",Bachelors,Management
7720,16632,27631,"Phillips, Gabriella",Bachelors,Management
7721,16636,27635,"Perry, Grace",Partial College,Professional
7722,16637,27636,"Murphy, Paige",Partial College,Professional
7723,16638,27637,"Cook, Gabrielle",Partial College,Professional
7724,16639,27638,"Brooks, Marcus",Partial College,Professional
7725,16640,27639,"Price, Emma",Partial College,Professional
7726,16641,27640,"Thomas, Lauren",Partial College,Professional
7727,16642,27641,"Alexander, Miranda",Partial College,Professional
7728,16643,27642,"Johnson, Kayla",High School,Professional
7729,16645,27644,"Sanchez, Alexandria",Partial College,Professional
7730,16646,27645,"Anand, Colin",High School,Professional
7731,16647,27646,"Li, Jackson",Bachelors,Management
7732,16648,27647,"Moore, Daniel",Partial College,Professional
7733,16649,27648,"Rogers, Chase",Partial High School,Skilled Manual
7734,16650,27649,"Bailey, Evan",High School,Professional
7735,16651,27650,"Griffin, Richard",High School,Professional
7736,16652,27651,"Murphy, Jeremy",High School,Professional
7737,16653,27652,"Foster, Miguel",Partial High School,Skilled Manual
7738,16655,27654,"Diaz, Carrie",Graduate Degree,Management
7739,16656,27655,"Alvarez, Melinda",Bachelors,Management
7740,16658,27657,"Chandra, Frederick",Graduate Degree,Management
7741,16659,27658,"Gray, Cole",Graduate Degree,Management
7742,16660,27659,"Lopez, Jesse",Graduate Degree,Management
7743,16661,27660,"Carlson, Gerald",Graduate Degree,Management
7744,16662,27661,"Martinez, Christopher",Graduate Degree,Management
7745,16663,27662,"Zheng, Bianca",Partial College,Professional
7746,16664,27663,"Collins, Aaron",Graduate Degree,Management
7747,16665,27664,"Roberts, Luis",Bachelors,Management
7748,16666,27665,"Patterson, Miguel",Partial High School,Skilled Manual
7749,16667,27666,"Garcia, Alyssa",Partial High School,Skilled Manual
7750,16668,27667,"Sanchez, Jessica",High School,Professional
7751,16669,27668,"Gonzalez, Kevin",Graduate Degree,Management
7752,16670,27669,"Allen, Katelyn",Graduate Degree,Management
7753,16671,27670,"Long, Kayla",Graduate Degree,Management
7754,16672,27671,"Martinez, Jeremiah",Graduate Degree,Management
7755,16674,27673,"Young, Jennifer",Graduate Degree,Management
7756,16675,27674,"Rivera, Gabrielle",Partial College,Professional
7757,16676,27675,"Bell, Arianna",Partial College,Professional
7758,16677,27676,"Flores, Trevor",Partial College,Professional
7759,16678,27677,"Powell, Marissa",Partial College,Professional
7760,16679,27678,"Carter, Angel",Partial College,Professional
7761,16680,27679,"Walker, Kayla",Partial College,Professional
7762,16681,27680,"Foster, Benjamin",Partial College,Professional
7763,16682,27681,"Jackson, Olivia",Partial College,Professional
7764,16683,27682,"Kelly, Jennifer",Partial College,Professional
7765,16684,27683,"Reed, Alexandra",High School,Professional
7766,16685,27684,"Coleman, Emma",Partial College,Professional
7767,16727,27726,"Hall, Sophia",High School,Skilled Manual
7768,16728,27727,"Hill, Chloe",High School,Skilled Manual
7769,16730,27729,"Phillips, Sophia",Partial High School,Clerical
7770,16731,27730,"Cox, Isabella",Partial High School,Clerical
7771,16733,27732,"White, Katherine",High School,Skilled Manual
7772,16736,27735,"Sanders, Shelby",High School,Skilled Manual
7773,16737,27736,"Young, Mackenzie",High School,Skilled Manual
7774,16738,27737,"Taylor, Brandon",High School,Skilled Manual
7775,16741,27740,"Nath, Jodi",High School,Skilled Manual
7776,16742,27741,"Foster, Gabrielle",High School,Skilled Manual
7777,16743,27742,"Jones, Devin",High School,Skilled Manual
7778,16748,27747,"Henderson, Edward",High School,Skilled Manual
7779,16749,27748,"Patterson, Luis",High School,Skilled Manual
7780,16750,27749,"Brown, Alexis",Partial College,Skilled Manual
7781,16751,27750,"Phillips, Carlos",Partial College,Skilled Manual
7782,16752,27751,"Cooper, Zoe",Partial College,Skilled Manual
7783,16754,27753,"Morgan, Steven",High School,Skilled Manual
7784,16755,27754,"Gonzalez, Marcus",Partial College,Skilled Manual
7785,16756,27755,"Jenkins, Alyssa",Partial College,Skilled Manual
7786,16762,27761,"Madan, Monica",Graduate Degree,Clerical
7787,16766,27765,"Tang, Jerry",Partial College,Manual
7788,16767,27766,"Vance, Joel",Partial College,Manual
7789,16768,27767,"Arun, Brandy",Partial College,Manual
7790,16771,27770,"Zhao, Autumn",Bachelors,Clerical
7791,16775,27774,"Munoz, Marc",High School,Manual
7792,16776,27775,"Shen, Nina",Bachelors,Clerical
7793,16778,27777,"Martin, Jarred",Bachelors,Skilled Manual
7794,16788,27787,"Ramos, Gerald",Bachelors,Skilled Manual
7795,16792,27791,"Deng, Shawna",High School,Manual
7796,16793,27792,"Alonso, Jacquelyn",High School,Manual
7797,16798,27797,"Deng, Melvin",Bachelors,Professional
7798,16799,27798,"Bryant, Brandon",Bachelors,Professional
7799,16802,27801,"Cooper, Kaitlyn",Partial College,Clerical
7800,16810,27809,"Sanchez, Arianna",Bachelors,Skilled Manual
7801,16812,27811,"Vazquez, Darren",Bachelors,Skilled Manual
7802,16814,27813,"Vance, Roy",High School,Manual
7803,16815,27814,"Shan, Katrina",Partial College,Clerical
7804,16824,27823,"Gao, Joan",Bachelors,Skilled Manual
7805,16826,27825,"Zimmerman, Christy",Partial College,Clerical
7806,16827,27826,"Xu, Nicolas",Partial College,Clerical
7807,16831,27830,"Hall, Caleb",High School,Manual
7808,16832,27831,"Vazquez, Clinton",Partial High School,Manual
7809,16833,27832,"Powell, Margaret",Partial College,Clerical
7810,16839,27838,"Sai, Janelle",Partial High School,Manual
7811,16844,27843,"Navarro, Gerald",Graduate Degree,Clerical
7812,16856,27855,"Ye, Lisa",Partial College,Manual
7813,16859,27858,"Skjønaa, Anders",Partial College,Manual
7814,16860,27859,"Carlson, Danny",Partial College,Manual
7815,16883,27882,"Hu, Franklin",Graduate Degree,Clerical
7816,16884,27883,"Hernandez, Marc",Graduate Degree,Clerical
7817,16885,27884,"Alonso, Jill",Graduate Degree,Clerical
7818,16898,27897,"Munoz, Robin",Bachelors,Clerical
7819,16901,27900,"Prasad, Toni",Bachelors,Clerical
7820,16903,27902,"Alonso, Carolyn",Graduate Degree,Clerical
7821,16909,27908,"Sanchez, Adriana",Partial College,Manual
7822,16912,27911,"Moore, Robert",High School,Skilled Manual
7823,16913,27912,"Ramirez, Caitlin",High School,Skilled Manual
7824,16914,27913,"Zheng, Brittney",Partial College,Skilled Manual
7825,16915,27914,"Foster, Jasmine",Partial College,Skilled Manual
7826,16916,27915,"Green, Jordan",Partial College,Skilled Manual
7827,16917,27916,"Carter, Aaron",Partial College,Skilled Manual
7828,16918,27917,"Sanders, Andrea",Partial College,Skilled Manual
7829,16919,27918,"Ross, Samantha",Partial College,Skilled Manual
7830,16920,27919,"Lal, Ryan",Partial College,Skilled Manual
7831,16921,27920,"Howard, Mary",Partial College,Skilled Manual
7832,16923,27922,"King, Isabella",Partial College,Professional
7833,16924,27923,"Arun, Douglas",Bachelors,Management
7834,16925,27924,"He, Jeffery",Partial College,Professional
7835,16931,27930,"Sharma, Clarence",Partial College,Professional
7836,16932,27931,"Patel, Tabitha",Partial College,Professional
7837,16933,27932,"Diaz, Leslie",Partial College,Professional
7838,16938,27937,"Alvarez, Kristine",Partial College,Professional
7839,16942,27941,"Chen, Margaret",Partial College,Professional
7840,16944,27943,"Alvarez, Sabrina",Partial High School,Professional
7841,16945,27944,"Bell, Dalton",Partial High School,Professional
7842,16948,27947,"Andersen, Alison",Partial College,Professional
7843,16949,27948,"Sloan, Cathy",Bachelors,Management
7844,16953,27952,"Perez, Roy",High School,Professional
7845,16960,27959,"Ramos, Armando",Partial College,Management
7846,16961,27960,"Alonso, Randall",Partial College,Management
7847,16964,27963,"Dominguez, Kendra",Partial College,Management
7848,16989,27988,"Ross, Dylan",High School,Professional
7849,16990,27989,"Thomas, Joseph",High School,Professional
7850,16991,27990,"Thompson, Katherine",High School,Professional
7851,16992,27991,"Rivera, Natalie",High School,Professional
7852,16993,27992,"Taylor, Dylan",High School,Professional
7853,16994,27993,"Miller, Hunter",High School,Professional
7854,16995,27994,"Rai, Jodi",High School,Professional
7855,16996,27995,"Stewart, Carlos",High School,Professional
7856,16997,27996,"Alexander, Angela",Graduate Degree,Management
7857,16998,27997,"Malhotra, Lydia",Graduate Degree,Management
7858,17000,27999,"Shan, Nathan",Graduate Degree,Management
7859,17002,28001,"Rodriguez, Sydney",Graduate Degree,Management
7860,17003,28002,"Kumar, Christy",Graduate Degree,Management
7861,17004,28003,"Sanchez, Julia",Graduate Degree,Management
7862,17005,28004,"Edwards, Andrea",Bachelors,Management
7863,17006,28005,"Young, Amber",Graduate Degree,Management
7864,17007,28006,"Torres, Seth",Bachelors,Management
7865,17008,28007,"Ye, Clayton",Bachelors,Management
7866,17009,28008,"Baker, Jada",Bachelors,Management
7867,17010,28009,"Washington, Arianna",Bachelors,Management
7868,17011,28010,"Long, Justin",Bachelors,Management
7869,17012,28011,"Lan, Andrew",Bachelors,Management
7870,17013,28012,"Stewart, Ian",Bachelors,Management
7871,17015,28014,"Robinson, Rachel",Partial High School,Clerical
7872,17016,28015,"Chen, Christian",High School,Professional
7873,17017,28016,"Sanders, Cody",Partial High School,Clerical
7874,17018,28017,"Martin, Christopher",Partial High School,Clerical
7875,17019,28018,"Foster, Rachel",Partial High School,Skilled Manual
7876,17020,28019,"Ramirez, Melissa",High School,Professional
7877,17021,28020,"Griffin, Lucas",High School,Professional
7878,17023,28022,"Lopez, Jason",High School,Professional
7879,17024,28023,"James, Andrea",High School,Professional
7880,17025,28024,"Perry, Miguel",Bachelors,Management
7881,17027,28026,"Ross, Paige",High School,Professional
7882,17029,28028,"Allen, Elijah",High School,Professional
7883,17030,28029,"Price, Seth",High School,Professional
7884,17031,28030,"Gonzalez, Jason",Bachelors,Management
7885,17032,28031,"Navarro, Kari",Bachelors,Management
7886,17033,28032,"Coleman, Grace",Bachelors,Management
7887,17034,28033,"Jenkins, Gavin",Bachelors,Management
7888,17038,28037,"Gonzales, Jeremiah",Partial College,Professional
7889,17039,28038,"Gomez, Philip",Partial College,Professional
7890,17040,28039,"Lee, Xavier",Bachelors,Management
7891,17041,28040,"Mitchell, Jack",Partial College,Professional
7892,17042,28041,"Wright, Rebecca",Partial College,Professional
7893,17043,28042,"Brown, Joseph",Bachelors,Management
7894,17044,28043,"Young, Gabrielle",Bachelors,Management
7895,17045,28044,"Navarro, Jimmy",Bachelors,Management
7896,17048,28047,"Sanchez, Jay",Partial College,Professional
7897,17049,28048,"Powell, Samuel",Partial College,Professional
7898,17050,28049,"Washington, Xavier",Partial College,Professional
7899,17051,28050,"Evans, Isaiah",Bachelors,Management
7900,17053,28052,"Li, Franklin",High School,Professional
7901,17054,28053,"Howard, Jared",Partial College,Professional
7902,17055,28054,"Cox, Carol",Partial College,Professional
7903,17056,28055,"Peterson, Brooke",High School,Professional
7904,17057,28056,"Gray, Alex",Partial High School,Skilled Manual
7905,17058,28057,"Anderson, Rachel",Partial High School,Skilled Manual
7906,17059,28058,"Alvarez, Jaime",Partial High School,Skilled Manual
7907,17060,28059,"Shen, Bradley",Partial High School,Skilled Manual
7908,17061,28060,"Rodriguez, Blake",Graduate Degree,Professional
7909,17062,28061,"Lopez, Kyle",Graduate Degree,Professional
7910,17063,28062,"Roberts, Xavier",Graduate Degree,Professional
7911,17064,28063,"Turner, Gabrielle",Graduate Degree,Professional
7912,17065,28064,"Nath, Tamara",Graduate Degree,Professional
7913,17066,28065,"Gill, Carrie",Graduate Degree,Professional
7914,17067,28066,"Taylor, Justin",Graduate Degree,Professional
7915,17068,28067,"Bennett, Olivia",Graduate Degree,Professional
7916,17069,28068,"Wood, Amanda",Graduate Degree,Professional
7917,17071,28070,"Morris, Ian",Bachelors,Management
7918,17072,28071,"Ross, Trevor",Bachelors,Management
7919,17076,28075,"Jones, Edward",Graduate Degree,Management
7920,17077,28076,"Williams, Logan",Graduate Degree,Management
7921,17078,28077,"Williams, Sarah",Bachelors,Management
7922,17079,28078,"Young, Jack",Bachelors,Management
7923,17082,28081,"Watson, Paige",Bachelors,Management
7924,17083,28082,"Peterson, Nathaniel",Bachelors,Management
7925,17084,28083,"Foster, Kaitlyn",Graduate Degree,Management
7926,17085,28084,"McDonald, Cameron",Graduate Degree,Management
7927,17086,28085,"Evans, Jeremiah",High School,Skilled Manual
7928,17087,28086,"Anand, Bridget",Partial College,Skilled Manual
7929,17088,28087,"Simmons, Maria",Partial College,Skilled Manual
7930,17089,28088,"Lal, Marshall",Partial College,Skilled Manual
7931,17090,28089,"Campbell, Xavier",Partial College,Skilled Manual
7932,17091,28090,"Walker, Edward",Partial College,Skilled Manual
7933,17094,28093,"Kumar, Brad",Partial College,Skilled Manual
7934,17095,28094,"Peterson, Melanie",Partial College,Skilled Manual
7935,17096,28095,"Bryant, Natalie",Partial College,Skilled Manual
7936,17097,28096,"Stewart, Alexandra",Partial College,Skilled Manual
7937,17098,28097,"Barnes, Jennifer",Partial College,Skilled Manual
7938,17100,28099,"Turner, Jesse",Partial College,Skilled Manual
7939,17101,28100,"Gray, Kimberly",Partial College,Skilled Manual
7940,17105,28104,"Williams, Hannah",Partial College,Skilled Manual
7941,17106,28105,"Garcia, Hannah",Partial College,Skilled Manual
7942,17107,28106,"Williams, Chloe",Partial College,Skilled Manual
7943,17113,28112,"Evans, Savannah",Partial College,Skilled Manual
7944,17123,28122,"King, Gabriel",High School,Skilled Manual
7945,17124,28123,"Ortega, Daisy",High School,Skilled Manual
7946,17125,28124,"Kelly, Mackenzie",High School,Skilled Manual
7947,17126,28125,"Jackson, Dalton",Partial College,Skilled Manual
7948,17127,28126,"Johnson, Anna",Partial College,Skilled Manual
7949,17128,28127,"Price, Fernando",Partial College,Skilled Manual
7950,17129,28128,"Lee, Jeremiah",High School,Skilled Manual
7951,17132,28131,"Zhu, Todd",Partial College,Professional
7952,17143,28142,"Lin, Willie",High School,Professional
7953,17144,28143,"Gonzalez, Samuel",Partial College,Professional
7954,17145,28144,"Phillips, Noah",Partial College,Professional
7955,17146,28145,"Jones, Brandon",Partial College,Professional
7956,17147,28146,"Washington, Gavin",Graduate Degree,Management
7957,17148,28147,"Black, Omar",Bachelors,Skilled Manual
7958,17149,28148,"Zhao, Jon",Bachelors,Skilled Manual
7959,17150,28149,"Miller, William",Bachelors,Skilled Manual
7960,17151,28150,"Chen, Connor",Bachelors,Skilled Manual
7961,17152,28151,"Walker, Katherine",Bachelors,Professional
7962,17153,28152,"Rivera, Ian",Bachelors,Professional
7963,17155,28154,"Patterson, Katherine",Bachelors,Professional
7964,17156,28155,"Watson, Taylor",Bachelors,Professional
7965,17157,28156,"Hall, Gabrielle",Bachelors,Professional
7966,17159,28158,"Luo, Clarence",Bachelors,Professional
7967,17160,28159,"Yang, Tamara",Bachelors,Professional
7968,17163,28162,"Ward, Bruce",Partial College,Skilled Manual
7969,17164,28163,"Washington, Rachel",Partial College,Skilled Manual
7970,17165,28164,"Coleman, Gabrielle",Partial College,Skilled Manual
7971,17167,28166,"Coleman, Cassidy",High School,Skilled Manual
7972,17168,28167,"Hughes, Samuel",Partial College,Skilled Manual
7973,17169,28168,"Ward, Jacqueline",Partial College,Skilled Manual
7974,17171,28170,"Johnson, Isabella",Partial College,Skilled Manual
7975,17172,28171,"Henderson, Aidan",Partial College,Skilled Manual
7976,17173,28172,"Moore, Charles",Partial College,Skilled Manual
7977,17175,28174,"Subram, Marco",High School,Skilled Manual
7978,17176,28175,"Subram, Clifford",High School,Skilled Manual
7979,17180,28179,"Alvarez, Billy",Partial College,Skilled Manual
7980,17181,28180,"Chander, Jerry",Partial College,Skilled Manual
7981,17182,28181,"Rodriguez, Katherine",Partial College,Skilled Manual
7982,17183,28182,"Turner, Fernando",Partial College,Skilled Manual
7983,17184,28183,"Howard, Nicole",Partial College,Skilled Manual
7984,17185,28184,"Russell, Madison",Partial College,Skilled Manual
7985,17186,28185,"Alexander, Eric",Partial College,Skilled Manual
7986,17187,28186,"Wagner, Jenny",Partial College,Skilled Manual
7987,17188,28187,"Chen, Aaron",Bachelors,Professional
7988,17189,28188,"Price, Kayla",Bachelors,Professional
7989,17191,28190,"Cook, Kimberly",Graduate Degree,Professional
7990,17192,28191,"Long, Mya",Graduate Degree,Professional
7991,17193,28192,"Sanchez, Abigail",Graduate Degree,Professional
7992,17194,28193,"Davis, Taylor",Graduate Degree,Professional
7993,17195,28194,"Garcia, Lydia",Graduate Degree,Professional
7994,17197,28196,"Cox, Timothy",Partial College,Skilled Manual
7995,17200,28199,"Jones, Alyssa",Bachelors,Professional
7996,17201,28200,"Henderson, Morgan",Bachelors,Professional
7997,17222,28221,"Rodriguez, Isabella",High School,Professional
7998,17223,28222,"Lewis, Eduardo",High School,Professional
7999,17224,28223,"Davis, Jessica",High School,Professional
8000,17225,28224,"Henderson, Spencer",Partial College,Professional
8001,17226,28225,"Ross, Robert",Partial College,Professional
8002,17227,28226,"Ramirez, Sebastian",Partial High School,Skilled Manual
8003,17228,28227,"Wang, Caleb",Partial High School,Skilled Manual
8004,17229,28228,"Reed, Gloria",Partial High School,Skilled Manual
8005,17230,28229,"Wilson, Samantha",Partial High School,Skilled Manual
8006,17231,28230,"Morgan, Stephanie",Partial High School,Skilled Manual
8007,17232,28231,"Powell, James",Partial High School,Skilled Manual
8008,17233,28232,"Russell, Gavin",Partial College,Professional
8009,17234,28233,"Richardson, Patrick",Partial College,Professional
8010,17235,28234,"Nelson, Jack",Partial College,Professional
8011,17236,28235,"Rogers, Cole",Bachelors,Management
8012,17237,28236,"Diaz, Isabel",Bachelors,Management
8013,17238,28237,"Foster, Hailey",Bachelors,Management
8014,17239,28238,"Flores, Dalton",Bachelors,Management
8015,17241,28240,"Clark, Eduardo",Partial College,Professional
8016,17242,28241,"King, Charles",Partial College,Professional
8017,17243,28242,"Butler, Madison",Partial College,Professional
8018,17244,28243,"Cook, Marcus",Bachelors,Management
8019,17245,28244,"Davis, Samantha",Bachelors,Management
8020,17247,28246,"Gray, Alexa",Partial College,Professional
8021,17248,28247,"Adams, Jonathan",Partial College,Professional
8022,17250,28249,"Carter, Julia",Partial College,Professional
8023,17251,28250,"Dominguez, Tyrone",Partial College,Professional
8024,17252,28251,"Rubio, Joe",Partial College,Professional
8025,17253,28252,"Murphy, Sydney",Bachelors,Management
8026,17254,28253,"Green, Jeremiah",Bachelors,Management
8027,17256,28255,"Clark, Robert",Partial College,Professional
8028,17257,28256,"Beck, Colin",Partial College,Professional
8029,17258,28257,"Martin, Zachary",Partial College,Professional
8030,17259,28258,"Bryant, Destiny",Bachelors,Management
8031,17260,28259,"Mitchell, Samuel",Bachelors,Management
8032,17263,28262,"Diaz, Destiny",Partial College,Professional
8033,17264,28263,"Lee, Jonathan",Partial College,Professional
8034,17265,28264,"Diaz, Nicole",Partial College,Professional
8035,17266,28265,"Travers, Shirleen",High School,Professional
8036,17267,28266,"Flores, Wyatt",High School,Professional
8037,17268,28267,"Young, Jordan",Partial College,Professional
8038,17269,28268,"Campbell, Jordan",High School,Professional
8039,17270,28269,"Green, Alexandra",Bachelors,Management
8040,17271,28270,"Long, Samuel",High School,Professional
8041,17272,28271,"Gonzalez, Sean",High School,Professional
8042,17274,28273,"Mitchell, Madeline",High School,Professional
8043,17275,28274,"Rodriguez, William",Partial High School,Skilled Manual
8044,17276,28275,"Howard, Ian",Partial High School,Skilled Manual
8045,17277,28276,"Deng, Christy",Partial College,Professional
8046,17278,28277,"Deng, Katrina",Partial College,Professional
8047,17279,28278,"Becker, Jaime",Graduate Degree,Management
8048,17280,28279,"Simmons, Spencer",Graduate Degree,Management
8049,17281,28280,"Powell, Tristan",Graduate Degree,Management
8050,17282,28281,"Cox, Juan",Graduate Degree,Management
8051,17283,28282,"Foster, Cindy",Graduate Degree,Management
8052,17286,28285,"King, Savannah",Partial College,Professional
8053,17287,28286,"Alexander, Destiny",Partial College,Professional
8054,17288,28287,"Bennett, Lauren",Partial College,Professional
8055,17289,28288,"Srini, Marco",Partial College,Professional
8056,17290,28289,"Gonzales, Jack",Partial College,Professional
8057,17292,28291,"Miller, David",Partial High School,Skilled Manual
8058,17294,28293,"Cox, Shelby",Partial High School,Skilled Manual
8059,17295,28294,"Jenkins, Alexis",Partial High School,Skilled Manual
8060,17296,28295,"Collins, Wyatt",Partial High School,Skilled Manual
8061,17297,28296,"Butler, Thomas",Graduate Degree,Management
8062,17298,28297,"Edwards, Gabrielle",Graduate Degree,Management
8063,17299,28298,"Edwards, Maria",Graduate Degree,Management
8064,17300,28299,"Shan, Jonathan",Partial College,Professional
8065,17301,28300,"Bennett, Abigail",High School,Professional
8066,17302,28301,"Long, Jasmine",High School,Professional
8067,17331,28330,"Bailey, Charles",High School,Skilled Manual
8068,17332,28331,"Beck, Colleen",High School,Skilled Manual
8069,17334,28333,"Jimenez, Jaime",High School,Skilled Manual
8070,17335,28334,"Tanara, Marco",High School,Skilled Manual
8071,17336,28335,"Srini, Rebekah",High School,Skilled Manual
8072,17337,28336,"Martin, Edward",High School,Skilled Manual
8073,17338,28337,"Bennett, Melissa",High School,Skilled Manual
8074,17340,28339,"Edwards, Sean",High School,Skilled Manual
8075,17341,28340,"Butler, Lucas",High School,Skilled Manual
8076,17344,28343,"Morgan, Shelby",Partial High School,Clerical
8077,17345,28344,"Zhu, Alvin",Partial High School,Clerical
8078,17346,28345,"Serrano, Diana",High School,Skilled Manual
8079,17348,28347,"Anand, Latoya",High School,Skilled Manual
8080,17356,28355,"James, Carlos",Bachelors,Professional
8081,17357,28356,"Gonzalez, Blake",Bachelors,Skilled Manual
8082,17359,28358,"Powell, Austin",Bachelors,Skilled Manual
8083,17361,28360,"Adams, Isaiah",Bachelors,Skilled Manual
8084,17362,28361,"Wilson, Kayla",Graduate Degree,Professional
8085,17363,28362,"Sanchez, Kaylee",Graduate Degree,Professional
8086,17370,28369,"Moreno, Carolyn",High School,Manual
8087,17375,28374,"Vance, Ruben",Partial High School,Manual
8088,17377,28376,"Chen, Eugene",Bachelors,Clerical
8089,17382,28381,"Tang, Cedric",High School,Manual
8090,17383,28382,"Ortega, Roberto",High School,Manual
8091,17384,28383,"Zhou, Lacey",High School,Manual
8092,17389,28388,"Rowe, Sheila",Partial High School,Manual
8093,17397,28396,"Munoz, Rebekah",Bachelors,Professional
8094,17401,28400,"Anand, Cedric",Partial College,Clerical
8095,17405,28404,"Raman, Whitney",Partial College,Clerical
8096,17406,28405,"Malhotra, Erick",Bachelors,Skilled Manual
8097,17410,28409,"Rai, Bonnie",High School,Manual
8098,17422,28421,"Gonzalez, Monica",Partial College,Clerical
8099,17424,28423,"Ortega, Victor",Partial College,Clerical
8100,17431,28430,"Suarez, Armando",Partial High School,Manual
8101,17433,28432,"Carlson, Bruce",High School,Manual
8102,17435,28434,"Lauer, Brian",Partial College,Clerical
8103,17436,28435,"Liu, Edwin",Partial College,Clerical
8104,17446,28445,"She, Shaun",Partial College,Clerical
8105,17451,28450,"Martin, Nelson",Bachelors,Manual
8106,17454,28453,"Lin, Valerie",Bachelors,Manual
8107,17455,28454,"Simpson, Shawna",Bachelors,Manual
8108,17456,28455,"Sara, Raymond",Bachelors,Manual
8109,17462,28461,"Dominguez, Joe",Partial College,Manual
8110,17466,28465,"Serrano, Wendy",Bachelors,Clerical
8111,17468,28467,"Tang, Tasha",Partial College,Manual
8112,17473,28472,"Ramos, Kellie",Bachelors,Clerical
8113,17490,28489,"Zhu, Jeffery",Partial College,Manual
8114,17491,28490,"Ramos, Krista",Partial College,Manual
8115,17494,28493,"Wilson, Morgan",Graduate Degree,Clerical
8116,17495,28494,"Martinez, Ross",Graduate Degree,Clerical
8117,17498,28497,"Yang, Alvin",Partial College,Manual
8118,17500,28499,"Srini, Lydia",Partial College,Manual
8119,17501,28500,"Gonzalez, Jermaine",Partial College,Manual
8120,17502,28501,"Perez, Gerald",Partial College,Manual
8121,17503,28502,"Jordan, Dominique",Partial College,Manual
8122,17506,28505,"Xie, Barbara",Graduate Degree,Clerical
8123,17508,28507,"Suri, Deanna",Bachelors,Clerical
8124,17510,28509,"Diaz, Audrey",Bachelors,Clerical
8125,17514,28513,"Fernandez, Molly",Partial College,Manual
8126,17519,28518,"Sanchez, Tammy",Bachelors,Clerical
8127,17522,28521,"Tang, Bradley",Graduate Degree,Clerical
8128,17523,28522,"Ma, Rosa",Graduate Degree,Skilled Manual
8129,17529,28528,"Chande, Tasha",Partial College,Manual
8130,17532,28531,"Reed, Jared",Bachelors,Clerical
8131,17539,28538,"Sanz, Jerome",Partial High School,Manual
8132,17544,28543,"Ye, Roger",Partial College,Clerical
8133,17545,28544,"Shan, Nicolas",Partial College,Clerical
8134,17549,28548,"Ortega, Krista",Partial High School,Manual
8135,17555,28554,"Sanders, Natalie",Bachelors,Skilled Manual
8136,17556,28555,"Serrano, Monique",Bachelors,Skilled Manual
8137,17557,28556,"Gonzales, Isabel",Bachelors,Skilled Manual
8138,17559,28558,"Stone, Dawn",Partial High School,Manual
8139,17564,28563,"Cai, Dennis",Partial College,Clerical
8140,17565,28564,"Deng, Alisha",Partial College,Clerical
8141,17566,28565,"Allen, James",Partial High School,Manual
8142,17567,28566,"Sun, Colin",Partial High School,Manual
8143,17569,28568,"Alonso, Daisy",Partial College,Clerical
8144,17572,28571,"Torres, Anna",Partial College,Clerical
8145,17573,28572,"Ye, Jeffery",Partial College,Clerical
8146,17574,28573,"Gill, Tyrone",Partial College,Clerical
8147,17577,28576,"Uppal, Sunil",Graduate Degree,Skilled Manual
8148,17578,28577,"Harris, Austin",Graduate Degree,Skilled Manual
8149,17579,28578,"Rogers, Zoe",Graduate Degree,Skilled Manual
8150,17580,28579,"Ross, Grace",Graduate Degree,Skilled Manual
8151,17581,28580,"Liu, Aimee",Graduate Degree,Skilled Manual
8152,17583,28582,"Hall, Olivia",Partial High School,Clerical
8153,17584,28583,"Long, Ryan",High School,Clerical
8154,17585,28584,"Smith, Rolando",High School,Clerical
8155,17586,28585,"Russell, Julian",High School,Clerical
8156,17587,28586,"Diaz, Gabriel",Partial College,Clerical
8157,17588,28587,"Harris, Xavier",Partial College,Clerical
8158,17589,28588,"Griffin, Emma",Partial College,Clerical
8159,17591,28590,"Jai, Gabriel",Partial High School,Clerical
8160,17592,28591,"Collins, Mary",Partial High School,Clerical
8161,17593,28592,"Johnson, Alyssa",Partial High School,Clerical
8162,17594,28593,"Peterson, Faith",Partial High School,Clerical
8163,17595,28594,"Cooper, Sydney",Partial High School,Clerical
8164,17596,28595,"James, Xavier",Partial High School,Clerical
8165,17597,28596,"Butler, Haley",Partial High School,Clerical
8166,17598,28597,"Harris, Brianna",Partial High School,Clerical
8167,17599,28598,"Russell, Wyatt",High School,Clerical
8168,17600,28599,"Perry, Stephanie",High School,Clerical
8169,17602,28601,"Gonzales, Christian",High School,Clerical
8170,17604,28603,"Bell, Brian",Partial High School,Clerical
8171,17605,28604,"James, Allison",Partial High School,Clerical
8172,17606,28605,"Coleman, Caleb",Partial High School,Clerical
8173,17607,28606,"Wilson, Joshua",Partial High School,Clerical
8174,17608,28607,"Sharma, Hunter",Partial High School,Clerical
8175,17610,28609,"Harris, Jose",High School,Skilled Manual
8176,17611,28610,"Bailey, Jacqueline",High School,Skilled Manual
8177,17612,28611,"Alexander, Christian",High School,Skilled Manual
8178,17613,28612,"Roberts, Gabriel",High School,Skilled Manual
8179,17614,28613,"Campbell, James",High School,Skilled Manual
8180,17615,28614,"Jenkins, Luis",Partial High School,Clerical
8181,17616,28615,"Flores, Jonathan",Partial High School,Clerical
8182,17617,28616,"Harris, Sarah",High School,Skilled Manual
8183,17618,28617,"Davis, Noah",High School,Skilled Manual
8184,17619,28618,"Bailey, Katelyn",High School,Skilled Manual
8185,17620,28619,"Bailey, Brianna",High School,Skilled Manual
8186,17622,28621,"Liu, Kristen",Partial College,Clerical
8187,17623,28622,"Cooper, Julia",Partial College,Clerical
8188,17624,28623,"Turner, Marcus",Partial College,Clerical
8189,17626,28625,"Griffin, Logan",Partial College,Clerical
8190,17628,28627,"Collins, Edward",Partial College,Clerical
8191,17629,28628,"Phillips, Courtney",Partial College,Clerical
8192,17630,28629,"Madan, Cynthia",Partial College,Clerical
8193,17633,28632,"Nath, Kathryn",Graduate Degree,Skilled Manual
8194,17634,28633,"Howard, Christina",Graduate Degree,Skilled Manual
8195,17635,28634,"Mitchell, Nathan",Graduate Degree,Skilled Manual
8196,17636,28635,"Gonzalez, Levi",Graduate Degree,Skilled Manual
8197,17637,28636,"Bryant, Victoria",Graduate Degree,Skilled Manual
8198,17638,28637,"Lee, Brandon",Graduate Degree,Skilled Manual
8199,17639,28638,"Thompson, Alexandra",Graduate Degree,Skilled Manual
8200,17640,28639,"Morgan, Jacqueline",Graduate Degree,Skilled Manual
8201,17642,28641,"Butler, Brittany",Graduate Degree,Skilled Manual
8202,17643,28642,"Ward, Lauren",Graduate Degree,Skilled Manual
8203,17644,28643,"Gray, Xavier",Graduate Degree,Skilled Manual
8204,17645,28644,"Chow, Martha",Graduate Degree,Skilled Manual
8205,17646,28645,"Fernandez, Martin",Graduate Degree,Skilled Manual
8206,17650,28649,"Martinez, Nathan",Graduate Degree,Skilled Manual
8207,17652,28651,"Brown, Lauren",Bachelors,Skilled Manual
8208,17654,28653,"Williams, Grace",Bachelors,Skilled Manual
8209,17655,28654,"Nelson, Miguel",Graduate Degree,Professional
8210,17656,28655,"Smith, Devin",Bachelors,Skilled Manual
8211,17658,28657,"Hayes, Ryan",Bachelors,Skilled Manual
8212,17659,28658,"Bailey, Jasmine",Bachelors,Skilled Manual
8213,17661,28660,"Anderson, Justin",Graduate Degree,Professional
8214,17662,28661,"Ward, Dalton",Graduate Degree,Professional
8215,17663,28662,"Murphy, Isaiah",Graduate Degree,Professional
8216,17665,28664,"Sharma, Ashlee",Bachelors,Skilled Manual
8217,17666,28665,"Anand, Donna",Bachelors,Skilled Manual
8218,17667,28666,"Zhu, Kelvin",Bachelors,Skilled Manual
8219,17668,28667,"Williams, Devin",Bachelors,Skilled Manual
8220,17671,28670,"Gonzales, Julia",Graduate Degree,Professional
8221,17672,28671,"Russell, Gabrielle",Graduate Degree,Professional
8222,17673,28672,"Johnson, Blake",Graduate Degree,Professional
8223,17674,28673,"Reed, Arianna",Graduate Degree,Professional
8224,17675,28674,"Yang, Nathan",Graduate Degree,Professional
8225,17676,28675,"Mitchell, Angel",Bachelors,Skilled Manual
8226,17677,28676,"Bailey, Alex",Bachelors,Skilled Manual
8227,17678,28677,"Tang, Damien",Bachelors,Skilled Manual
8228,17679,28678,"Adams, Ben",Bachelors,Skilled Manual
8229,17680,28679,"Bryant, Julian",Graduate Degree,Professional
8230,17681,28680,"Brown, Hannah",Graduate Degree,Professional
8231,17682,28681,"Johnson, Victoria",Graduate Degree,Professional
8232,17683,28682,"Perry, Cassidy",Graduate Degree,Professional
8233,17685,28684,"Saunders, Kristi",High School,Manual
8234,17687,28686,"Jai, Sheena",High School,Manual
8235,17688,28687,"Gutierrez, Javier",High School,Manual
8236,17689,28688,"Ye, Margaret",Bachelors,Clerical
8237,17692,28691,"Andersen, Alejandro",Bachelors,Clerical
8238,17699,28698,"Madan, Kristina",Partial College,Manual
8239,17700,28699,"Lu, Leah",Bachelors,Clerical
8240,17701,28700,"Garcia, Summer",Graduate Degree,Clerical
8241,17702,28701,"Gill, Felicia",Graduate Degree,Clerical
8242,17703,28702,"Martin, Danny",Graduate Degree,Skilled Manual
8243,17706,28705,"Powell, Ashley",Partial College,Manual
8244,17707,28706,"Ashe, Reginald",Partial College,Manual
8245,17711,28710,"Vazquez, Tyrone",High School,Manual
8246,17727,28726,"Liang, Kelli",Partial High School,Manual
8247,17742,28741,"Dominguez, Bruce",Bachelors,Skilled Manual
8248,17745,28744,"Xu, Jenny",High School,Manual
8249,17753,28752,"Subram, Andre",Partial College,Clerical
8250,17755,28754,"Nara, Chad",Partial High School,Manual
8251,17761,28760,"Hall, Lucas",Partial College,Clerical
8252,17762,28761,"Campbell, Robert",Partial College,Clerical
8253,17763,28762,"Henderson, Aaron",Partial College,Clerical
8254,17764,28763,"Pal, Mohamed",Partial College,Clerical
8255,17765,28764,"Rubio, Frank",Partial College,Clerical
8256,17766,28765,"Gonzales, Abigail",Graduate Degree,Skilled Manual
8257,17769,28768,"Rodriguez, Emmanuel",Graduate Degree,Skilled Manual
8258,17770,28769,"Foster, Brianna",Graduate Degree,Skilled Manual
8259,17771,28770,"James, Sebastian",Graduate Degree,Skilled Manual
8260,17773,28772,"Hughes, Eric",High School,Clerical
8261,17774,28773,"Malhotra, Gerald",High School,Clerical
8262,17775,28774,"Rowe, Latasha",High School,Clerical
8263,17776,28775,"Anderson, Morgan",Partial College,Clerical
8264,17777,28776,"Morris, Abigail",Partial High School,Clerical
8265,17778,28777,"Wood, Brittany",Partial High School,Clerical
8266,17781,28780,"Griffin, Melissa",Partial High School,Clerical
8267,17782,28781,"Collins, Alex",Partial High School,Clerical
8268,17783,28782,"Howard, Cody",High School,Skilled Manual
8269,17784,28783,"Rivera, Makayla",Partial High School,Clerical
8270,17785,28784,"Gomez, Briana",Partial High School,Clerical
8271,17786,28785,"Foster, Jose",Partial High School,Clerical
8272,17787,28786,"Prasad, Erick",Partial High School,Clerical
8273,17788,28787,"Wood, Gabrielle",Partial High School,Clerical
8274,17789,28788,"Martinez, Dominique",High School,Skilled Manual
8275,17790,28789,"Zhang, Elijah",High School,Skilled Manual
8276,17791,28790,"Howard, Seth",High School,Skilled Manual
8277,17792,28791,"Johnston, Richard",Partial College,Clerical
8278,17793,28792,"Stone, Henry",Partial College,Clerical
8279,17794,28793,"Jackson, Alexander",Partial College,Clerical
8280,17795,28794,"Cooper, Juan",Partial College,Clerical
8281,17796,28795,"Allen, Jesse",Partial College,Clerical
8282,17797,28796,"Coleman, Cameron",Partial College,Clerical
8283,17798,28797,"Wood, Alexandra",Partial College,Clerical
8284,17800,28799,"Nelson, Amber",Partial College,Clerical
8285,17801,28800,"Sanchez, Mason",Partial College,Clerical
8286,17802,28801,"Hall, Katelyn",Graduate Degree,Skilled Manual
8287,17804,28803,"Edwards, Gabriella",Graduate Degree,Skilled Manual
8288,17805,28804,"Allen, Wyatt",Graduate Degree,Skilled Manual
8289,17806,28805,"Bennett, Marissa",Graduate Degree,Skilled Manual
8290,17807,28806,"Hernandez, Randall",Graduate Degree,Skilled Manual
8291,17816,28815,"James, Lauren",Graduate Degree,Skilled Manual
8292,17817,28816,"Cox, Jessica",Graduate Degree,Skilled Manual
8293,17821,28820,"Alvarez, Naomi",Bachelors,Skilled Manual
8294,17822,28821,"Jackson, Blake",Bachelors,Skilled Manual
8295,17823,28822,"Alexander, Amanda",Bachelors,Skilled Manual
8296,17824,28823,"Brown, Xavier",Graduate Degree,Skilled Manual
8297,17825,28824,"Gonzales, Brandon",Graduate Degree,Skilled Manual
8298,17826,28825,"Hernandez, Caleb",Graduate Degree,Skilled Manual
8299,17827,28826,"Sharma, Jack",Graduate Degree,Skilled Manual
8300,17828,28827,"Robinson, Joshua",Graduate Degree,Professional
8301,17829,28828,"Murphy, Andrea",Graduate Degree,Professional
8302,17830,28829,"Bryant, Robert",Bachelors,Skilled Manual
8303,17831,28830,"Smith, Matthew",Bachelors,Skilled Manual
8304,17832,28831,"Harris, Elizabeth",Bachelors,Skilled Manual
8305,17834,28833,"Harris, Abigail",Bachelors,Skilled Manual
8306,17836,28835,"Phillips, Elijah",Bachelors,Skilled Manual
8307,17839,28838,"Ross, Jasmine",Graduate Degree,Professional
8308,17840,28839,"Parker, Connor",Graduate Degree,Professional
8309,17841,28840,"Harrison, Valerie",Graduate Degree,Professional
8310,17842,28841,"Gonzales, Samuel",Graduate Degree,Professional
8311,17843,28842,"Bailey, Nicole",Graduate Degree,Professional
8312,17857,28856,"Wang, Luke",Bachelors,Skilled Manual
8313,17858,28857,"Johnson, Matthew",Bachelors,Skilled Manual
8314,17859,28858,"Hughes, Aidan",Bachelors,Skilled Manual
8315,17860,28859,"Cai, Micah",Bachelors,Skilled Manual
8316,17861,28860,"Anderson, Ian",Graduate Degree,Professional
8317,17862,28861,"Walker, Alexandra",High School,Skilled Manual
8318,17863,28862,"Ramirez, Catherine",High School,Skilled Manual
8319,17864,28863,"Bell, Allison",Partial College,Skilled Manual
8320,17865,28864,"Murphy, Natalie",Partial College,Skilled Manual
8321,17866,28865,"Reed, Alex",Partial College,Skilled Manual
8322,17867,28866,"Adams, Aaron",Partial College,Skilled Manual
8323,17868,28867,"Martinez, Natalie",Partial College,Skilled Manual
8324,17869,28868,"Chen, Jason",Partial College,Skilled Manual
8325,17870,28869,"Howard, Isabella",Partial College,Skilled Manual
8326,17871,28870,"Watson, Brian",Partial College,Skilled Manual
8327,17872,28871,"West, Jasmine",Partial College,Skilled Manual
8328,17874,28873,"Deng, Roger",Partial College,Professional
8329,17875,28874,"Brooks, Alexa",Partial College,Professional
8330,17877,28876,"Garcia, Austin",Partial College,Professional
8331,17888,28887,"Serrano, Casey",Partial High School,Professional
8332,17890,28889,"Beck, Alison",Bachelors,Management
8333,17891,28890,"Ma, Jaclyn",Partial College,Professional
8334,17896,28895,"Luo, Mitchell",Bachelors,Management
8335,17901,28900,"Price, Jasmine",Bachelors,Management
8336,17902,28901,"Hee, Martha",Bachelors,Management
8337,17903,28902,"She, Suzanne",Bachelors,Management
8338,17921,28920,"Alvarez, Renée",High School,Management
8339,17966,28965,"Morris, Trinity",High School,Professional
8340,17967,28966,"Li, Martha",High School,Professional
8341,17968,28967,"Morris, Jessica",High School,Professional
8342,17969,28968,"Morgan, Marcus",High School,Professional
8343,17970,28969,"Flores, Eduardo",High School,Professional
8344,17971,28970,"Peterson, Danielle",Graduate Degree,Management
8345,17972,28971,"Shan, Jason",Graduate Degree,Management
8346,17973,28972,"Bennett, Taylor",Graduate Degree,Management
8347,17974,28973,"Cooper, Bryan",Graduate Degree,Management
8348,17975,28974,"Hayes, Kelly",Graduate Degree,Management
8349,17976,28975,"Gill, Walter",High School,Professional
8350,17978,28977,"Nelson, Carlos",Bachelors,Management
8351,17979,28978,"Watson, Alexandria",Bachelors,Management
8352,17980,28979,"Williams, Matthew",Bachelors,Management
8353,17981,28980,"Watson, Alyssa",Bachelors,Management
8354,17982,28981,"Jai, Luke",Graduate Degree,Management
8355,17983,28982,"Watson, Sydney",Bachelors,Management
8356,17984,28983,"Lopez, Sean",Bachelors,Management
8357,17985,28984,"Cox, Katherine",Bachelors,Management
8358,17986,28985,"Taylor, Andrew",Bachelors,Management
8359,17988,28987,"Harris, Jessica",Bachelors,Management
8360,17989,28988,"Perez, Harold",Partial High School,Clerical
8361,17990,28989,"Cox, Angela",Partial High School,Clerical
8362,17991,28990,"Raman, Ann",Partial High School,Clerical
8363,17992,28991,"Ward, Timothy",High School,Professional
8364,17994,28993,"Perry, Destiny",Partial High School,Clerical
8365,17995,28994,"Hayes, Noah",High School,Professional
8366,17996,28995,"Wright, Alexandra",High School,Professional
8367,17998,28997,"Carlson, Hector",High School,Professional
8368,17999,28998,"Rodriguez, Kristina",High School,Professional
8369,18000,28999,"Martinez, Edward",Bachelors,Management
8370,18001,29000,"Baker, Nathan",Bachelors,Management
8371,18003,29002,"Walker, Hannah",Partial College,Professional
8372,18004,29003,"Perez, Veronica",Partial College,Professional
8373,18005,29004,"Thomas, Andrew",Bachelors,Management
8374,18007,29006,"Kumar, Christian",Partial College,Professional
8375,18008,29007,"Perry, Elijah",Partial College,Professional
8376,18009,29008,"Luo, Andres",Bachelors,Management
8377,18010,29009,"Arun, Stanley",Bachelors,Management
8378,18011,29010,"Long, Jennifer",Bachelors,Management
8379,18012,29011,"Roberts, Allison",Partial College,Professional
8380,18015,29014,"Powell, Ryan",Partial College,Professional
8381,18016,29015,"Murphy, Trinity",Partial College,Professional
8382,18017,29016,"Perez, Jackson",Partial College,Professional
8383,18018,29017,"Long, Gabriel",High School,Professional
8384,18019,29018,"Luo, Drew",Partial College,Professional
8385,18020,29019,"Morris, Isaiah",Partial College,Professional
8386,18021,29020,"Young, Jackson",Bachelors,Management
8387,18023,29022,"Diaz, Sydney",High School,Professional
8388,18024,29023,"Campbell, Dalton",Partial College,Professional
8389,18025,29024,"Blanco, Deanna",Partial College,Professional
8390,18026,29025,"Hayes, Miguel",Partial College,Professional
8391,18027,29026,"Mitchell, Sydney",Partial High School,Skilled Manual
8392,18029,29028,"Parker, Samuel",Partial High School,Skilled Manual
8393,18030,29029,"Bennett, Marcus",Partial High School,Skilled Manual
8394,18031,29030,"Adams, Jeremy",Partial High School,Skilled Manual
8395,18032,29031,"Chen, Brandon",Partial High School,Skilled Manual
8396,18033,29032,"Ramirez, Taylor",Partial High School,Skilled Manual
8397,18034,29033,"Cooper, Natalie",High School,Professional
8398,18035,29034,"Patterson, Jonathan",High School,Professional
8399,18036,29035,"Scott, Elijah",Partial High School,Skilled Manual
8400,18037,29036,"Baker, Rebecca",Partial High School,Skilled Manual
8401,18039,29038,"Hughes, Vanessa",Graduate Degree,Professional
8402,18040,29039,"Hayes, Xavier",Graduate Degree,Professional
8403,18041,29040,"Liu, Colleen",Graduate Degree,Professional
8404,18045,29044,"Wilson, Olivia",Bachelors,Management
8405,18046,29045,"Jones, Anna",Graduate Degree,Management
8406,18047,29046,"Richardson, Gabriella",Bachelors,Management
8407,18049,29048,"Harris, William",Bachelors,Management
8408,18050,29049,"Simmons, Kelly",High School,Skilled Manual
8409,18051,29050,"Russell, Jack",Partial College,Skilled Manual
8410,18052,29051,"She, Michele",Partial College,Skilled Manual
8411,18053,29052,"Peterson, Ian",Partial College,Skilled Manual
8412,18057,29056,"Griffin, Angelica",Partial College,Skilled Manual
8413,18058,29057,"Andersen, Latoya",Partial College,Skilled Manual
8414,18059,29058,"Reed, Olivia",Partial College,Skilled Manual
8415,18060,29059,"Perry, Jocelyn",Partial College,Skilled Manual
8416,18061,29060,"Washington, David",Partial College,Skilled Manual
8417,18071,29070,"Simmons, Arianna",Partial College,Skilled Manual
8418,18074,29073,"Barnes, Melanie",Bachelors,Professional
8419,18075,29074,"Long, Joan",Partial College,Skilled Manual
8420,18076,29075,"Wright, Jack",Partial College,Skilled Manual
8421,18077,29076,"Miller, Megan",Partial College,Skilled Manual
8422,18078,29077,"Henderson, Blake",Partial College,Skilled Manual
8423,18079,29078,"Sanders, Victoria",Partial College,Skilled Manual
8424,18080,29079,"Rogers, Brian",Partial College,Skilled Manual
8425,18090,29089,"Henderson, Noah",Bachelors,Professional
8426,18106,29105,"Ma, Martha",High School,Skilled Manual
8427,18107,29106,"Beck, Calvin",High School,Skilled Manual
8428,18108,29107,"Luo, Tonya",High School,Skilled Manual
8429,18109,29108,"Evans, Seth",Partial College,Skilled Manual
8430,18110,29109,"Miller, Elizabeth",High School,Skilled Manual
8431,18111,29110,"Smith, Sydney",Partial College,Skilled Manual
8432,18112,29111,"Anand, Dale",Partial College,Professional
8433,18113,29112,"Powell, Edward",Partial College,Professional
8434,18126,29125,"Reed, Andrea",Partial College,Professional
8435,18127,29126,"Cox, Chloe",Partial College,Professional
8436,18128,29127,"Murphy, Bryan",Bachelors,Management
8437,18129,29128,"Reed, Alyssa",Graduate Degree,Management
8438,18130,29129,"Watson, Timothy",Graduate Degree,Management
8439,18132,29131,"Coleman, Brandon",Bachelors,Professional
8440,18133,29132,"Cook, Brianna",Bachelors,Professional
8441,18134,29133,"King, Sydney",Bachelors,Skilled Manual
8442,18135,29134,"Dominguez, Pedro",Bachelors,Skilled Manual
8443,18137,29136,"Bryant, Caroline",Bachelors,Skilled Manual
8444,18139,29138,"Wood, Eduardo",Bachelors,Professional
8445,18140,29139,"Coleman, Riley",Graduate Degree,Professional
8446,18141,29140,"Ward, Richard",Graduate Degree,Professional
8447,18142,29141,"Wang, Suzanne",Bachelors,Professional
8448,18143,29142,"Smith, Ashley",Bachelors,Professional
8449,18144,29143,"Jenkins, Grace",Bachelors,Professional
8450,18145,29144,"Zhang, Brandon",Partial College,Skilled Manual
8451,18146,29145,"Gray, Shelby",Partial College,Skilled Manual
8452,18147,29146,"Henderson, Ian",Partial College,Skilled Manual
8453,18148,29147,"Roberts, Mary",High School,Skilled Manual
8454,18149,29148,"Murphy, Gabriella",High School,Skilled Manual
8455,18151,29150,"Griffin, Wyatt",Partial College,Skilled Manual
8456,18152,29151,"Long, Caroline",Partial College,Skilled Manual
8457,18154,29153,"Arun, Pedro",Bachelors,Professional
8458,18156,29155,"Kelly, Gabriella",Partial College,Skilled Manual
8459,18157,29156,"Barnes, Ashley",Graduate Degree,Professional
8460,18158,29157,"Powell, Seth",Graduate Degree,Professional
8461,18159,29158,"Edwards, Ian",Partial College,Skilled Manual
8462,18161,29160,"Baker, Logan",Bachelors,Professional
8463,18162,29161,"Martinez, Thomas",Bachelors,Professional
8464,18163,29162,"Murphy, Xavier",Bachelors,Professional
8465,18164,29163,"Murphy, Mason",Bachelors,Professional
8466,18165,29164,"James, Jennifer",Bachelors,Professional
8467,18167,29166,"Hernandez, Jaime",Graduate Degree,Professional
8468,18168,29167,"Shen, Dawn",Graduate Degree,Professional
8469,18169,29168,"Romero, Derrick",Graduate Degree,Professional
8470,18170,29169,"Bailey, Victoria",Bachelors,Professional
8471,18171,29170,"Adams, Alexandra",Bachelors,Professional
8472,18172,29171,"Alvarez, Jay",Graduate Degree,Professional
8473,18173,29172,"Carson, Arturo",Bachelors,Professional
8474,18174,29173,"Bradley, Richard",Bachelors,Professional
8475,18175,29174,"Parker, Richard",Graduate Degree,Professional
8476,18176,29175,"Rivera, Sean",Graduate Degree,Professional
8477,18178,29177,"Martin, Frank",Graduate Degree,Management
8478,18199,29198,"Ramirez, Faith",Partial High School,Skilled Manual
8479,18200,29199,"Wilson, James",Partial High School,Skilled Manual
8480,18201,29200,"Collins, Jackson",High School,Professional
8481,18202,29201,"Jai, Kara",Partial College,Professional
8482,18203,29202,"Kumar, Jerry",Partial College,Professional
8483,18204,29203,"Hu, Laura",Partial College,Professional
8484,18205,29204,"Sharma, Austin",Partial College,Professional
8485,18206,29205,"Long, David",Partial High School,Skilled Manual
8486,18207,29206,"Anderson, Nicholas",Partial High School,Skilled Manual
8487,18208,29207,"James, Katelyn",High School,Professional
8488,18209,29208,"Lopez, Amber",High School,Professional
8489,18211,29210,"Peterson, Devin",Bachelors,Management
8490,18212,29211,"Ross, Stephanie",Bachelors,Management
8491,18213,29212,"Gonzales, Jocelyn",Bachelors,Management
8492,18216,29215,"Barnes, Abigail",Partial College,Professional
8493,18217,29216,"Wood, Antonio",Partial College,Professional
8494,18218,29217,"Wilson, Alexis",Partial College,Professional
8495,18219,29218,"Moore, Brandon",Partial College,Professional
8496,18220,29219,"Arun, Darren",Graduate Degree,Management
8497,18221,29220,"Ramos, Melinda",Graduate Degree,Management
8498,18222,29221,"Bennett, Kelly",Bachelors,Management
8499,18223,29222,"Perez, Evan",Bachelors,Management
8500,18224,29223,"Phillips, Angel",Partial College,Professional
8501,18225,29224,"Bailey, Kaylee",Partial College,Professional
8502,18226,29225,"Lee, Matthew",Partial College,Professional
8503,18227,29226,"Lee, Katherine",Graduate Degree,Management
8504,18228,29227,"Patel, Levi",Graduate Degree,Management
8505,18229,29228,"Campbell, Courtney",Graduate Degree,Management
8506,18233,29232,"Simmons, Samantha",Partial College,Professional
8507,18234,29233,"Sanders, Caitlin",Partial College,Professional
8508,18235,29234,"Lopez, Kevin",Bachelors,Management
8509,18236,29235,"Rogers, Isaiah",Partial College,Professional
8510,18237,29236,"Young, Eric",Partial College,Professional
8511,18238,29237,"Jenkins, Jennifer",Partial College,Professional
8512,18239,29238,"Powell, Xavier",Partial College,Professional
8513,18240,29239,"Miller, Samantha",Partial College,Professional
8514,18242,29241,"Evans, Sophia",Partial College,Professional
8515,18243,29242,"Thomas, Blake",Partial College,Professional
8516,18244,29243,"Torres, Jared",Bachelors,Management
8517,18245,29244,"Ross, Eric",Bachelors,Management
8518,18246,29245,"Roberts, Angel",Bachelors,Management
8519,18247,29246,"Williams, Thomas",Bachelors,Management
8520,18249,29248,"Martin, Jonathan",High School,Professional
8521,18250,29249,"Long, Austin",High School,Professional
8522,18251,29250,"Williams, Anthony",Partial College,Professional
8523,18252,29251,"Zhou, Mandy",Bachelors,Management
8524,18253,29252,"Parker, Alex",Bachelors,Management
8525,18254,29253,"Green, Savannah",Bachelors,Management
8526,18255,29254,"Sanchez, Erin",High School,Professional
8527,18256,29255,"Washington, Kyle",Partial College,Professional
8528,18258,29257,"Russell, Jeremiah",High School,Professional
8529,18259,29258,"James, Makayla",High School,Professional
8530,18261,29260,"Carlson, Ricky",Graduate Degree,Management
8531,18262,29261,"Turner, Robert",Graduate Degree,Management
8532,18263,29262,"Raje, Cassie",Graduate Degree,Management
8533,18264,29263,"Li, Nathan",Graduate Degree,Management
8534,18265,29264,"Brooks, Riley",Bachelors,Management
8535,18266,29265,"Diaz, Marissa",Bachelors,Management
8536,18269,29268,"Thomas, Marcus",High School,Professional
8537,18270,29269,"Griffin, Vanessa",High School,Professional
8538,18271,29270,"Allen, Carlos",Partial College,Professional
8539,18272,29271,"Henderson, Antonio",Partial College,Professional
8540,18273,29272,"King, Alex",Partial College,Professional
8541,18274,29273,"Lopez, Timothy",Partial College,Professional
8542,18275,29274,"Green, Miguel",High School,Professional
8543,18276,29275,"Thomas, Taylor",Graduate Degree,Management
8544,18277,29276,"Flores, Sydney",Graduate Degree,Management
8545,18279,29278,"Scott, Janet",Graduate Degree,Management
8546,18280,29279,"Turner, Hailey",Graduate Degree,Management
8547,18281,29280,"Cook, Erin",Partial College,Professional
8548,18284,29283,"Smith, Jeff",High School,Professional
8549,18285,29284,"Hughes, Riley",High School,Professional
8550,18286,29285,"Adams, Thomas",High School,Professional
8551,18323,29322,"Alexander, Gavin",High School,Skilled Manual
8552,18325,29324,"Williams, Kayla",High School,Skilled Manual
8553,18326,29325,"Thomas, Cameron",High School,Skilled Manual
8554,18327,29326,"Diaz, Victoria",High School,Skilled Manual
8555,18328,29327,"Chandra, Allen",High School,Skilled Manual
8556,18329,29328,"Alexander, Jason",High School,Skilled Manual
8557,18330,29329,"Campbell, Lucas",High School,Skilled Manual
8558,18331,29330,"Ward, Alexa",High School,Skilled Manual
8559,18335,29334,"Howard, Paige",Partial High School,Clerical
8560,18336,29335,"Bryant, Justin",Partial High School,Clerical
8561,18349,29348,"Bryant, Miguel",Bachelors,Skilled Manual
8562,18350,29349,"Bryant, Gabrielle",Bachelors,Skilled Manual
8563,18351,29350,"Thompson, Julia",Bachelors,Skilled Manual
8564,18353,29352,"Gonzalez, Lydia",Bachelors,Skilled Manual
8565,18354,29353,"Gomez, Orlando",Bachelors,Skilled Manual
8566,18355,29354,"Edwards, Isaiah",Graduate Degree,Professional
8567,18356,29355,"Fernandez, Virginia",Graduate Degree,Clerical
8568,18357,29356,"Diaz, Casey",Graduate Degree,Clerical
8569,18363,29362,"Chandra, Emmanuel",Partial College,Manual
8570,18364,29363,"Jai, Cristina",Partial College,Manual
8571,18366,29365,"Carlson, Cheryl",High School,Manual
8572,18371,29370,"Kelly, Mason",Bachelors,Clerical
8573,18372,29371,"Walker, Matthew",High School,Manual
8574,18375,29374,"Sai, Shane",High School,Manual
8575,18376,29375,"Malhotra, Sergio",High School,Manual
8576,18378,29377,"Carlson, Rebekah",Bachelors,Skilled Manual
8577,18382,29381,"Shen, Melvin",High School,Manual
8578,18386,29385,"Lal, Don",High School,Manual
8579,18392,29391,"Chandra, Ebony",Bachelors,Professional
8580,18395,29394,"Torres, Raquel",Partial College,Clerical
8581,18397,29396,"Zeng, Arturo",Bachelors,Skilled Manual
8582,18399,29398,"Suri, Bruce",Bachelors,Professional
8583,18400,29399,"Gomez, Janet",Bachelors,Professional
8584,18401,29400,"Browning, Marvin",Bachelors,Skilled Manual
8585,18404,29403,"Romero, Erik",Bachelors,Skilled Manual
8586,18407,29406,"Ward, Melissa",Partial High School,Manual
8587,18410,29409,"Pal, Kelsey",Partial College,Clerical
8588,18411,29410,"Price, Lucas",Partial College,Clerical
8589,18418,29417,"Vazquez, Kellie",Partial High School,Manual
8590,18419,29418,"Sharma, Lindsey",High School,Manual
8591,18425,29424,"Gill, Erik",Partial High School,Manual
8592,18429,29428,"Perez, Kristopher",Partial High School,Manual
8593,18431,29430,"Goel, Donna",Partial College,Clerical
8594,18435,29434,"Yuan, Donna",Bachelors,Manual
8595,18436,29435,"Rodriguez, Stanley",Bachelors,Manual
8596,18437,29436,"Raman, Adriana",Bachelors,Manual
8597,18439,29438,"Fernandez, Terrance",Graduate Degree,Clerical
8598,18441,29440,"Cai, Rafael",Graduate Degree,Clerical
8599,18442,29441,"Patel, Adriana",Graduate Degree,Clerical
8600,18443,29442,"Yuan, Damien",Bachelors,Manual
8601,18447,29446,"Ma, Jamie",Graduate Degree,Clerical
8602,18449,29448,"Yuan, Lindsey",Partial College,Manual
8603,18450,29449,"Chen, Laura",Bachelors,Clerical
8604,18467,29466,"Jimenez, Lance",Bachelors,Clerical
8605,18468,29467,"Mehta, Monica",Graduate Degree,Clerical
8606,18475,29474,"Raje, Jaime",Partial College,Manual
8607,18476,29475,"Ward, Jared",Partial College,Manual
8608,18477,29476,"Bradley, Elizabeth",Partial College,Manual
8609,18482,29481,"Suri, Ivan",Graduate Degree,Clerical
8610,18766,CS434,,,
8611,18774,CS445,,,
8612,18776,CS450,,,
8613,18777,CS451,,,
8614,18782,CS458,,,
8615,18784,CS461,,,
8616,18785,CS462,,,
8617,18786,CS463,,,
8618,18788,CS465,,,
8619,18791,CS469,,,
8620,18792,CS470,,,
8621,18795,CS479,,,
8622,18796,CS494,,,
8623,18797,CS495,,,
8624,18798,CS500,,,
8625,18799,CS502,,,
8626,18800,CS507,,,
8627,18801,CS508,,,
8628,18802,CS516,,,
8629,18803,CS520,,,
8630,18804,CS522,,,
8631,18806,CS527,,,
8632,18807,CS535,,,
8633,18808,CS536,,,
8634,18809,CS537,,,
8635,18810,CS538,,,
8636,18812,CS547,,,
8637,18813,CS551,,,
8638,18814,CS552,,,
8639,18815,CS559,,,
8640,18816,CS560,,,
8641,18818,CS566,,,
8642,18819,CS570,,,
8643,18821,CS573,,,
8644,18822,CS575,,,
8645,18823,CS578,,,
8646,18824,CS579,,,
8647,18825,CS580,,,
8648,18826,CS581,,,
8649,18827,CS582,,,
8650,18828,CS583,,,
8651,18829,CS584,,,
8652,18830,CS593,,,
8653,18831,CS597,,,
8654,18832,CS600,,,
8655,18833,CS601,,,
8656,18834,CS602,,,
8657,18835,CS603,,,
8658,18836,CS604,,,
8659,18837,CS605,,,
8660,18838,CS606,,,
8661,18839,CS607,,,
8662,18840,CS609,,,
8663,18841,CS610,,,
8664,18842,CS611,,,
8665,18843,CS612,,,
8666,18844,CS614,,,
8667,18845,CS617,,,
8668,18846,CS618,,,
8669,18847,CS619,,,
8670,18848,CS620,,,
8671,18849,CS625,,,
8672,18850,CS627,,,
8673,18851,CS631,,,
8674,18852,CS633,,,
8675,18853,CS642,,,
8676,18854,CS643,,,
8677,18855,CS644,,,
8678,18856,CS645,,,
8679,18857,CS652,,,
8680,18858,CS653,,,
8681,18859,CS658,,,
8682,18860,CS660,,,
8683,18861,CS667,,,
8684,18863,CS670,,,
8685,18864,CS677,,,
8686,18865,CS678,,,
8687,18867,CS686,,,
8688,18868,CS688,,,
8689,18869,CS689,,,
8690,18870,CS690,,,
8691,18871,CS691,,,
8692,18872,CS693,,,
8693,18873,CS694,,,
8694,18876,CS707,,,
8695,18877,CS782,,,
8696,18878,CS783,,,
8697,18879,CS784,,,
8698,18880,CS785,,,
8699,18881,CS786,,,
8700,18882,CS787,,,
8701,18883,CS788,,,
8702,18884,CS789,,,
8703,18885,CS790,,,
8704,18886,CS791,,,
8705,18887,CS794,,,
8706,18888,CS795,,,
8707,18889,CS796,,,
8708,18890,CS797,,,
8709,18891,CS798,,,
8710,18892,CS799,,,
8711,18893,CS800,,,
8712,18894,CS802,,,
8713,18895,CS803,,,
8714,18896,CS804,,,
8715,18897,CS805,,,
8716,18898,CS806,,,
8717,18899,CS807,,,
8718,18900,CS808,,,
8719,18901,CS809,,,
8720,18902,CS810,,,
8721,18903,CS811,,,
8722,18904,CS812,,,
8723,18905,CS813,,,
8724,18906,CS814,,,
8725,18907,CS815,,,
8726,18908,CS816,,,
8727,18909,CS817,,,
8728,18910,CS818,,,
8729,18911,CS819,,,
8730,18912,CS820,,,
8731,18913,CS821,,,
8732,18914,CS822,,,
8733,18915,CS823,,,
8734,18916,CS824,,,
8735,18917,CS825,,,
8736,18918,CS826,,,
8737,18919,CS827,,,
8738,18920,CS828,,,
8739,18921,CS830,,,
8740,18922,CS831,,,
8741,18923,CS832,,,
8742,18924,CS833,,,
8743,18925,CS834,,,
8744,18926,CS835,,,
8745,18927,CS836,,,
8746,18928,CS837,,,
8747,18929,CS838,,,
8748,18930,CS839,,,
8749,18931,CS840,,,
8750,18932,CS841,,,
8751,18933,CS842,,,
8752,18934,CS843,,,
8753,18935,CS844,,,
8754,18936,CS845,,,
8755,18937,CS846,,,
8756,18938,CS847,,,
8757,18939,CS848,,,
8758,18940,CS849,,,
8759,18941,CS850,,,
8760,18942,CS851,,,
8761,18943,CS852,,,
8762,18944,CS853,,,
8763,18945,CS854,,,
8764,18946,CS856,,,
8765,18947,CS857,,,
8766,18948,CS858,,,
8767,18949,CS859,,,
8768,18950,CS860,,,
8769,18951,CS861,,,
8770,18952,CS862,,,
8771,18953,CS863,,,
8772,18954,CS865,,,
8773,18955,CS866,,,
8774,18956,CS867,,,
8775,18957,CS868,,,
8776,18958,CS869,,,
8777,18959,CS870,,,
8778,18960,CS871,,,
8779,18961,CS872,,,
8780,18962,CS873,,,
8781,18963,CS874,,,
8782,18964,CS875,,,
8783,18965,CS876,,,
8784,18966,CS877,,,
8785,18967,CS878,,,
8786,18968,CS879,,,
8787,18969,CS880,,,
8788,18970,CS882,,,
8789,18971,CS883,,,
8790,18972,CS884,,,
8791,18973,CS885,,,
8792,18974,CS886,,,
8793,18975,CS887,,,
8794,18976,CS888,,,
8795,18977,CS889,,,
8796,18978,CS890,,,
8797,18979,CS891,,,
8798,18980,CS892,,,
8799,18981,CS893,,,
8800,18982,CS895,,,
8801,18983,CS896,,,
8802,18984,CS897,,,
8803,18985,CS898,,,
8804,18986,CS899,,,
8805,18987,CS900,,,
8806,18988,CS901,,,
8807,18989,CS902,,,
8808,18991,CS904,,,
8809,18992,CS905,,,
8810,18993,CS906,,,
8811,18994,CS907,,,
8812,18995,CS908,,,
8813,18996,CS909,,,
8814,18997,CS910,,,
8815,18998,CS911,,,
8816,18999,CS912,,,
8817,19000,CS913,,,
8818,19001,CS914,,,
8819,19002,CS917,,,
8820,19003,CS918,,,
8821,19004,CS919,,,
8822,19005,CS920,,,
8823,19006,CS921,,,
8824,19007,CS922,,,
8825,19008,CS923,,,
8826,19009,CS924,,,
8827,19010,CS925,,,
8828,19011,CS926,,,
8829,19012,CS927,,,
8830,19013,CS928,,,
8831,19014,CS929,,,
8832,19015,CS930,,,
8833,19016,CS931,,,
8834,19017,CS932,,,
8835,19018,CS933,,,
8836,19019,CS934,,,
8837,19020,CS935,,,
8838,19021,CS936,,,
8839,19022,CS937,,,
8840,19023,CS938,,,
8841,19024,CS939,,,
8842,19025,CS940,,,
8843,19026,CS941,,,
8844,19027,CS943,,,
8845,19028,CS944,,,
8846,19029,CS945,,,
8847,19030,CS946,,,
8848,19031,CS947,,,
8849,19032,CS948,,,
8850,19033,CS949,,,
8851,19034,CS950,,,
8852,19035,CS951,,,
8853,19036,CS952,,,
8854,19038,CS428,,,
8855,19039,CS429,,,
8856,19041,CS489,,,
8857,19042,CS496,,,
8858,19049,CS555,,,
8859,19053,CS586,,,
8860,19056,CS623,,,
8861,19057,CS636,,,
8862,19066,CS744,,,
8863,19075,CS765,,,
8864,19120,CS710,,,
8865,19125,CS715,,,
8866,19126,CS716,,,
8867,19137,CS727,,,
8868,19143,CS733,,,
