ProductSRKey,ProductKey,ProductName,Brand,ColorRaw,Subcategory,Category
1,1,Contoso 512MB MP3 Player E51 Silver,Contoso,MP4&MP3,MP4&MP3,Audio
2,2,Contoso 512MB MP3 Player E51 Blue,Contoso,MP4&MP3,MP4&MP3,Audio
3,3,Contoso 1G MP3 Player E100 White,Contoso,MP4&MP3,MP4&MP3,Audio
4,4,Contoso 2G MP3 Player E200 Silver,Contoso,MP4&MP3,MP4&MP3,Audio
5,5,Contoso 2G MP3 Player E200 Red,Contoso,MP4&MP3,MP4&MP3,Audio
6,6,Contoso 2G MP3 Player E200 Black,Contoso,MP4&MP3,MP4&MP3,Audio
7,7,Contoso 2G MP3 Player E200 Blue,Contoso,MP4&MP3,MP4&MP3,Audio
8,8,Contoso 4G MP3 Player E400 Silver,Contoso,MP4&MP3,MP4&MP3,Audio
9,9,Contoso 4G MP3 Player E400 Black,Contoso,MP4&MP3,MP4&MP3,Audio
10,10,Contoso 4G MP3 Player E400 Green,Contoso,MP4&MP3,MP4&MP3,Audio
11,11,Contoso 4G MP3 Player E400 Orange,Contoso,MP4&MP3,MP4&MP3,Audio
12,12,Contoso 4GB Flash MP3 Player E401 Blue,Contoso,MP4&MP3,MP4&MP3,Audio
13,13,Contoso 4GB Flash MP3 Player E401 Black,Contoso,MP4&MP3,MP4&MP3,Audio
14,14,Contoso 4GB Flash MP3 Player E401 Silver,Contoso,MP4&MP3,MP4&MP3,Audio
15,15,Contoso 4GB Flash MP3 Player E401 White,Contoso,MP4&MP3,MP4&MP3,Audio
16,16,Contoso 8GB Super-Slim MP3/Video Player M800 White,Contoso,MP4&MP3,MP4&MP3,Audio
17,17,Contoso 8GB Super-Slim MP3/Video Player M800 Red,Contoso,MP4&MP3,MP4&MP3,Audio
18,18,Contoso 8GB Super-Slim MP3/Video Player M800 Green,Contoso,MP4&MP3,MP4&MP3,Audio
19,19,Contoso 8GB Super-Slim MP3/Video Player M800 Pink,Contoso,MP4&MP3,MP4&MP3,Audio
20,20,Contoso 8GB MP3 Player new model M820 Black,Contoso,MP4&MP3,MP4&MP3,Audio
21,21,Contoso 8GB MP3 Player new model M820 Blue,Contoso,MP4&MP3,MP4&MP3,Audio
22,22,Contoso 8GB MP3 Player new model M820 Yellow,Contoso,MP4&MP3,MP4&MP3,Audio
23,23,Contoso 8GB MP3 Player new model M820 White,Contoso,MP4&MP3,MP4&MP3,Audio
24,24,Contoso 16GB Mp5 Player M1600 Blue,Contoso,MP4&MP3,MP4&MP3,Audio
25,25,Contoso 16GB Mp5 Player M1600 Black,Contoso,MP4&MP3,MP4&MP3,Audio
26,26,Contoso 16GB Mp5 Player M1600 Green,Contoso,MP4&MP3,MP4&MP3,Audio
27,27,Contoso 16GB Mp5 Player M1600 White,Contoso,MP4&MP3,MP4&MP3,Audio
28,28,Contoso 16GB Mp5 Player M1600 Red,Contoso,MP4&MP3,MP4&MP3,Audio
29,29,Contoso 32GB Video MP3 Player M3200 White,Contoso,MP4&MP3,MP4&MP3,Audio
30,30,Contoso 32GB Video MP3 Player M3200 Red,Contoso,MP4&MP3,MP4&MP3,Audio
31,31,Contoso 32GB Video MP3 Player M3200 Orange,Contoso,MP4&MP3,MP4&MP3,Audio
32,32,Contoso 32GB Video MP3 Player M3200 Pink,Contoso,MP4&MP3,MP4&MP3,Audio
33,33,Contoso 32GB Video MP3 Player M3200 Black,Contoso,MP4&MP3,MP4&MP3,Audio
34,34,Contoso 4GB Portable MP3 Player M450 Black,Contoso,MP4&MP3,MP4&MP3,Audio
35,35,Contoso 4GB Portable MP3 Player M450 White,Contoso,MP4&MP3,MP4&MP3,Audio
36,36,Contoso 4GB Portable MP3 Player M450 Yellow,Contoso,MP4&MP3,MP4&MP3,Audio
37,37,Contoso 8GB Clock & Radio MP3 Player X850 Silver,Contoso,MP4&MP3,MP4&MP3,Audio
38,38,Contoso 8GB Clock & Radio MP3 Player X850 Black,Contoso,MP4&MP3,MP4&MP3,Audio
39,39,Contoso 8GB Clock & Radio MP3 Player X850 Green,Contoso,MP4&MP3,MP4&MP3,Audio
40,40,Contoso 8GB Clock & Radio MP3 Player X850 Blue,Contoso,MP4&MP3,MP4&MP3,Audio
41,41,Contoso 16GB New Generation MP5 Player M1650 Silver,Contoso,MP4&MP3,MP4&MP3,Audio
42,42,Contoso 16GB New Generation MP5 Player M1650 White,Contoso,MP4&MP3,MP4&MP3,Audio
43,43,Contoso 16GB New Generation MP5 Player M1650 Black,Contoso,MP4&MP3,MP4&MP3,Audio
44,44,Contoso 16GB New Generation MP5 Player M1650 blue,Contoso,MP4&MP3,MP4&MP3,Audio
45,45,Contoso 16GB New Generation MP5 Player M1650 Pink,Contoso,MP4&MP3,MP4&MP3,Audio
46,46,WWI 1GB Pulse Smart pen E50 White,Wide World Importers,Recording Pen,Recording Pen,Audio
47,47,WWI 1GBPulse Smart pen E50 Black,Wide World Importers,Recording Pen,Recording Pen,Audio
48,48,WWI 1GB Pulse Smart pen E50 Silver,Wide World Importers,Recording Pen,Recording Pen,Audio
49,49,WWI 2GB Pulse Smart pen M100 White,Wide World Importers,Recording Pen,Recording Pen,Audio
50,50,WWI 2GB Pulse Smart pen M100 Black,Wide World Importers,Recording Pen,Recording Pen,Audio
51,51,WWI 2GB Pulse Smart pen M100 Blue,Wide World Importers,Recording Pen,Recording Pen,Audio
52,52,WWI 2GB Pulse Smart pen M100 Silver,Wide World Importers,Recording Pen,Recording Pen,Audio
53,53,WWI 4GB Video Recording Pen X200 Black,Wide World Importers,Recording Pen,Recording Pen,Audio
54,54,WWI 4GB Video Recording Pen X200 Red,Wide World Importers,Recording Pen,Recording Pen,Audio
55,55,WWI 4GB Video Recording Pen X200 Pink,Wide World Importers,Recording Pen,Recording Pen,Audio
56,56,WWI 4GB Video Recording Pen X200 Yellow,Wide World Importers,Recording Pen,Recording Pen,Audio
57,57,WWI 1GB Digital Voice Recorder Pen E100 Black,Wide World Importers,Recording Pen,Recording Pen,Audio
58,58,WWI 1GB Digital Voice Recorder Pen E100 Red,Wide World Importers,Recording Pen,Recording Pen,Audio
59,59,WWI 1GB Digital Voice Recorder Pen E100 Pink,Wide World Importers,Recording Pen,Recording Pen,Audio
60,60,WWI 1GB Digital Voice Recorder Pen E100 White,Wide World Importers,Recording Pen,Recording Pen,Audio
61,61,WWI 2GB Spy Video Recorder Pen M300 Black,Wide World Importers,Recording Pen,Recording Pen,Audio
62,62,WWI 2GB Spy Video Recorder Pen M300 White,Wide World Importers,Recording Pen,Recording Pen,Audio
63,63,WWI 2GB Spy Video Recorder Pen M300 Blue,Wide World Importers,Recording Pen,Recording Pen,Audio
64,64,WWI 2GB Spy Video Recorder Pen M300 Silver,Wide World Importers,Recording Pen,Recording Pen,Audio
65,66,NT Bluetooth Stereo Headphones E52 Blue,Northwind Traders,Bluetooth Headphones,Bluetooth Headphones,Audio
66,67,NT Bluetooth Stereo Headphones E52 Black,Northwind Traders,Bluetooth Headphones,Bluetooth Headphones,Audio
67,68,NT Bluetooth Stereo Headphones E52 Yellow,Northwind Traders,Bluetooth Headphones,Bluetooth Headphones,Audio
68,69,NT Bluetooth Stereo Headphones E52 Pink,Northwind Traders,Bluetooth Headphones,Bluetooth Headphones,Audio
69,70,NT Wireless Bluetooth Stereo Headphones E102 Silver,Northwind Traders,Bluetooth Headphones,Bluetooth Headphones,Audio
70,71,NT Wireless Bluetooth Stereo Headphones E102 Black,Northwind Traders,Bluetooth Headphones,Bluetooth Headphones,Audio
71,72,NT Wireless Bluetooth Stereo Headphones E102 Blue,Northwind Traders,Bluetooth Headphones,Bluetooth Headphones,Audio
72,73,NT Wireless Bluetooth Stereo Headphones E102 White,Northwind Traders,Bluetooth Headphones,Bluetooth Headphones,Audio
73,74,NT Bluetooth Active Headphones E202 Black,Northwind Traders,Bluetooth Headphones,Bluetooth Headphones,Audio
74,75,NT Bluetooth Active Headphones E202 White,Northwind Traders,Bluetooth Headphones,Bluetooth Headphones,Audio
75,76,NT Bluetooth Active Headphones E202 Red,Northwind Traders,Bluetooth Headphones,Bluetooth Headphones,Audio
76,77,NT Bluetooth Active Headphones E202 Silver,Northwind Traders,Bluetooth Headphones,Bluetooth Headphones,Audio
77,78,NT Wireless Bluetooth Stereo Headphones E302 Silver,Northwind Traders,Bluetooth Headphones,Bluetooth Headphones,Audio
78,79,NT Wireless Bluetooth Stereo Headphones E302 White,Northwind Traders,Bluetooth Headphones,Bluetooth Headphones,Audio
79,80,NT Wireless Bluetooth Stereo Headphones E302 Yellow,Northwind Traders,Bluetooth Headphones,Bluetooth Headphones,Audio
80,81,NT Wireless Bluetooth Stereo Headphones E302 Black,Northwind Traders,Bluetooth Headphones,Bluetooth Headphones,Audio
81,82,NT Wireless Bluetooth Stereo Headphones E302 Pink,Northwind Traders,Bluetooth Headphones,Bluetooth Headphones,Audio
82,83,NT Wireless Bluetooth Stereo Headphones M402 Silver,Northwind Traders,Bluetooth Headphones,Bluetooth Headphones,Audio
83,84,NT Wireless Bluetooth Stereo Headphones M402 Red,Northwind Traders,Bluetooth Headphones,Bluetooth Headphones,Audio
84,85,NT Wireless Bluetooth Stereo Headphones M402 Green,Northwind Traders,Bluetooth Headphones,Bluetooth Headphones,Audio
85,86,NT Wireless Bluetooth Stereo Headphones M402 Black,Northwind Traders,Bluetooth Headphones,Bluetooth Headphones,Audio
86,87,NT Wireless Bluetooth Stereo Headphones M402 Purple,Northwind Traders,Bluetooth Headphones,Bluetooth Headphones,Audio
87,88,NT Wireless Transmitter and Bluetooth Headphones M150 Black,Northwind Traders,Bluetooth Headphones,Bluetooth Headphones,Audio
88,89,NT Wireless Transmitter and Bluetooth Headphones M150 Blue,Northwind Traders,Bluetooth Headphones,Bluetooth Headphones,Audio
89,90,NT Wireless Transmitter and Bluetooth Headphones M150 Silver,Northwind Traders,Bluetooth Headphones,Bluetooth Headphones,Audio
90,91,NT Wireless Transmitter and Bluetooth Headphones M150 Green,Northwind Traders,Bluetooth Headphones,Bluetooth Headphones,Audio
91,92,NT Wireless Transmitter and Bluetooth Headphones M150 Red,Northwind Traders,Bluetooth Headphones,Bluetooth Headphones,Audio
92,93,WWI Stereo Bluetooth Headphones E1000 Blue,Wide World Importers,Bluetooth Headphones,Bluetooth Headphones,Audio
93,94,WWI Stereo Bluetooth Headphones E1000 Black,Wide World Importers,Bluetooth Headphones,Bluetooth Headphones,Audio
94,95,WWI Stereo Bluetooth Headphones E1000 Silver,Wide World Importers,Bluetooth Headphones,Bluetooth Headphones,Audio
95,96,WWI Stereo Bluetooth Headphones E1000 White,Wide World Importers,Bluetooth Headphones,Bluetooth Headphones,Audio
96,97,WWI Stereo Bluetooth Headphones E1000 Green,Wide World Importers,Bluetooth Headphones,Bluetooth Headphones,Audio
97,98,WWI Wireless Bluetooth Stereo Headphones M170 Silver,Wide World Importers,Bluetooth Headphones,Bluetooth Headphones,Audio
98,99,WWI Wireless Bluetooth Stereo Headphones M170 Black,Wide World Importers,Bluetooth Headphones,Bluetooth Headphones,Audio
99,100,WWI Wireless Bluetooth Stereo Headphones M170 White,Wide World Importers,Bluetooth Headphones,Bluetooth Headphones,Audio
100,101,WWI Wireless Bluetooth Stereo Headphones M170 Pink,Wide World Importers,Bluetooth Headphones,Bluetooth Headphones,Audio
101,102,WWI Wireless Bluetooth Stereo Headphones M270 Silver,Wide World Importers,Bluetooth Headphones,Bluetooth Headphones,Audio
102,103,WWI Wireless Bluetooth Stereo Headphones M270 Black,Wide World Importers,Bluetooth Headphones,Bluetooth Headphones,Audio
103,104,WWI Wireless Bluetooth Stereo Headphones M270 White,Wide World Importers,Bluetooth Headphones,Bluetooth Headphones,Audio
104,105,WWI Wireless Bluetooth Stereo Headphones M270 Pink,Wide World Importers,Bluetooth Headphones,Bluetooth Headphones,Audio
105,106,WWI Stereo Bluetooth Headphones New Generation M370 Black,Wide World Importers,Bluetooth Headphones,Bluetooth Headphones,Audio
106,107,WWI Stereo Bluetooth Headphones New Generation M370 White,Wide World Importers,Bluetooth Headphones,Bluetooth Headphones,Audio
107,108,WWI Stereo Bluetooth Headphones New Generation M370 Yellow,Wide World Importers,Bluetooth Headphones,Bluetooth Headphones,Audio
108,109,WWI Stereo Bluetooth Headphones New Generation M370 Orange,Wide World Importers,Bluetooth Headphones,Bluetooth Headphones,Audio
109,110,WWI Stereo Bluetooth Headphones New Generation M370 Blue,Wide World Importers,Bluetooth Headphones,Bluetooth Headphones,Audio
110,111,WWI Wireless Transmitter and Bluetooth Headphones X250 Black,Wide World Importers,Bluetooth Headphones,Bluetooth Headphones,Audio
111,112,WWI Wireless Transmitter and Bluetooth Headphones X250 Blue,Wide World Importers,Bluetooth Headphones,Bluetooth Headphones,Audio
112,113,WWI Wireless Transmitter and Bluetooth Headphones X250 White,Wide World Importers,Bluetooth Headphones,Bluetooth Headphones,Audio
113,114,WWI Wireless Transmitter and Bluetooth Headphones X250 Red,Wide World Importers,Bluetooth Headphones,Bluetooth Headphones,Audio
114,115,WWI Wireless Transmitter and Bluetooth Headphones X250 Silver,Wide World Importers,Bluetooth Headphones,Bluetooth Headphones,Audio
115,116,"Adventure Works 20"" CRT TV E15 Silver",Adventure Works,Televisions,Televisions,TV and Video
116,117,"Adventure Works 20"" CRT TV E15 Black",Adventure Works,Televisions,Televisions,TV and Video
117,118,"Adventure Works 20"" CRT TV E15 White",Adventure Works,Televisions,Televisions,TV and Video
118,119,"Adventure Works 13"" Color TV E25 Silver",Adventure Works,Televisions,Televisions,TV and Video
119,120,"Adventure Works 13"" Color TV E25 Black",Adventure Works,Televisions,Televisions,TV and Video
120,121,"Adventure Works 13"" Color TV E25 White",Adventure Works,Televisions,Televisions,TV and Video
121,122,"Adventure Works 19"" Portable LCD HDTV M110 Silver",Adventure Works,Televisions,Televisions,TV and Video
122,123,"Adventure Works 19"" Portable LCD HDTV M110 Black",Adventure Works,Televisions,Televisions,TV and Video
123,124,"Adventure Works 19"" Portable LCD HDTV M110 White",Adventure Works,Televisions,Televisions,TV and Video
124,125,"Adventure Works 19"" Color Digital TV E35 Silver",Adventure Works,Televisions,Televisions,TV and Video
125,126,"Adventure Works 19"" Color Digital TV E35 Black",Adventure Works,Televisions,Televisions,TV and Video
126,127,"Adventure Works 19"" Color Digital TV E35 White",Adventure Works,Televisions,Televisions,TV and Video
127,128,"Adventure Works 19"" Color Digital TV E35 Brown",Adventure Works,Televisions,Televisions,TV and Video
128,129,"Adventure Works 20"" Analog CRT TV E45 Silver",Adventure Works,Televisions,Televisions,TV and Video
129,130,"Adventure Works 20"" Analog CRT TV E45 Black",Adventure Works,Televisions,Televisions,TV and Video
130,131,"Adventure Works 20"" Analog CRT TV E45 White",Adventure Works,Televisions,Televisions,TV and Video
131,132,"Adventure Works 20"" Analog CRT TV E45 Brown",Adventure Works,Televisions,Televisions,TV and Video
132,133,"Adventure Works 20"" LCD HDTV M120 Silver",Adventure Works,Televisions,Televisions,TV and Video
133,134,"Adventure Works 20"" LCD HDTV M120 Black",Adventure Works,Televisions,Televisions,TV and Video
134,135,"Adventure Works 20"" LCD HDTV M120 White",Adventure Works,Televisions,Televisions,TV and Video
135,136,"Adventure Works 20"" LCD HDTV M120 Brown",Adventure Works,Televisions,Televisions,TV and Video
136,137,"Adventure Works 32"" LCD HDTV M130 Silver",Adventure Works,Televisions,Televisions,TV and Video
137,138,"Adventure Works 32"" LCD HDTV M130 Black",Adventure Works,Televisions,Televisions,TV and Video
138,139,"Adventure Works 32"" LCD HDTV M130 White",Adventure Works,Televisions,Televisions,TV and Video
139,140,"Adventure Works 32"" LCD HDTV M130 Brown",Adventure Works,Televisions,Televisions,TV and Video
140,141,"Adventure Works 15.6"" LCD TV M130W Silver",Adventure Works,Televisions,Televisions,TV and Video
141,142,"Adventure Works 15.6"" LCD TV M130W Black",Adventure Works,Televisions,Televisions,TV and Video
142,143,"Adventure Works 15.6"" LCD TV M130W White",Adventure Works,Televisions,Televisions,TV and Video
143,144,"Adventure Works 15.6"" LCD TV M130W Brown",Adventure Works,Televisions,Televisions,TV and Video
144,145,"Adventure Works 52"" LCD HDTV X590 Silver",Adventure Works,Televisions,Televisions,TV and Video
145,146,"Adventure Works 52"" LCD HDTV X590 Black",Adventure Works,Televisions,Televisions,TV and Video
146,147,"Adventure Works 52"" LCD HDTV X590 White",Adventure Works,Televisions,Televisions,TV and Video
147,148,"Adventure Works 52"" LCD HDTV X590 Brown",Adventure Works,Televisions,Televisions,TV and Video
148,149,"Adventure Works 40"" LCD HDTV M690 Silver",Adventure Works,Televisions,Televisions,TV and Video
149,150,"Adventure Works 40"" LCD HDTV M690 Black",Adventure Works,Televisions,Televisions,TV and Video
150,151,"Adventure Works 40"" LCD HDTV M690 White",Adventure Works,Televisions,Televisions,TV and Video
151,152,"Adventure Works 40"" LCD HDTV M690 Brown",Adventure Works,Televisions,Televisions,TV and Video
152,153,"Adventure Works 26"" 720p LCD HDTV M140 Silver",Adventure Works,Televisions,Televisions,TV and Video
153,154,"Adventure Works 26"" 720p LCD HDTV M140 Black",Adventure Works,Televisions,Televisions,TV and Video
154,155,"Adventure Works 26"" 720p LCD HDTV M140 White",Adventure Works,Televisions,Televisions,TV and Video
155,156,"Adventure Works 26"" 720p LCD HDTV M140 Brown",Adventure Works,Televisions,Televisions,TV and Video
156,157,"Adventure Works 37"" 1080p LCD HDTV M150W Silver",Adventure Works,Televisions,Televisions,TV and Video
157,158,"Adventure Works 37"" 1080p LCD HDTV M150W Black",Adventure Works,Televisions,Televisions,TV and Video
158,159,"Adventure Works 37"" 1080p LCD HDTV M150W White",Adventure Works,Televisions,Televisions,TV and Video
159,161,"Adventure Works 52"" LCD HDTV X790W Silver",Adventure Works,Televisions,Televisions,TV and Video
160,162,"Adventure Works 52"" LCD HDTV X790W Black",Adventure Works,Televisions,Televisions,TV and Video
161,163,"Adventure Works 52"" LCD HDTV X790W White",Adventure Works,Televisions,Televisions,TV and Video
162,164,"Adventure Works 52"" LCD HDTV X790W Brown",Adventure Works,Televisions,Televisions,TV and Video
163,165,"Adventure Works 42"" LCD HDTV M55 Black",Adventure Works,Televisions,Televisions,TV and Video
164,166,SV 16xDVD M300 Black,Southridge Video,VCD & DVD,VCD & DVD,TV and Video
165,167,SV 8xDVD E100 Black,Southridge Video,VCD & DVD,VCD & DVD,TV and Video
166,168,SV 16xDVD M310 Black,Southridge Video,VCD & DVD,VCD & DVD,TV and Video
167,169,SV 16xDVD M320 Black,Southridge Video,VCD & DVD,VCD & DVD,TV and Video
168,170,SV 16xDVD M330 Black,Southridge Video,VCD & DVD,VCD & DVD,TV and Video
169,171,SV 16xDVD E340 Black,Southridge Video,VCD & DVD,VCD & DVD,TV and Video
170,172,SV 22xDVD X680 Black,Southridge Video,VCD & DVD,VCD & DVD,TV and Video
171,173,SV 8xDVD E120 Black,Southridge Video,VCD & DVD,VCD & DVD,TV and Video
172,174,SV 22xDVD M600 Black,Southridge Video,VCD & DVD,VCD & DVD,TV and Video
173,175,SV 16xDVD M350 Black,Southridge Video,VCD & DVD,VCD & DVD,TV and Video
174,176,SV 16xDVD M360 Black,Southridge Video,VCD & DVD,VCD & DVD,TV and Video
175,177,SV 8xDVD E130 Black,Southridge Video,VCD & DVD,VCD & DVD,TV and Video
176,178,SV 8xDVD E140 Black,Southridge Video,VCD & DVD,VCD & DVD,TV and Video
177,179,SV 16xDVD M300 Silver,Southridge Video,VCD & DVD,VCD & DVD,TV and Video
178,180,SV 8xDVD E100 Silver,Southridge Video,VCD & DVD,VCD & DVD,TV and Video
179,181,SV 16xDVD M310 Silver,Southridge Video,VCD & DVD,VCD & DVD,TV and Video
180,182,SV 16xDVD M320 Silver,Southridge Video,VCD & DVD,VCD & DVD,TV and Video
181,183,SV 16xDVD M330 Silver,Southridge Video,VCD & DVD,VCD & DVD,TV and Video
182,184,SV 16xDVD E340 Silver,Southridge Video,VCD & DVD,VCD & DVD,TV and Video
183,185,SV 22xDVD X680 Silver,Southridge Video,VCD & DVD,VCD & DVD,TV and Video
184,186,SV 8xDVD E120 Silver,Southridge Video,VCD & DVD,VCD & DVD,TV and Video
185,187,SV 22xDVD M600 Silver,Southridge Video,VCD & DVD,VCD & DVD,TV and Video
186,188,SV 16xDVD M350 Silver,Southridge Video,VCD & DVD,VCD & DVD,TV and Video
187,189,SV 16xDVD M360 Silver,Southridge Video,VCD & DVD,VCD & DVD,TV and Video
188,190,SV 8xDVD E130 Silver,Southridge Video,VCD & DVD,VCD & DVD,TV and Video
189,191,SV 8xDVD E140 Silver,Southridge Video,VCD & DVD,VCD & DVD,TV and Video
190,192,Litware Home Theater System 4.1 Channel M410 Black,Litware,Home Theater System,Home Theater System,TV and Video
191,193,Litware Home Theater System 5.1 Channel M511 Black,Litware,Home Theater System,Home Theater System,TV and Video
192,194,Litware Home Theater System 2.1 Channel E210 Black,Litware,Home Theater System,Home Theater System,TV and Video
193,195,Litware Home Theater System 5.1 Channel M510 Black,Litware,Home Theater System,Home Theater System,TV and Video
194,196,Litware Home Theater System 2.1 Channel E211 Black,Litware,Home Theater System,Home Theater System,TV and Video
195,197,Litware Home Theater System 2.1 Channel E212 Black,Litware,Home Theater System,Home Theater System,TV and Video
196,198,Litware Home Theater System 4.1 Channel M411 Black,Litware,Home Theater System,Home Theater System,TV and Video
197,199,Litware Home Theater System 4.1 Channel M412 Black,Litware,Home Theater System,Home Theater System,TV and Video
198,200,Litware Home Theater System 4.1 Channel M413 Black,Litware,Home Theater System,Home Theater System,TV and Video
199,201,Litware Home Theater System 5.1 Channel M512 Black,Litware,Home Theater System,Home Theater System,TV and Video
200,202,Litware Home Theater System 5.1 Channel M513 Black,Litware,Home Theater System,Home Theater System,TV and Video
201,203,Litware Home Theater System 7.1 Channel M710 Black,Litware,Home Theater System,Home Theater System,TV and Video
202,204,Litware Home Theater System 7.1 Channel X711 Black,Litware,Home Theater System,Home Theater System,TV and Video
203,205,Litware Home Theater System 5.1 Channel M514 Black,Litware,Home Theater System,Home Theater System,TV and Video
204,206,Litware Home Theater System 5.1 Channel M515 Black,Litware,Home Theater System,Home Theater System,TV and Video
205,207,Litware Home Theater System 5.1 Channel M516 Black,Litware,Home Theater System,Home Theater System,TV and Video
206,208,Litware Home Theater System 4.1 Channel M410 Silver,Litware,Home Theater System,Home Theater System,TV and Video
207,209,Litware Home Theater System 5.1 Channel M511 Silver,Litware,Home Theater System,Home Theater System,TV and Video
208,210,Litware Home Theater System 2.1 Channel E210 Silver,Litware,Home Theater System,Home Theater System,TV and Video
209,211,Litware Home Theater System 5.1 Channel M510 Silver,Litware,Home Theater System,Home Theater System,TV and Video
210,212,Litware Home Theater System 2.1 Channel E211 Silver,Litware,Home Theater System,Home Theater System,TV and Video
211,213,Litware Home Theater System 2.1 Channel E212 Silver,Litware,Home Theater System,Home Theater System,TV and Video
212,214,Litware Home Theater System 4.1 Channel M411 Silver,Litware,Home Theater System,Home Theater System,TV and Video
213,215,Litware Home Theater System 4.1 Channel M412 Silver,Litware,Home Theater System,Home Theater System,TV and Video
214,216,Litware Home Theater System 4.1 Channel M413 Silver,Litware,Home Theater System,Home Theater System,TV and Video
215,217,Litware Home Theater System 5.1 Channel M512 Silver,Litware,Home Theater System,Home Theater System,TV and Video
216,218,Litware Home Theater System 5.1 Channel M513 Silver,Litware,Home Theater System,Home Theater System,TV and Video
217,219,Litware Home Theater System 7.1 Channel M710 Silver,Litware,Home Theater System,Home Theater System,TV and Video
218,220,Litware Home Theater System 7.1 Channel X711 Silver,Litware,Home Theater System,Home Theater System,TV and Video
219,221,Litware Home Theater System 5.1 Channel M514 Silver,Litware,Home Theater System,Home Theater System,TV and Video
220,222,Litware Home Theater System 5.1 Channel M515 Silver,Litware,Home Theater System,Home Theater System,TV and Video
221,223,Litware Home Theater System 5.1 Channel M516 Silver,Litware,Home Theater System,Home Theater System,TV and Video
222,224,Litware Home Theater System 4.1 Channel M410 Brown,Litware,Home Theater System,Home Theater System,TV and Video
223,225,Litware Home Theater System 5.1 Channel M511 Brown,Litware,Home Theater System,Home Theater System,TV and Video
224,226,Litware Home Theater System 2.1 Channel E210 Brown,Litware,Home Theater System,Home Theater System,TV and Video
225,227,Litware Home Theater System 5.1 Channel M510 Brown,Litware,Home Theater System,Home Theater System,TV and Video
226,228,Litware Home Theater System 2.1 Channel E211 Brown,Litware,Home Theater System,Home Theater System,TV and Video
227,229,Litware Home Theater System 2.1 Channel E212 Brown,Litware,Home Theater System,Home Theater System,TV and Video
228,230,Litware Home Theater System 4.1 Channel M411 Brown,Litware,Home Theater System,Home Theater System,TV and Video
229,231,Litware Home Theater System 4.1 Channel M412 Brown,Litware,Home Theater System,Home Theater System,TV and Video
230,232,Litware Home Theater System 4.1 Channel M413 Brown,Litware,Home Theater System,Home Theater System,TV and Video
231,233,Litware Home Theater System 5.1 Channel M512 Brown,Litware,Home Theater System,Home Theater System,TV and Video
232,234,Litware Home Theater System 5.1 Channel M513 Brown,Litware,Home Theater System,Home Theater System,TV and Video
233,235,Litware Home Theater System 7.1 Channel M710 Brown,Litware,Home Theater System,Home Theater System,TV and Video
234,236,Litware Home Theater System 7.1 Channel X711 Brown,Litware,Home Theater System,Home Theater System,TV and Video
235,237,Litware Home Theater System 5.1 Channel M514 Brown,Litware,Home Theater System,Home Theater System,TV and Video
236,238,Litware Home Theater System 5.1 Channel M515 Brown,Litware,Home Theater System,Home Theater System,TV and Video
237,239,Litware Home Theater System 5.1 Channel M516 Brown,Litware,Home Theater System,Home Theater System,TV and Video
238,240,Contoso Home Theater System 2.1 Channel E1200 Black,Contoso,Home Theater System,Home Theater System,TV and Video
239,241,Contoso Home Theater System 2.1 Channel M1210 Black,Contoso,Home Theater System,Home Theater System,TV and Video
240,242,Contoso Home Theater System 7.1 Channel M1700 Black,Contoso,Home Theater System,Home Theater System,TV and Video
241,243,Contoso Home Theater System 4.1 Channel M1400 Black,Contoso,Home Theater System,Home Theater System,TV and Video
242,244,Contoso Home Theater System 5.1 Channel M1500 Black,Contoso,Home Theater System,Home Theater System,TV and Video
243,245,Contoso Home Theater System 5.1 Channel M1510 Black,Contoso,Home Theater System,Home Theater System,TV and Video
244,246,Contoso Home Theater System 4.1 Channel M1410 Black,Contoso,Home Theater System,Home Theater System,TV and Video
245,247,Contoso Home Theater System 5.1 Channel M1520 Black,Contoso,Home Theater System,Home Theater System,TV and Video
246,248,Contoso Home Theater System 5.1 Channel M1530 Black,Contoso,Home Theater System,Home Theater System,TV and Video
247,249,Contoso Home Theater System 2.1 Channel E1220 Black,Contoso,Home Theater System,Home Theater System,TV and Video
248,250,Contoso Home Theater System 5.1 Channel M1540 Black,Contoso,Home Theater System,Home Theater System,TV and Video
249,251,Contoso Home Theater System 4.1 Channel M1420 Black,Contoso,Home Theater System,Home Theater System,TV and Video
250,252,Contoso Home Theater System 2.1 Channel M1230 Black,Contoso,Home Theater System,Home Theater System,TV and Video
251,253,Contoso Home Theater System 2.1 Channel E1200 Silver,Contoso,Home Theater System,Home Theater System,TV and Video
252,254,Contoso Home Theater System 2.1 Channel M1210 Silver,Contoso,Home Theater System,Home Theater System,TV and Video
253,255,Contoso Home Theater System 7.1 Channel M1700 Silver,Contoso,Home Theater System,Home Theater System,TV and Video
254,256,Contoso Home Theater System 4.1 Channel M1400 Silver,Contoso,Home Theater System,Home Theater System,TV and Video
255,257,Contoso Home Theater System 5.1 Channel M1500 Silver,Contoso,Home Theater System,Home Theater System,TV and Video
256,258,Contoso Home Theater System 5.1 Channel M1510 Silver,Contoso,Home Theater System,Home Theater System,TV and Video
257,259,Contoso Home Theater System 4.1 Channel M1410 Silver,Contoso,Home Theater System,Home Theater System,TV and Video
258,260,Contoso Home Theater System 5.1 Channel M1520 Silver,Contoso,Home Theater System,Home Theater System,TV and Video
259,261,Contoso Home Theater System 5.1 Channel M1530 Silver,Contoso,Home Theater System,Home Theater System,TV and Video
260,262,Contoso Home Theater System 2.1 Channel E1220 Silver,Contoso,Home Theater System,Home Theater System,TV and Video
261,263,Contoso Home Theater System 5.1 Channel M1540 Silver,Contoso,Home Theater System,Home Theater System,TV and Video
262,264,Contoso Home Theater System 4.1 Channel M1420 Silver,Contoso,Home Theater System,Home Theater System,TV and Video
263,265,Contoso Home Theater System 2.1 Channel M1230 Silver,Contoso,Home Theater System,Home Theater System,TV and Video
264,266,Contoso Home Theater System 2.1 Channel E1200 White,Contoso,Home Theater System,Home Theater System,TV and Video
265,267,Contoso Home Theater System 2.1 Channel M1210 White,Contoso,Home Theater System,Home Theater System,TV and Video
266,268,Contoso Home Theater System 7.1 Channel M1700 White,Contoso,Home Theater System,Home Theater System,TV and Video
267,269,Contoso Home Theater System 4.1 Channel M1400 White,Contoso,Home Theater System,Home Theater System,TV and Video
268,270,Contoso Home Theater System 5.1 Channel M1500 White,Contoso,Home Theater System,Home Theater System,TV and Video
269,271,Contoso Home Theater System 5.1 Channel M1510 White,Contoso,Home Theater System,Home Theater System,TV and Video
270,272,Contoso Home Theater System 4.1 Channel M1410 White,Contoso,Home Theater System,Home Theater System,TV and Video
271,273,Contoso Home Theater System 5.1 Channel M1520 White,Contoso,Home Theater System,Home Theater System,TV and Video
272,274,Contoso Home Theater System 5.1 Channel M1530 White,Contoso,Home Theater System,Home Theater System,TV and Video
273,275,Contoso Home Theater System 2.1 Channel E1220 White,Contoso,Home Theater System,Home Theater System,TV and Video
274,276,Contoso Home Theater System 5.1 Channel M1540 White,Contoso,Home Theater System,Home Theater System,TV and Video
275,277,Contoso Home Theater System 4.1 Channel M1420 White,Contoso,Home Theater System,Home Theater System,TV and Video
276,278,Contoso Home Theater System 2.1 Channel M1230 White,Contoso,Home Theater System,Home Theater System,TV and Video
277,279,Contoso Home Theater System 2.1 Channel E1200 Brown,Contoso,Home Theater System,Home Theater System,TV and Video
278,280,Contoso Home Theater System 2.1 Channel M1210 Brown,Contoso,Home Theater System,Home Theater System,TV and Video
279,281,Contoso Home Theater System 7.1 Channel M1700 Brown,Contoso,Home Theater System,Home Theater System,TV and Video
280,282,Contoso Home Theater System 4.1 Channel M1400 Brown,Contoso,Home Theater System,Home Theater System,TV and Video
281,283,Contoso Home Theater System 5.1 Channel M1500 Brown,Contoso,Home Theater System,Home Theater System,TV and Video
282,284,Contoso Home Theater System 5.1 Channel M1510 Brown,Contoso,Home Theater System,Home Theater System,TV and Video
283,285,Contoso Home Theater System 4.1 Channel M1410 Brown,Contoso,Home Theater System,Home Theater System,TV and Video
284,286,Contoso Home Theater System 5.1 Channel M1520 Brown,Contoso,Home Theater System,Home Theater System,TV and Video
285,287,Contoso Home Theater System 5.1 Channel M1530 Brown,Contoso,Home Theater System,Home Theater System,TV and Video
286,288,Contoso Home Theater System 2.1 Channel E1220 Brown,Contoso,Home Theater System,Home Theater System,TV and Video
287,289,Contoso Home Theater System 5.1 Channel M1540 Brown,Contoso,Home Theater System,Home Theater System,TV and Video
288,290,Contoso Home Theater System 4.1 Channel M1420 Brown,Contoso,Home Theater System,Home Theater System,TV and Video
289,291,Contoso Home Theater System 2.1 Channel M1230 Brown,Contoso,Home Theater System,Home Theater System,TV and Video
290,292,SV Car Video LCD7W M7080 Black,Southridge Video,Car Video,Car Video,TV and Video
291,293,SV Car Video LCD7W M7081 Black,Southridge Video,Car Video,Car Video,TV and Video
292,294,SV Car Video TFT7 M7000 Black,Southridge Video,Car Video,Car Video,TV and Video
293,295,SV Car Video TFT6.2W E6280 Black,Southridge Video,Car Video,Car Video,TV and Video
294,296,SV Car Video TFT6.2W E6281 Black,Southridge Video,Car Video,Car Video,TV and Video
295,297,SV Car Video TFT6.2W E6282 Black,Southridge Video,Car Video,Car Video,TV and Video
296,298,SV Car Video TFT7 M7001 Black,Southridge Video,Car Video,Car Video,TV and Video
297,299,SV Car Video AM/FM E1000 Black,Southridge Video,Car Video,Car Video,TV and Video
298,300,SV Car Video AM/FM E1001 Black,Southridge Video,Car Video,Car Video,TV and Video
299,301,SV Car Video TFT7 M7002 Black,Southridge Video,Car Video,Car Video,TV and Video
300,302,SV Car Video LCD9.2W X9280 Black,Southridge Video,Car Video,Car Video,TV and Video
301,303,SV Car Video LCD9.2W X9281 Black,Southridge Video,Car Video,Car Video,TV and Video
302,304,SV Car Video LCD7W M7082 Black,Southridge Video,Car Video,Car Video,TV and Video
303,305,SV Car Video LCD7 M7001 Black,Southridge Video,Car Video,Car Video,TV and Video
304,306,SV Car Video LCD7 M7002 Black,Southridge Video,Car Video,Car Video,TV and Video
305,307,SV Car Video LCD7 M7003 Black,Southridge Video,Car Video,Car Video,TV and Video
306,308,SV Car Video LCD7W M7080 Silver,Southridge Video,Car Video,Car Video,TV and Video
307,309,SV Car Video LCD7W M7081 Silver,Southridge Video,Car Video,Car Video,TV and Video
308,310,SV Car Video TFT7 M7000 Silver,Southridge Video,Car Video,Car Video,TV and Video
309,311,SV Car Video TFT6.2W E6280 Silver,Southridge Video,Car Video,Car Video,TV and Video
310,312,SV Car Video TFT6.2W E6281 Silver,Southridge Video,Car Video,Car Video,TV and Video
311,313,SV Car Video TFT6.2W E6282 Silver,Southridge Video,Car Video,Car Video,TV and Video
312,314,SV Car Video TFT7 M7001 Silver,Southridge Video,Car Video,Car Video,TV and Video
313,315,SV Car Video AM/FM E1000 Silver,Southridge Video,Car Video,Car Video,TV and Video
314,316,SV Car Video AM/FM E1001 Silver,Southridge Video,Car Video,Car Video,TV and Video
315,317,SV Car Video TFT7 M7002 Silver,Southridge Video,Car Video,Car Video,TV and Video
316,318,SV Car Video LCD9.2W X9280 Silver,Southridge Video,Car Video,Car Video,TV and Video
317,319,SV Car Video LCD9.2W X9281 Silver,Southridge Video,Car Video,Car Video,TV and Video
318,320,SV Car Video LCD7W M7082 Silver,Southridge Video,Car Video,Car Video,TV and Video
319,321,SV Car Video LCD7 M7001 Silver,Southridge Video,Car Video,Car Video,TV and Video
320,322,SV Car Video LCD7 M7002 Silver,Southridge Video,Car Video,Car Video,TV and Video
321,323,SV Car Video LCD7 M7003 Silver,Southridge Video,Car Video,Car Video,TV and Video
322,324,SV Car Video LCD7W M7080 Brown,Southridge Video,Car Video,Car Video,TV and Video
323,325,SV Car Video LCD7W M7081 Brown,Southridge Video,Car Video,Car Video,TV and Video
324,326,SV Car Video TFT7 M7000 Brown,Southridge Video,Car Video,Car Video,TV and Video
325,327,SV Car Video TFT6.2W E6280 Brown,Southridge Video,Car Video,Car Video,TV and Video
326,328,SV Car Video TFT6.2W E6281 Brown,Southridge Video,Car Video,Car Video,TV and Video
327,329,SV Car Video TFT6.2W E6282 Brown,Southridge Video,Car Video,Car Video,TV and Video
328,330,SV Car Video TFT7 M7001 Brown,Southridge Video,Car Video,Car Video,TV and Video
329,331,SV Car Video AM/FM E1000 Brown,Southridge Video,Car Video,Car Video,TV and Video
330,332,SV Car Video AM/FM E1001 Brown,Southridge Video,Car Video,Car Video,TV and Video
331,333,SV Car Video TFT7 M7002 Brown,Southridge Video,Car Video,Car Video,TV and Video
332,334,SV Car Video LCD9.2W X9280 Brown,Southridge Video,Car Video,Car Video,TV and Video
333,335,SV Car Video LCD9.2W X9281 Brown,Southridge Video,Car Video,Car Video,TV and Video
334,336,SV Car Video LCD7W M7082 Brown,Southridge Video,Car Video,Car Video,TV and Video
335,337,SV Car Video LCD7 M7001 Brown,Southridge Video,Car Video,Car Video,TV and Video
336,338,Fabrikam Laptop19W M9800 Black,Fabrikam,Laptops,Laptops,Computers
337,340,Fabrikam Laptop17 M7000 Black,Fabrikam,Laptops,Laptops,Computers
338,341,Fabrikam Laptop16W M6080 Black,Fabrikam,Laptops,Laptops,Computers
339,342,Fabrikam Laptop16 M6000 Black,Fabrikam,Laptops,Laptops,Computers
340,343,Fabrikam Laptop19 M9000 Black,Fabrikam,Laptops,Laptops,Computers
341,344,Fabrikam Laptop12 M2000 White,Fabrikam,Laptops,Laptops,Computers
342,345,Fabrikam Laptop15 M5000 White,Fabrikam,Laptops,Laptops,Computers
343,346,Fabrikam Laptop15.4 M5400 White,Fabrikam,Laptops,Laptops,Computers
344,347,Fabrikam Laptop14.1 M4100 White,Fabrikam,Laptops,Laptops,Computers
345,348,Fabrikam Laptop15.4W M5480 White,Fabrikam,Laptops,Laptops,Computers
346,349,Fabrikam Laptop10.1 M0100 White,Fabrikam,Laptops,Laptops,Computers
347,350,Fabrikam Laptop12W M2080 Silver,Fabrikam,Laptops,Laptops,Computers
348,351,Fabrikam Laptop8.9W E0880 Silver,Fabrikam,Laptops,Laptops,Computers
349,353,Fabrikam Laptop10.1 M0101 Silver,Fabrikam,Laptops,Laptops,Computers
350,354,Fabrikam Laptop12 M2001 Silver,Fabrikam,Laptops,Laptops,Computers
351,356,Fabrikam Laptop14.1W M4180 Red,Fabrikam,Laptops,Laptops,Computers
352,357,Fabrikam Laptop14.1 E4101 Red,Fabrikam,Laptops,Laptops,Computers
353,358,Fabrikam Laptop8.9 E8002 Red,Fabrikam,Laptops,Laptops,Computers
354,359,Fabrikam Laptop12 M2002 Red,Fabrikam,Laptops,Laptops,Computers
355,360,Fabrikam Laptop13.3 M3000 Red,Fabrikam,Laptops,Laptops,Computers
356,361,Fabrikam Laptop13.3W M3080 Red,Fabrikam,Laptops,Laptops,Computers
357,363,Adventure Works Laptop15 M1500 Black,Adventure Works,Laptops,Laptops,Computers
358,365,Adventure Works Laptop16 M1600 Black,Adventure Works,Laptops,Laptops,Computers
359,366,Adventure Works Laptop15.4W M1548 Black,Adventure Works,Laptops,Laptops,Computers
360,367,Adventure Works Laptop8.9 E0890 Black,Adventure Works,Laptops,Laptops,Computers
361,368,Adventure Works Laptop19W X1980 White,Adventure Works,Laptops,Laptops,Computers
362,369,Adventure Works Laptop15 M1501 White,Adventure Works,Laptops,Laptops,Computers
363,370,Adventure Works Laptop12 M1201 White,Adventure Works,Laptops,Laptops,Computers
364,371,Adventure Works Laptop16 M1601 White,Adventure Works,Laptops,Laptops,Computers
365,372,Adventure Works Laptop15.4W M1548 White,Adventure Works,Laptops,Laptops,Computers
366,373,Adventure Works Laptop8.9 E0890 White,Adventure Works,Laptops,Laptops,Computers
367,374,Adventure Works Laptop19W X1980 Silver,Adventure Works,Laptops,Laptops,Computers
368,375,Adventure Works Laptop15 M1501 Silver,Adventure Works,Laptops,Laptops,Computers
369,376,Adventure Works Laptop12 M1201 Silver,Adventure Works,Laptops,Laptops,Computers
370,377,Adventure Works Laptop16 M1601 Silver,Adventure Works,Laptops,Laptops,Computers
371,378,Adventure Works Laptop15.4W M1548 Silver,Adventure Works,Laptops,Laptops,Computers
372,379,Adventure Works Laptop8.9 E0890 Silver,Adventure Works,Laptops,Laptops,Computers
373,380,Adventure Works Laptop19W X1980 Red,Adventure Works,Laptops,Laptops,Computers
374,381,Adventure Works Laptop15 M1501 Red,Adventure Works,Laptops,Laptops,Computers
375,382,Adventure Works Laptop12 M1201 Red,Adventure Works,Laptops,Laptops,Computers
376,383,Adventure Works Laptop16 M1601 Red,Adventure Works,Laptops,Laptops,Computers
377,384,Adventure Works Laptop15.4W M1548 Red,Adventure Works,Laptops,Laptops,Computers
378,385,Adventure Works Laptop8.9 E0890 Red,Adventure Works,Laptops,Laptops,Computers
379,386,Adventure Works Laptop19W X1980 Blue,Adventure Works,Laptops,Laptops,Computers
380,387,Adventure Works Laptop15 M1501 Blue,Adventure Works,Laptops,Laptops,Computers
381,388,Adventure Works Laptop12 M1201 Blue,Adventure Works,Laptops,Laptops,Computers
382,389,Adventure Works Laptop16 M1601 Blue,Adventure Works,Laptops,Laptops,Computers
383,390,WWI Laptop19W X0196 Black,Wide World Importers,Laptops,Laptops,Computers
384,391,WWI Laptop15 M0150 Black,Wide World Importers,Laptops,Laptops,Computers
385,392,WWI Laptop12 M0120 Black,Wide World Importers,Laptops,Laptops,Computers
386,393,WWI Laptop16 M0160 Black,Wide World Importers,Laptops,Laptops,Computers
387,394,WWI Laptop15.4W M0156 Black,Wide World Importers,Laptops,Laptops,Computers
388,395,WWI Laptop8.9 E0089 Black,Wide World Importers,Laptops,Laptops,Computers
389,396,WWI Laptop19W X0196 White,Wide World Importers,Laptops,Laptops,Computers
390,397,WWI Laptop15 M0150 White,Wide World Importers,Laptops,Laptops,Computers
391,398,WWI Laptop12 M0120 White,Wide World Importers,Laptops,Laptops,Computers
392,399,WWI Laptop16 M0160 White,Wide World Importers,Laptops,Laptops,Computers
393,400,WWI Laptop15.4W M0156 White,Wide World Importers,Laptops,Laptops,Computers
394,401,WWI Laptop8.9 E0089 White,Wide World Importers,Laptops,Laptops,Computers
395,402,WWI Laptop19W X0196 Blue,Wide World Importers,Laptops,Laptops,Computers
396,403,WWI Laptop15 M0150 Blue,Wide World Importers,Laptops,Laptops,Computers
397,405,Proseware Laptop15 M510 Black,Proseware,Laptops,Laptops,Computers
398,406,Proseware Laptop12 M210 Black,Proseware,Laptops,Laptops,Computers
399,407,Proseware Laptop16 M610 Black,Proseware,Laptops,Laptops,Computers
400,408,Proseware Laptop15.4W M518 Black,Proseware,Laptops,Laptops,Computers
401,409,Proseware Laptop8.9 E089 Black,Proseware,Laptops,Laptops,Computers
402,412,Proseware Laptop12 M210 White,Proseware,Laptops,Laptops,Computers
403,413,Proseware Laptop16 M610 White,Proseware,Laptops,Laptops,Computers
404,414,Proseware Laptop15.4W M518 White,Proseware,Laptops,Laptops,Computers
405,415,Proseware Laptop8.9 E089 White,Proseware,Laptops,Laptops,Computers
406,416,Adventure Works Desktop PC2.33 XD233 Silver,Adventure Works,Desktops,Desktops,Computers
407,417,Adventure Works Desktop PC2.30 MD230 Silver,Adventure Works,Desktops,Desktops,Computers
408,418,Adventure Works Desktop PC1.60 ED160 Silver,Adventure Works,Desktops,Desktops,Computers
409,419,Adventure Works Desktop PC1.80 ED180 Silver,Adventure Works,Desktops,Desktops,Computers
410,420,Adventure Works Desktop PC1.80 ED182 Silver,Adventure Works,Desktops,Desktops,Computers
411,421,Adventure Works Desktop PC3.0 MS300 Silver,Adventure Works,Desktops,Desktops,Computers
412,422,Adventure Works Desktop PC2.33 XD233 Black,Adventure Works,Desktops,Desktops,Computers
413,423,Adventure Works Desktop PC2.30 MD230 Black,Adventure Works,Desktops,Desktops,Computers
414,424,Adventure Works Desktop PC1.60 ED160 Black,Adventure Works,Desktops,Desktops,Computers
415,425,Adventure Works Desktop PC1.80 ED180 Black,Adventure Works,Desktops,Desktops,Computers
416,426,Adventure Works Desktop PC1.80 ED182 Black,Adventure Works,Desktops,Desktops,Computers
417,427,Adventure Works Desktop PC3.0 MS300 Black,Adventure Works,Desktops,Desktops,Computers
418,428,Adventure Works Desktop PC2.33 XD233 Brown,Adventure Works,Desktops,Desktops,Computers
419,429,Adventure Works Desktop PC2.30 MD230 Brown,Adventure Works,Desktops,Desktops,Computers
420,430,Adventure Works Desktop PC1.60 ED160 Brown,Adventure Works,Desktops,Desktops,Computers
421,431,Adventure Works Desktop PC1.80 ED180 Brown,Adventure Works,Desktops,Desktops,Computers
422,432,Adventure Works Desktop PC1.80 ED182 Brown,Adventure Works,Desktops,Desktops,Computers
423,433,Adventure Works Desktop PC2.33 XD233 White,Adventure Works,Desktops,Desktops,Computers
424,434,Adventure Works Desktop PC2.30 MD230 White,Adventure Works,Desktops,Desktops,Computers
425,435,Adventure Works Desktop PC1.60 ED160 White,Adventure Works,Desktops,Desktops,Computers
426,436,Adventure Works Desktop PC1.80 ED180 White,Adventure Works,Desktops,Desktops,Computers
427,437,Adventure Works Desktop PC1.80 ED182 White,Adventure Works,Desktops,Desktops,Computers
428,438,WWI Desktop PC2.33 X2330 Silver,Wide World Importers,Desktops,Desktops,Computers
429,439,WWI Desktop PC2.30 M2300 Brown,Wide World Importers,Desktops,Desktops,Computers
430,440,WWI Desktop PC1.60 E1600 Silver,Wide World Importers,Desktops,Desktops,Computers
431,441,WWI Desktop PC1.80 E1800 Brown,Wide World Importers,Desktops,Desktops,Computers
432,442,WWI Desktop PC1.80 E1801 Silver,Wide World Importers,Desktops,Desktops,Computers
433,443,WWI Desktop PC3.0 M0300 Silver,Wide World Importers,Desktops,Desktops,Computers
434,444,WWI Desktop PC2.33 X2330 Black,Wide World Importers,Desktops,Desktops,Computers
435,445,WWI Desktop PC2.30 M2300 Black,Wide World Importers,Desktops,Desktops,Computers
436,446,WWI Desktop PC1.60 E1600 Black,Wide World Importers,Desktops,Desktops,Computers
437,447,WWI Desktop PC1.80 E1800 Black,Wide World Importers,Desktops,Desktops,Computers
438,448,WWI Desktop PC1.80 E1801 Black,Wide World Importers,Desktops,Desktops,Computers
439,449,WWI Desktop PC3.0 M0300 Black,Wide World Importers,Desktops,Desktops,Computers
440,450,WWI Desktop PC2.33 X2330 Brown,Wide World Importers,Desktops,Desktops,Computers
441,451,WWI Desktop PC2.30 M2300 Silver,Wide World Importers,Desktops,Desktops,Computers
442,452,WWI Desktop PC1.60 E1600 Red,Wide World Importers,Desktops,Desktops,Computers
443,453,WWI Desktop PC1.80 E1800 Silver,Wide World Importers,Desktops,Desktops,Computers
444,454,WWI Desktop PC1.80 E1801 Brown,Wide World Importers,Desktops,Desktops,Computers
445,455,WWI Desktop PC2.33 X2330 White,Wide World Importers,Desktops,Desktops,Computers
446,456,WWI Desktop PC2.30 M2300 White,Wide World Importers,Desktops,Desktops,Computers
447,457,WWI Desktop PC1.60 E1600 White,Wide World Importers,Desktops,Desktops,Computers
448,458,WWI Desktop PC1.80 E1800 White,Wide World Importers,Desktops,Desktops,Computers
449,459,WWI Desktop PC1.80 E1801 White,Wide World Importers,Desktops,Desktops,Computers
450,460,WWI Desktop PC1.80 E1802 White,Wide World Importers,Desktops,Desktops,Computers
451,461,Proseware LCD24 X300 Black,Proseware,Monitors,Monitors,Computers
452,462,Proseware LCD24W X300 Black,Proseware,Monitors,Monitors,Computers
453,463,Proseware LCD22 M2000 Black,Proseware,Monitors,Monitors,Computers
454,464,Proseware LCD22W M2001 Black,Proseware,Monitors,Monitors,Computers
455,465,Proseware LCD20 M200 Black,Proseware,Monitors,Monitors,Computers
456,466,Proseware LCD20W M230 Black,Proseware,Monitors,Monitors,Computers
457,467,Proseware LCD19 E1000 Black,Proseware,Monitors,Monitors,Computers
458,468,Proseware LCD19W M100 Black,Proseware,Monitors,Monitors,Computers
459,469,Proseware LCD17 E200 Black,Proseware,Monitors,Monitors,Computers
460,470,Proseware LCD17W E202 Black,Proseware,Monitors,Monitors,Computers
461,471,Proseware LCD15 E103 Black,Proseware,Monitors,Monitors,Computers
462,472,Proseware CRT19 E201 Black,Proseware,Monitors,Monitors,Computers
463,473,Proseware CRT17 E104 Black,Proseware,Monitors,Monitors,Computers
464,474,Proseware CRT15 E10 Black,Proseware,Monitors,Monitors,Computers
465,475,Proseware LCD24 X300 White,Proseware,Monitors,Monitors,Computers
466,477,Proseware LCD22 M2000 White,Proseware,Monitors,Monitors,Computers
467,478,Proseware LCD22W M2001 White,Proseware,Monitors,Monitors,Computers
468,479,Proseware LCD20 M200 White,Proseware,Monitors,Monitors,Computers
469,480,Proseware LCD20W M230 White,Proseware,Monitors,Monitors,Computers
470,481,Proseware LCD19 E1000 White,Proseware,Monitors,Monitors,Computers
471,482,Proseware LCD19W M100 White,Proseware,Monitors,Monitors,Computers
472,483,Proseware LCD17 E200 White,Proseware,Monitors,Monitors,Computers
473,484,Proseware LCD17W E202 White,Proseware,Monitors,Monitors,Computers
474,485,Proseware LCD15 E103 White,Proseware,Monitors,Monitors,Computers
475,486,Proseware CRT19 E201 White,Proseware,Monitors,Monitors,Computers
476,487,Proseware CRT17 E104 White,Proseware,Monitors,Monitors,Computers
477,488,Proseware CRT15 E10 White,Proseware,Monitors,Monitors,Computers
478,490,Adventure Works LCD24W X300 Black,Adventure Works,Monitors,Monitors,Computers
479,491,Adventure Works LCD22 M200 Black,Adventure Works,Monitors,Monitors,Computers
480,492,Adventure Works LCD22W M200 Black,Adventure Works,Monitors,Monitors,Computers
481,493,Adventure Works LCD20 M210 Black,Adventure Works,Monitors,Monitors,Computers
482,494,Adventure Works LCD20W M240 Black,Adventure Works,Monitors,Monitors,Computers
483,495,Adventure Works LCD19 E108 Black,Adventure Works,Monitors,Monitors,Computers
484,496,Adventure Works LCD19W M100 Black,Adventure Works,Monitors,Monitors,Computers
485,497,Adventure Works LCD17 E200 Black,Adventure Works,Monitors,Monitors,Computers
486,498,Adventure Works LCD17W E203 Black,Adventure Works,Monitors,Monitors,Computers
487,499,Adventure Works LCD15 E100 Black,Adventure Works,Monitors,Monitors,Computers
488,500,Adventure Works CRT19 E10 Black,Adventure Works,Monitors,Monitors,Computers
489,501,Adventure Works CRT17 E105 Black,Adventure Works,Monitors,Monitors,Computers
490,502,Adventure Works CRT15 E101 Black,Adventure Works,Monitors,Monitors,Computers
491,503,Adventure Works LCD24 X300 White,Adventure Works,Monitors,Monitors,Computers
492,504,Adventure Works LCD24W X300 White,Adventure Works,Monitors,Monitors,Computers
493,505,Adventure Works LCD22 M200 White,Adventure Works,Monitors,Monitors,Computers
494,506,Adventure Works LCD22W M200 White,Adventure Works,Monitors,Monitors,Computers
495,507,Adventure Works LCD20 M210 White,Adventure Works,Monitors,Monitors,Computers
496,508,Adventure Works LCD20W M240 White,Adventure Works,Monitors,Monitors,Computers
497,509,Adventure Works LCD19 E108 White,Adventure Works,Monitors,Monitors,Computers
498,510,Adventure Works LCD19W M100 White,Adventure Works,Monitors,Monitors,Computers
499,511,Adventure Works LCD17 E200 White,Adventure Works,Monitors,Monitors,Computers
500,512,Adventure Works LCD17W E203 White,Adventure Works,Monitors,Monitors,Computers
501,513,Adventure Works LCD15 E100 White,Adventure Works,Monitors,Monitors,Computers
502,514,Adventure Works CRT19 E10 White,Adventure Works,Monitors,Monitors,Computers
503,515,Adventure Works CRT17 E105 White,Adventure Works,Monitors,Monitors,Computers
504,516,Adventure Works CRT15 E101 White,Adventure Works,Monitors,Monitors,Computers
505,517,WWI LCD24 X300 Black,Wide World Importers,Monitors,Monitors,Computers
506,518,WWI LCD24W X300 Black,Wide World Importers,Monitors,Monitors,Computers
507,519,WWI LCD22 M2002 Black,Wide World Importers,Monitors,Monitors,Computers
508,520,WWI LCD22W M2003 Black,Wide World Importers,Monitors,Monitors,Computers
509,521,WWI LCD20 M220 Black,Wide World Importers,Monitors,Monitors,Computers
510,522,WWI LCD20W M250 Black,Wide World Importers,Monitors,Monitors,Computers
511,523,WWI LCD19 E107 Black,Wide World Importers,Monitors,Monitors,Computers
512,524,WWI LCD19W M100 Black,Wide World Importers,Monitors,Monitors,Computers
513,525,WWI LCD17 E200 Black,Wide World Importers,Monitors,Monitors,Computers
514,526,WWI LCD17W E200 Black,Wide World Importers,Monitors,Monitors,Computers
515,527,WWI CRT17 E106 Black,Wide World Importers,Monitors,Monitors,Computers
516,528,WWI LCD24 X300 White,Wide World Importers,Monitors,Monitors,Computers
517,529,WWI LCD24W X300 White,Wide World Importers,Monitors,Monitors,Computers
518,530,WWI LCD22 M2002 White,Wide World Importers,Monitors,Monitors,Computers
519,531,WWI LCD22W M2003 White,Wide World Importers,Monitors,Monitors,Computers
520,532,WWI LCD20 M220 White,Wide World Importers,Monitors,Monitors,Computers
521,533,WWI LCD20W M250 White,Wide World Importers,Monitors,Monitors,Computers
522,534,WWI LCD19 E107 White,Wide World Importers,Monitors,Monitors,Computers
523,535,WWI LCD19W M100 White,Wide World Importers,Monitors,Monitors,Computers
524,536,WWI LCD17 E205 White,Wide World Importers,Monitors,Monitors,Computers
525,537,WWI LCD17W E200 White,Wide World Importers,Monitors,Monitors,Computers
526,538,WWI CRT17 E106 White,Wide World Importers,Monitors,Monitors,Computers
527,539,Proseware Projector 1080p LCD86 Black,Proseware,Projectors & Screens,Projectors & Screens,Computers
528,540,Proseware Projector 1080p DLP86 Black,Proseware,Projectors & Screens,Projectors & Screens,Computers
529,541,Proseware Projector 720p LCD56 Black,Proseware,Projectors & Screens,Projectors & Screens,Computers
530,542,Proseware Projector 720p DLP56 Black,Proseware,Projectors & Screens,Projectors & Screens,Computers
531,543,Proseware Projector 480p LCD12 Black,Proseware,Projectors & Screens,Projectors & Screens,Computers
532,544,Proseware Projector 480p DLP12 Black,Proseware,Projectors & Screens,Projectors & Screens,Computers
533,545,Proseware Screen 125in X1609 Black,Proseware,Projectors & Screens,Projectors & Screens,Computers
534,546,Proseware Screen 113in X1609 Black,Proseware,Projectors & Screens,Projectors & Screens,Computers
535,547,Proseware Screen 106in M1609 Black,Proseware,Projectors & Screens,Projectors & Screens,Computers
536,548,Proseware Screen 100in M1609 Black,Proseware,Projectors & Screens,Projectors & Screens,Computers
537,549,Proseware Screen 85in E1010 Black,Proseware,Projectors & Screens,Projectors & Screens,Computers
538,550,Proseware Screen 80in E1010 Black,Proseware,Projectors & Screens,Projectors & Screens,Computers
539,551,Proseware Projector 1080p LCD86 White,Proseware,Projectors & Screens,Projectors & Screens,Computers
540,552,Proseware Projector 1080p DLP86 White,Proseware,Projectors & Screens,Projectors & Screens,Computers
541,553,Proseware Projector 720p LCD56 White,Proseware,Projectors & Screens,Projectors & Screens,Computers
542,554,Proseware Projector 720p DLP56 White,Proseware,Projectors & Screens,Projectors & Screens,Computers
543,555,Proseware Projector 480p LCD12 White,Proseware,Projectors & Screens,Projectors & Screens,Computers
544,556,Proseware Projector 480p DLP12 White,Proseware,Projectors & Screens,Projectors & Screens,Computers
545,558,Proseware Screen 113in X1609 White,Proseware,Projectors & Screens,Projectors & Screens,Computers
546,559,Proseware Screen 106in M1609 White,Proseware,Projectors & Screens,Projectors & Screens,Computers
547,560,Proseware Screen 100in M1609 White,Proseware,Projectors & Screens,Projectors & Screens,Computers
548,561,Proseware Screen 85in E1010 White,Proseware,Projectors & Screens,Projectors & Screens,Computers
549,562,Proseware Screen 80in E1010 White,Proseware,Projectors & Screens,Projectors & Screens,Computers
550,563,Proseware Projector 1080p LCD86 Silver,Proseware,Projectors & Screens,Projectors & Screens,Computers
551,564,Proseware Projector 1080p DLP86 Silver,Proseware,Projectors & Screens,Projectors & Screens,Computers
552,565,Proseware Projector 720p LCD56 Silver,Proseware,Projectors & Screens,Projectors & Screens,Computers
553,566,Proseware Projector 720p DLP56 Silver,Proseware,Projectors & Screens,Projectors & Screens,Computers
554,567,Proseware Projector 480p LCD12 Silver,Proseware,Projectors & Screens,Projectors & Screens,Computers
555,568,Proseware Projector 480p DLP12 Silver,Proseware,Projectors & Screens,Projectors & Screens,Computers
556,569,Proseware Screen 125in X1609 Silver,Proseware,Projectors & Screens,Projectors & Screens,Computers
557,570,Proseware Screen 113in X1609 Silver,Proseware,Projectors & Screens,Projectors & Screens,Computers
558,571,Proseware Screen 106in M1609 Silver,Proseware,Projectors & Screens,Projectors & Screens,Computers
559,572,Proseware Screen 100in M1609 Silver,Proseware,Projectors & Screens,Projectors & Screens,Computers
560,573,Proseware Screen 85in E1010 Silver,Proseware,Projectors & Screens,Projectors & Screens,Computers
561,574,Proseware Screen 80in E1010 Silver,Proseware,Projectors & Screens,Projectors & Screens,Computers
562,575,Contoso Projector 1080p X980 Black,Contoso,Projectors & Screens,Projectors & Screens,Computers
563,576,Contoso Projector 1080p X981 Black,Contoso,Projectors & Screens,Projectors & Screens,Computers
564,577,Contoso Projector 720p M620 Black,Contoso,Projectors & Screens,Projectors & Screens,Computers
565,578,Contoso Projector 720p M621 Black,Contoso,Projectors & Screens,Projectors & Screens,Computers
566,579,Contoso Projector 480p M480 Black,Contoso,Projectors & Screens,Projectors & Screens,Computers
567,580,Contoso Projector 480p M481 Black,Contoso,Projectors & Screens,Projectors & Screens,Computers
568,581,Contoso Screen 125in M250 Black,Contoso,Projectors & Screens,Projectors & Screens,Computers
569,582,Contoso Screen 113in M251 Black,Contoso,Projectors & Screens,Projectors & Screens,Computers
570,583,Contoso Screen 106in M060 Black,Contoso,Projectors & Screens,Projectors & Screens,Computers
571,584,Contoso Screen 100in E010 Black,Contoso,Projectors & Screens,Projectors & Screens,Computers
572,585,Contoso Screen 85in E085 Black,Contoso,Projectors & Screens,Projectors & Screens,Computers
573,586,Contoso Screen 80in E080 Black,Contoso,Projectors & Screens,Projectors & Screens,Computers
574,587,Contoso Projector 1080p X980 White,Contoso,Projectors & Screens,Projectors & Screens,Computers
575,588,Contoso Projector 1080p X981 White,Contoso,Projectors & Screens,Projectors & Screens,Computers
576,589,Contoso Projector 720p M620 White,Contoso,Projectors & Screens,Projectors & Screens,Computers
577,590,Contoso Projector 720p M621 White,Contoso,Projectors & Screens,Projectors & Screens,Computers
578,591,Contoso Projector 480p M480 White,Contoso,Projectors & Screens,Projectors & Screens,Computers
579,592,Contoso Projector 480p M481 White,Contoso,Projectors & Screens,Projectors & Screens,Computers
580,593,Contoso Screen 125in M250 White,Contoso,Projectors & Screens,Projectors & Screens,Computers
581,594,Contoso Screen 113in M251 White,Contoso,Projectors & Screens,Projectors & Screens,Computers
582,595,Contoso Screen 106in M060 White,Contoso,Projectors & Screens,Projectors & Screens,Computers
583,596,Contoso Screen 100in E010 White,Contoso,Projectors & Screens,Projectors & Screens,Computers
584,597,Contoso Screen 85in E085 White,Contoso,Projectors & Screens,Projectors & Screens,Computers
585,598,Contoso Screen 80in E080 White,Contoso,Projectors & Screens,Projectors & Screens,Computers
586,599,Contoso Projector 1080p X980 Silver,Contoso,Projectors & Screens,Projectors & Screens,Computers
587,600,Contoso Projector 1080p X981 Silver,Contoso,Projectors & Screens,Projectors & Screens,Computers
588,601,Contoso Projector 720p M620 Silver,Contoso,Projectors & Screens,Projectors & Screens,Computers
589,602,Contoso Projector 720p M621 Silver,Contoso,Projectors & Screens,Projectors & Screens,Computers
590,603,Contoso Projector 480p M480 Silver,Contoso,Projectors & Screens,Projectors & Screens,Computers
591,604,Contoso Projector 480p M481 Silver,Contoso,Projectors & Screens,Projectors & Screens,Computers
592,605,Contoso Screen 125in M250 Silver,Contoso,Projectors & Screens,Projectors & Screens,Computers
593,606,Contoso Screen 113in M251 Silver,Contoso,Projectors & Screens,Projectors & Screens,Computers
594,607,Contoso Screen 106in M060 Silver,Contoso,Projectors & Screens,Projectors & Screens,Computers
595,608,Contoso Screen 100in E010 Silver,Contoso,Projectors & Screens,Projectors & Screens,Computers
596,609,Contoso Screen 85in E085 Silver,Contoso,Projectors & Screens,Projectors & Screens,Computers
597,610,Contoso Screen 80in E080 Silver,Contoso,Projectors & Screens,Projectors & Screens,Computers
598,612,WWI Projector 1080p DLP86 Black,Wide World Importers,Projectors & Screens,Projectors & Screens,Computers
599,613,WWI Projector 720p LCD56 Black,Wide World Importers,Projectors & Screens,Projectors & Screens,Computers
600,614,WWI Projector 720p DLP56 Black,Wide World Importers,Projectors & Screens,Projectors & Screens,Computers
601,615,WWI Projector 480p LCD12 Black,Wide World Importers,Projectors & Screens,Projectors & Screens,Computers
602,616,WWI Projector 480p DLP12 Black,Wide World Importers,Projectors & Screens,Projectors & Screens,Computers
603,617,WWI Screen 125in M1611 Black,Wide World Importers,Projectors & Screens,Projectors & Screens,Computers
604,618,WWI Screen 113in M1610 Black,Wide World Importers,Projectors & Screens,Projectors & Screens,Computers
605,619,WWI Screen 106in M1609 Black,Wide World Importers,Projectors & Screens,Projectors & Screens,Computers
606,620,WWI Screen 100in M1609 Black,Wide World Importers,Projectors & Screens,Projectors & Screens,Computers
607,621,WWI Screen 85in E1010 Black,Wide World Importers,Projectors & Screens,Projectors & Screens,Computers
608,622,WWI Projector 1080p LCD86 White,Wide World Importers,Projectors & Screens,Projectors & Screens,Computers
609,623,WWI Projector 1080p DLP86 White,Wide World Importers,Projectors & Screens,Projectors & Screens,Computers
610,624,WWI Projector 720p LCD56 White,Wide World Importers,Projectors & Screens,Projectors & Screens,Computers
611,625,WWI Projector 720p DLP56 White,Wide World Importers,Projectors & Screens,Projectors & Screens,Computers
612,626,WWI Projector 480p LCD12 White,Wide World Importers,Projectors & Screens,Projectors & Screens,Computers
613,627,WWI Projector 480p DLP12 White,Wide World Importers,Projectors & Screens,Projectors & Screens,Computers
614,628,WWI Screen 125in M1611 White,Wide World Importers,Projectors & Screens,Projectors & Screens,Computers
615,629,WWI Screen 113in M1610 White,Wide World Importers,Projectors & Screens,Projectors & Screens,Computers
616,630,WWI Screen 106in M1609 White,Wide World Importers,Projectors & Screens,Projectors & Screens,Computers
617,631,WWI Screen 100in M1609 White,Wide World Importers,Projectors & Screens,Projectors & Screens,Computers
618,632,WWI Screen 85in E1010 White,Wide World Importers,Projectors & Screens,Projectors & Screens,Computers
619,633,WWI Projector 1080p LCD86 Silver,Wide World Importers,Projectors & Screens,Projectors & Screens,Computers
620,634,WWI Projector 1080p DLP86 Silver,Wide World Importers,Projectors & Screens,Projectors & Screens,Computers
621,636,WWI Projector 720p DLP56 Silver,Wide World Importers,Projectors & Screens,Projectors & Screens,Computers
622,637,WWI Projector 480p LCD12 Silver,Wide World Importers,Projectors & Screens,Projectors & Screens,Computers
623,638,WWI Projector 480p DLP12 Silver,Wide World Importers,Projectors & Screens,Projectors & Screens,Computers
624,639,WWI Screen 125in M1611 Silver,Wide World Importers,Projectors & Screens,Projectors & Screens,Computers
625,640,WWI Screen 113in M1610 Silver,Wide World Importers,Projectors & Screens,Projectors & Screens,Computers
626,641,WWI Screen 106in M1609 Silver,Wide World Importers,Projectors & Screens,Projectors & Screens,Computers
627,642,Proseware Photo Ink Jet Printer M100 Black,Proseware,"Printers, Scanners & Fax","Printers, Scanners & Fax",Computers
628,643,Proseware Ink Jet All in one M300 Black,Proseware,"Printers, Scanners & Fax","Printers, Scanners & Fax",Computers
629,644,Proseware Laser Jet Printer E100 Black,Proseware,"Printers, Scanners & Fax","Printers, Scanners & Fax",Computers
630,645,Proseware Laser Jet Color Printer X300 Black,Proseware,"Printers, Scanners & Fax","Printers, Scanners & Fax",Computers
631,646,Proseware Laser Jet All in one X300 Black,Proseware,"Printers, Scanners & Fax","Printers, Scanners & Fax",Computers
632,647,Proseware Fax phone E100 Black,Proseware,"Printers, Scanners & Fax","Printers, Scanners & Fax",Computers
633,648,Proseware Fax Machine E100 Black,Proseware,"Printers, Scanners & Fax","Printers, Scanners & Fax",Computers
634,649,Proseware Laser Fax Printer E100 Black,Proseware,"Printers, Scanners & Fax","Printers, Scanners & Fax",Computers
635,650,Proseware Ink Jet Fax Machine E100 Black,Proseware,"Printers, Scanners & Fax","Printers, Scanners & Fax",Computers
636,651,Proseware Mobile Receipt and Document Scanner M200 Black,Proseware,"Printers, Scanners & Fax","Printers, Scanners & Fax",Computers
637,652,Proseware Scan Jet Digital Flat Bed Scanner M300 Black,Proseware,"Printers, Scanners & Fax","Printers, Scanners & Fax",Computers
638,653,Proseware All-In-One Photo Printer M200 Black,Proseware,"Printers, Scanners & Fax","Printers, Scanners & Fax",Computers
639,654,Proseware Ink Jet Wireless All-In-One Printer M400 Black,Proseware,"Printers, Scanners & Fax","Printers, Scanners & Fax",Computers
640,655,Proseware Ink Jet Instant PDF Sheet-Fed Scanner M300 Black,Proseware,"Printers, Scanners & Fax","Printers, Scanners & Fax",Computers
641,656,"Proseware Desk Jet All-in-One Printer, Scanner, Copier M350 Black",Proseware,"Printers, Scanners & Fax","Printers, Scanners & Fax",Computers
642,657,Proseware Duplex Scanner M200 Black,Proseware,"Printers, Scanners & Fax","Printers, Scanners & Fax",Computers
643,658,Proseware High Speed Laser M2000 Black,Proseware,"Printers, Scanners & Fax","Printers, Scanners & Fax",Computers
644,659,Proseware Laser Fax Printer M250 Black,Proseware,"Printers, Scanners & Fax","Printers, Scanners & Fax",Computers
645,660,"Proseware Color Ink Jet Fax, Copier, Phone M250 Black",Proseware,"Printers, Scanners & Fax","Printers, Scanners & Fax",Computers
646,661,Proseware Color Inkjet Fax with 5.8 GHz Cordless Handset X250 Black,Proseware,"Printers, Scanners & Fax","Printers, Scanners & Fax",Computers
647,662,Proseware Slim-Design Fax Machine with Answering System X180 Black,Proseware,"Printers, Scanners & Fax","Printers, Scanners & Fax",Computers
648,663,Proseware High-Performance Business-Class Laser Fax X200 Black,Proseware,"Printers, Scanners & Fax","Printers, Scanners & Fax",Computers
649,664,Proseware Professional Quality Plain-Paper Fax and Copier X100 Black,Proseware,"Printers, Scanners & Fax","Printers, Scanners & Fax",Computers
650,665,Proseware Photo Inkjet Printer E290 Black,Proseware,"Printers, Scanners & Fax","Printers, Scanners & Fax",Computers
651,666,Proseware Office Jet All-in-One Printer M500 Black,Proseware,"Printers, Scanners & Fax","Printers, Scanners & Fax",Computers
652,667,Proseware Office Jet Wireless All-in-One Inkjet Printer M600 Black,Proseware,"Printers, Scanners & Fax","Printers, Scanners & Fax",Computers
653,668,Proseware Photo smart All-in-One Printer M380 Black,Proseware,"Printers, Scanners & Fax","Printers, Scanners & Fax",Computers
654,669,Proseware Wireless Photo All-in-One Printer M390 Black,Proseware,"Printers, Scanners & Fax","Printers, Scanners & Fax",Computers
655,670,Proseware 23ppm Laser Printer with Wireless and Wired Network Interfaces M680 Black,Proseware,"Printers, Scanners & Fax","Printers, Scanners & Fax",Computers
656,671,Proseware Photo Inkjet Printer M100 Grey,Proseware,"Printers, Scanners & Fax","Printers, Scanners & Fax",Computers
657,672,Proseware Ink Jet All in one M300 Grey,Proseware,"Printers, Scanners & Fax","Printers, Scanners & Fax",Computers
658,673,Proseware Laser Jet Printer E100 Grey,Proseware,"Printers, Scanners & Fax","Printers, Scanners & Fax",Computers
659,674,Proseware Laser Jet Color Printer X300 Grey,Proseware,"Printers, Scanners & Fax","Printers, Scanners & Fax",Computers
660,675,Proseware Laser Jet All in one X300 Grey,Proseware,"Printers, Scanners & Fax","Printers, Scanners & Fax",Computers
661,676,Proseware Fax phone E100 Grey,Proseware,"Printers, Scanners & Fax","Printers, Scanners & Fax",Computers
662,677,Proseware Fax Machine E100 Grey,Proseware,"Printers, Scanners & Fax","Printers, Scanners & Fax",Computers
663,678,Proseware Laser Fax Printer E100 Grey,Proseware,"Printers, Scanners & Fax","Printers, Scanners & Fax",Computers
664,679,Proseware Ink Jet Fax Machine E100 Grey,Proseware,"Printers, Scanners & Fax","Printers, Scanners & Fax",Computers
665,680,Proseware Mobile Receipt and Document Scanner M200 Grey,Proseware,"Printers, Scanners & Fax","Printers, Scanners & Fax",Computers
666,681,Proseware Scan Jet Digital Flat Bed Scanner M300 Grey,Proseware,"Printers, Scanners & Fax","Printers, Scanners & Fax",Computers
667,682,Proseware All-In-One Photo Printer M200 Grey,Proseware,"Printers, Scanners & Fax","Printers, Scanners & Fax",Computers
668,683,Proseware Ink Jet Wireless All-In-One Printer M400 Grey,Proseware,"Printers, Scanners & Fax","Printers, Scanners & Fax",Computers
669,684,Proseware Ink Jet Instant PDF Sheet-Fed Scanner M300 Grey,Proseware,"Printers, Scanners & Fax","Printers, Scanners & Fax",Computers
670,685,"Proseware Desk Jet All-in-One Printer, Scanner, Copier M350 Grey",Proseware,"Printers, Scanners & Fax","Printers, Scanners & Fax",Computers
671,686,Proseware Duplex Scanner M200 Grey,Proseware,"Printers, Scanners & Fax","Printers, Scanners & Fax",Computers
672,687,Proseware High Speed Laser Fax M2000 Grey,Proseware,"Printers, Scanners & Fax","Printers, Scanners & Fax",Computers
673,688,Proseware Laser Fax Printer M250 Grey,Proseware,"Printers, Scanners & Fax","Printers, Scanners & Fax",Computers
674,689,"Proseware Color Ink Jet Fax, Copier, Phone M250 Grey",Proseware,"Printers, Scanners & Fax","Printers, Scanners & Fax",Computers
675,690,Proseware Color Ink Jet Fax with 5.8 GHz Cordless Handset X250 Grey,Proseware,"Printers, Scanners & Fax","Printers, Scanners & Fax",Computers
676,691,Proseware Slim-Design Fax Machine with Answering System X180 Grey,Proseware,"Printers, Scanners & Fax","Printers, Scanners & Fax",Computers
677,692,Proseware High-Performance Business-Class Laser Fax X200 Grey,Proseware,"Printers, Scanners & Fax","Printers, Scanners & Fax",Computers
678,693,Proseware Professional Quality Plain-Paper Fax and Copier X100 Grey,Proseware,"Printers, Scanners & Fax","Printers, Scanners & Fax",Computers
679,694,Proseware Photo Ink Jet Printer E290 Grey,Proseware,"Printers, Scanners & Fax","Printers, Scanners & Fax",Computers
680,695,Proseware Office Jet All-in-One Printer M500 Grey,Proseware,"Printers, Scanners & Fax","Printers, Scanners & Fax",Computers
681,696,Proseware Office Jet Wireless All-in-One Inkjet Printer M600 Grey,Proseware,"Printers, Scanners & Fax","Printers, Scanners & Fax",Computers
682,697,Proseware Photo Smart All-in-One Printer M380 Grey,Proseware,"Printers, Scanners & Fax","Printers, Scanners & Fax",Computers
683,698,Proseware Wireless Photo All-in-One Printer M390 Grey,Proseware,"Printers, Scanners & Fax","Printers, Scanners & Fax",Computers
684,699,Proseware 23ppm Laser Printer with Wireless and Wired Network Interfaces M680 Grey,Proseware,"Printers, Scanners & Fax","Printers, Scanners & Fax",Computers
685,700,Proseware Photo Ink Jet Printer M100 White,Proseware,"Printers, Scanners & Fax","Printers, Scanners & Fax",Computers
686,701,Proseware Ink Jet All in one M300 White,Proseware,"Printers, Scanners & Fax","Printers, Scanners & Fax",Computers
687,702,Proseware Laser Jet Printer E100 White,Proseware,"Printers, Scanners & Fax","Printers, Scanners & Fax",Computers
688,703,Proseware Laser Jet Color Printer X300 White,Proseware,"Printers, Scanners & Fax","Printers, Scanners & Fax",Computers
689,704,Proseware Laser Jet All in one X300 White,Proseware,"Printers, Scanners & Fax","Printers, Scanners & Fax",Computers
690,705,Proseware Fax Phone E100 White,Proseware,"Printers, Scanners & Fax","Printers, Scanners & Fax",Computers
691,706,Proseware Fax Machine E100 White,Proseware,"Printers, Scanners & Fax","Printers, Scanners & Fax",Computers
692,707,Proseware Laser Fax Printer E100 White,Proseware,"Printers, Scanners & Fax","Printers, Scanners & Fax",Computers
693,708,Proseware Ink Jet Fax Machine E100 White,Proseware,"Printers, Scanners & Fax","Printers, Scanners & Fax",Computers
694,709,Proseware Mobile Receipt and Document Scanner M200 White,Proseware,"Printers, Scanners & Fax","Printers, Scanners & Fax",Computers
695,710,Proseware Scan Jet Digital Flat Bed Scanner M300 White,Proseware,"Printers, Scanners & Fax","Printers, Scanners & Fax",Computers
696,711,Proseware All-In-One Photo Printer M200 White,Proseware,"Printers, Scanners & Fax","Printers, Scanners & Fax",Computers
697,712,Proseware Ink Jet Wireless All-In-One Printer M400 White,Proseware,"Printers, Scanners & Fax","Printers, Scanners & Fax",Computers
698,713,Proseware Ink Jet Instant PDF Sheet-Fed Scanner M300 White,Proseware,"Printers, Scanners & Fax","Printers, Scanners & Fax",Computers
699,714,"Proseware Desk Jet All-in-One Printer, Scanner, Copier M350 White",Proseware,"Printers, Scanners & Fax","Printers, Scanners & Fax",Computers
700,715,Proseware Duplex Scanner M200 White,Proseware,"Printers, Scanners & Fax","Printers, Scanners & Fax",Computers
701,716,Proseware High Speed Laser M2000 White,Proseware,"Printers, Scanners & Fax","Printers, Scanners & Fax",Computers
702,717,Proseware Laser Fax Printer M250 White,Proseware,"Printers, Scanners & Fax","Printers, Scanners & Fax",Computers
703,718,"Proseware Color Ink jet Fax, Copier, Phone M250 White",Proseware,"Printers, Scanners & Fax","Printers, Scanners & Fax",Computers
704,719,Proseware Color Ink Jet Fax with 5.8 GHz Cordless Handset X250 White,Proseware,"Printers, Scanners & Fax","Printers, Scanners & Fax",Computers
705,720,Proseware Slim-Design Fax Machine with Answering System X180 White,Proseware,"Printers, Scanners & Fax","Printers, Scanners & Fax",Computers
706,721,Proseware High-Performance Business-Class Laser Fax X200 White,Proseware,"Printers, Scanners & Fax","Printers, Scanners & Fax",Computers
707,722,Proseware Professional Quality Plain-Paper Fax and Copier X100 White,Proseware,"Printers, Scanners & Fax","Printers, Scanners & Fax",Computers
708,723,Proseware Photo Ink jet Printer E290 White,Proseware,"Printers, Scanners & Fax","Printers, Scanners & Fax",Computers
709,724,Proseware Office Jet All-in-One Printer M500 White,Proseware,"Printers, Scanners & Fax","Printers, Scanners & Fax",Computers
710,725,Proseware Office Jet Wireless All-in-One Inkjet Printer M600 White,Proseware,"Printers, Scanners & Fax","Printers, Scanners & Fax",Computers
711,726,Proseware Photo Smart All-in-One Printer M380 White,Proseware,"Printers, Scanners & Fax","Printers, Scanners & Fax",Computers
712,727,Proseware Wireless Photo All-in-One Printer M390 White,Proseware,"Printers, Scanners & Fax","Printers, Scanners & Fax",Computers
713,728,Proseware 23ppm Laser Printer with Wireless and Wired Network Interfaces M680 White,Proseware,"Printers, Scanners & Fax","Printers, Scanners & Fax",Computers
714,729,Proseware Scan Jet Digital Flat Bed Scanner M300 Green,Proseware,"Printers, Scanners & Fax","Printers, Scanners & Fax",Computers
715,730,Proseware All-In-One Photo Printer M200 Green,Proseware,"Printers, Scanners & Fax","Printers, Scanners & Fax",Computers
716,731,Proseware Ink Jet Wireless All-In-One Printer M400 Green,Proseware,"Printers, Scanners & Fax","Printers, Scanners & Fax",Computers
717,732,Proseware Ink Jet Instant PDF Sheet-Fed Scanner M300 Green,Proseware,"Printers, Scanners & Fax","Printers, Scanners & Fax",Computers
718,733,"Proseware Desk Jet All-in-One Printer, Scanner, Copier M350 Green",Proseware,"Printers, Scanners & Fax","Printers, Scanners & Fax",Computers
719,734,Proseware Duplex Scanner M200 Green,Proseware,"Printers, Scanners & Fax","Printers, Scanners & Fax",Computers
720,735,Proseware High Speed Laser M2000 Green,Proseware,"Printers, Scanners & Fax","Printers, Scanners & Fax",Computers
721,736,Proseware Laser Fax Printer M250 Green,Proseware,"Printers, Scanners & Fax","Printers, Scanners & Fax",Computers
722,737,"Proseware Color Ink Jet Fax, Copier, Phone M250 Green",Proseware,"Printers, Scanners & Fax","Printers, Scanners & Fax",Computers
723,739,Proseware Slim-Design Fax Machine with Answering System X180 Green,Proseware,"Printers, Scanners & Fax","Printers, Scanners & Fax",Computers
724,740,Proseware High-Performance Business-Class Laser Fax X200 Green,Proseware,"Printers, Scanners & Fax","Printers, Scanners & Fax",Computers
725,741,Proseware Professional Quality Plain-Paper Fax and Copier X100 Green,Proseware,"Printers, Scanners & Fax","Printers, Scanners & Fax",Computers
726,742,Proseware Photo Inkjet Printer E290 Green,Proseware,"Printers, Scanners & Fax","Printers, Scanners & Fax",Computers
727,743,Contoso Rechargeable Battery E100 Black,Contoso,Computers Accessories,Computers Accessories,Computers
728,744,Contoso Dual USB Power Adapter - power adapter E300 Black,Contoso,Computers Accessories,Computers Accessories,Computers
729,745,Contoso Car power adapter M90 Black,Contoso,Computers Accessories,Computers Accessories,Computers
730,746,Contoso Notebook Peripheral Kit M69 Black,Contoso,Computers Accessories,Computers Accessories,Computers
731,747,Contoso Mouse Lock Bundle E200 Black,Contoso,Computers Accessories,Computers Accessories,Computers
732,748,Contoso Education Supplies Bundle E200 Black,Contoso,Computers Accessories,Computers Accessories,Computers
733,749,Contoso Laptop Starter Bundle M200 Black,Contoso,Computers Accessories,Computers Accessories,Computers
734,750,Contoso Education Essentials Bundle M300 Black,Contoso,Computers Accessories,Computers Accessories,Computers
735,751,Contoso Desktop Alternative Bundle E200 Black,Contoso,Computers Accessories,Computers Accessories,Computers
736,752,Contoso Power Inverter - DC to AC power inverter E900 Black,Contoso,Computers Accessories,Computers Accessories,Computers
737,753,Contoso Smart Battery M901 Black,Contoso,Computers Accessories,Computers Accessories,Computers
738,754,Contoso Laptop Cooling Hub notebook fan with 4 ports USB hub E80 Black,Contoso,Computers Accessories,Computers Accessories,Computers
739,755,Contoso Home/Office Laptop Power Adapter E300 Black,Contoso,Computers Accessories,Computers Accessories,Computers
740,756,Contoso USB 2.0 Dock Station docking station M800 Black,Contoso,Computers Accessories,Computers Accessories,Computers
741,757,Contoso Enhanced Capacity Battery M800 Black,Contoso,Computers Accessories,Computers Accessories,Computers
742,758,Contoso Connectivity Starter Kit Smart Buy M680 Black,Contoso,Computers Accessories,Computers Accessories,Computers
743,759,Contoso 90W AC/DC Power Adapter E300 Black,Contoso,Computers Accessories,Computers Accessories,Computers
744,760,Contoso Reserve Pen - Tablet Pen E200 Black,Contoso,Computers Accessories,Computers Accessories,Computers
745,761,Contoso USB Data Link-direct connect adapter E600 Black,Contoso,Computers Accessories,Computers Accessories,Computers
746,762,Contoso Primary Extended Capacity Battery Pack - notebook battery X100 Black,Contoso,Computers Accessories,Computers Accessories,Computers
747,763,Contoso Digital camera accessory kit M200 Black,Contoso,Computers Accessories,Computers Accessories,Computers
748,764,Contoso Leather Case - case for digital photo camera X20 Black,Contoso,Computers Accessories,Computers Accessories,Computers
749,765,Contoso Lens cap E80 Black,Contoso,Computers Accessories,Computers Accessories,Computers
750,766,Contoso Battery charger - bike E200 Black,Contoso,Computers Accessories,Computers Accessories,Computers
751,767,Contoso USB Optical Mouse E200 Black,Contoso,Computers Accessories,Computers Accessories,Computers
752,768,Contoso ADSL Modem Splitter/Filter X 1 E100 Black,Contoso,Computers Accessories,Computers Accessories,Computers
753,769,Contoso ADSL Modem Splitter/Filter X 2 E200 Black,Contoso,Computers Accessories,Computers Accessories,Computers
754,770,Contoso ADSL Modem Splitter/Filter X 3 E300 Black,Contoso,Computers Accessories,Computers Accessories,Computers
755,771,Contoso USB Wave Multi-media Keyboard E280 Black,Contoso,Computers Accessories,Computers Accessories,Computers
756,772,Contoso Cables To Go USB 2.0 Hard Drive Enclosure E920 Black,Contoso,Computers Accessories,Computers Accessories,Computers
757,773,Contoso USB Wave Multi-media Keyboard E280 Blue,Contoso,Computers Accessories,Computers Accessories,Computers
758,774,Contoso USB Optical Mouse E200 Blue,Contoso,Computers Accessories,Computers Accessories,Computers
759,775,Contoso Smart Battery M901 Blue,Contoso,Computers Accessories,Computers Accessories,Computers
760,776,Contoso Digital Camera Accessory kit M200 Blue,Contoso,Computers Accessories,Computers Accessories,Computers
761,777,Contoso Reserve Pen -Tablet Pen E200 Blue,Contoso,Computers Accessories,Computers Accessories,Computers
762,778,Contoso Rechargeable Battery E100 White,Contoso,Computers Accessories,Computers Accessories,Computers
763,779,Contoso Dual USB Power Adapter - power adapter E300 White,Contoso,Computers Accessories,Computers Accessories,Computers
764,780,Contoso Car power adapter M90 White,Contoso,Computers Accessories,Computers Accessories,Computers
765,781,Contoso Notebook Peripheral Kit M69 White,Contoso,Computers Accessories,Computers Accessories,Computers
766,782,Contoso Mouse Lock Bundle E200 White,Contoso,Computers Accessories,Computers Accessories,Computers
767,783,Contoso Education Supplies Bundle E200 White,Contoso,Computers Accessories,Computers Accessories,Computers
768,784,Contoso Laptop Starter Bundle M200 White,Contoso,Computers Accessories,Computers Accessories,Computers
769,785,Contoso Education Essentials Bundle M300 White,Contoso,Computers Accessories,Computers Accessories,Computers
770,786,Contoso Desktop Alternative Bundle E200 White,Contoso,Computers Accessories,Computers Accessories,Computers
771,787,Contoso Power Inverter - DC to AC power inverter E900 White,Contoso,Computers Accessories,Computers Accessories,Computers
772,788,Contoso Smart Battery M901 White,Contoso,Computers Accessories,Computers Accessories,Computers
773,789,Contoso Laptop Cooling Hub notebook fan with 4 ports USB hub E80 White,Contoso,Computers Accessories,Computers Accessories,Computers
774,790,Contoso Home/Office Laptop Power Adapter E300 White,Contoso,Computers Accessories,Computers Accessories,Computers
775,791,Contoso USB 2.0 Dock Station docking station M800 White,Contoso,Computers Accessories,Computers Accessories,Computers
776,792,Contoso Enhanced Capacity Battery M800 White,Contoso,Computers Accessories,Computers Accessories,Computers
777,793,Contoso Connectivity Starter Kit Smart Buy M680 White,Contoso,Computers Accessories,Computers Accessories,Computers
778,794,Contoso 90W AC/DC Power Adapter E300 White,Contoso,Computers Accessories,Computers Accessories,Computers
779,795,Contoso Reserve Pen - Tablet Pen E200 White,Contoso,Computers Accessories,Computers Accessories,Computers
780,796,Contoso USB Data Link - direct connect adapter E600 White,Contoso,Computers Accessories,Computers Accessories,Computers
781,797,Contoso Primary Extended Capacity Battery Pack - notebook battery X100 White,Contoso,Computers Accessories,Computers Accessories,Computers
782,798,Contoso Digital camera accessory kit M200 White,Contoso,Computers Accessories,Computers Accessories,Computers
783,799,Contoso Leather Case - case for digital photo camera X20 White,Contoso,Computers Accessories,Computers Accessories,Computers
784,800,Contoso Lens cap E80 White,Contoso,Computers Accessories,Computers Accessories,Computers
785,801,Contoso Battery charger - bike E200 White,Contoso,Computers Accessories,Computers Accessories,Computers
786,802,Contoso USB Optical Mouse E200 White,Contoso,Computers Accessories,Computers Accessories,Computers
787,803,Contoso ADSL Modem Splitter/Filter X 1 E100 White,Contoso,Computers Accessories,Computers Accessories,Computers
788,804,Contoso ADSL Modem Splitter/Filter X 2 E200 White,Contoso,Computers Accessories,Computers Accessories,Computers
789,805,Contoso ADSL Modem Splitter/Filter X 3 E300 White,Contoso,Computers Accessories,Computers Accessories,Computers
790,806,Contoso USB Wave Multi-media Keyboard E280 White,Contoso,Computers Accessories,Computers Accessories,Computers
791,807,Contoso Cables To Go USB 2.0 Hard Drive Enclosure E920 White,Contoso,Computers Accessories,Computers Accessories,Computers
792,808,Contoso Rechargeable Battery E100 Grey,Contoso,Computers Accessories,Computers Accessories,Computers
793,809,Contoso Dual USB Power Adapter - power adapter E300 Grey,Contoso,Computers Accessories,Computers Accessories,Computers
794,810,Contoso Car power adapter M90 Grey,Contoso,Computers Accessories,Computers Accessories,Computers
795,811,Contoso Notebook Peripheral Kit M69 Grey,Contoso,Computers Accessories,Computers Accessories,Computers
796,812,Contoso Mouse Lock Bundle E200 Grey,Contoso,Computers Accessories,Computers Accessories,Computers
797,813,Contoso Education Supplies Bundle E200 Grey,Contoso,Computers Accessories,Computers Accessories,Computers
798,814,Contoso Laptop Starter Bundle M200 Grey,Contoso,Computers Accessories,Computers Accessories,Computers
799,815,Contoso Education Essentials Bundle M300 Grey,Contoso,Computers Accessories,Computers Accessories,Computers
800,816,Contoso Desktop Alternative Bundle E200 Grey,Contoso,Computers Accessories,Computers Accessories,Computers
801,817,Contoso Power Inverter - DC to AC power inverter E900 Grey,Contoso,Computers Accessories,Computers Accessories,Computers
802,818,Contoso Smart Battery M901 Grey,Contoso,Computers Accessories,Computers Accessories,Computers
803,819,Contoso Laptop Cooling Hub notebook fan with 4 ports USB hub E80 Grey,Contoso,Computers Accessories,Computers Accessories,Computers
804,820,Contoso Home/Office Laptop Power Adapter E300 Grey,Contoso,Computers Accessories,Computers Accessories,Computers
805,821,Contoso USB 2.0 Dock Station docking station M800 Grey,Contoso,Computers Accessories,Computers Accessories,Computers
806,822,Contoso Enhanced Capacity Battery M800 Grey,Contoso,Computers Accessories,Computers Accessories,Computers
807,823,Contoso Connectivity Starter Kit Smart Buy M680 Grey,Contoso,Computers Accessories,Computers Accessories,Computers
808,824,Contoso 90W AC/DC Power Adapter E300 Grey,Contoso,Computers Accessories,Computers Accessories,Computers
809,825,Contoso Reserve Pen - Tablet Pen E200 Grey,Contoso,Computers Accessories,Computers Accessories,Computers
810,826,Contoso USB Data Link - direct connect adapter E600 Grey,Contoso,Computers Accessories,Computers Accessories,Computers
811,827,Contoso Primary Extended Capacity Battery Pack - notebook battery X100 Grey,Contoso,Computers Accessories,Computers Accessories,Computers
812,828,Contoso Digital camera accessory kit M200 Grey,Contoso,Computers Accessories,Computers Accessories,Computers
813,829,Contoso Leather Case - case for digital photo camera X20 Grey,Contoso,Computers Accessories,Computers Accessories,Computers
814,830,Contoso Lens cap E80 Grey,Contoso,Computers Accessories,Computers Accessories,Computers
815,831,Contoso Battery charger - bike E200 Grey,Contoso,Computers Accessories,Computers Accessories,Computers
816,832,Contoso USB Optical Mouse E200 Grey,Contoso,Computers Accessories,Computers Accessories,Computers
817,833,Contoso ADSL Modem Splitter/Filter X 1 E100 Grey,Contoso,Computers Accessories,Computers Accessories,Computers
818,834,Contoso ADSL Modem Splitter/Filter X 2 E200 Grey,Contoso,Computers Accessories,Computers Accessories,Computers
819,835,Contoso ADSL Modem Splitter/Filter X 3 E300 Grey,Contoso,Computers Accessories,Computers Accessories,Computers
820,836,Contoso USB Wave Multi-Media Keyboard E280 Grey,Contoso,Computers Accessories,Computers Accessories,Computers
821,837,Contoso Cables To Go USB 2.0 Hard Drive Enclosure E920 Grey,Contoso,Computers Accessories,Computers Accessories,Computers
822,838,Contoso USB Optical Mouse E200 Gold,Contoso,Computers Accessories,Computers Accessories,Computers
823,839,Contoso USB Wave Multi-Media Keyboard M901 Gold,Contoso,Computers Accessories,Computers Accessories,Computers
824,840,Contoso Laptop Cooling Hub notebook fan with 4 ports USB hub M200 Gold,Contoso,Computers Accessories,Computers Accessories,Computers
825,841,Contoso Reserve Pen - Tablet Pen E200 Gold,Contoso,Computers Accessories,Computers Accessories,Computers
826,843,Contoso Bright Light battery E20 blue,Contoso,Computers Accessories,Computers Accessories,Computers
827,844,Contoso Bright Light battery E20 Pink,Contoso,Computers Accessories,Computers Accessories,Computers
828,845,Contoso Bright Light battery E20 White,Contoso,Computers Accessories,Computers Accessories,Computers
829,846,Contoso Ultraportable Neoprene Sleeve E30 Black,Contoso,Computers Accessories,Computers Accessories,Computers
830,847,Contoso Ultraportable Neoprene Sleeve E30 Pink,Contoso,Computers Accessories,Computers Accessories,Computers
831,848,Contoso Ultraportable Neoprene Sleeve E30 Yellow,Contoso,Computers Accessories,Computers Accessories,Computers
832,849,Contoso Ultraportable Neoprene Sleeve E30 Green,Contoso,Computers Accessories,Computers Accessories,Computers
833,850,Contoso Laptop Keyboard X105 Black,Contoso,Computers Accessories,Computers Accessories,Computers
834,851,Contoso Laptop Keyboard X105 White,Contoso,Computers Accessories,Computers Accessories,Computers
835,852,Contoso Laptop Keyboard X105 Brown,Contoso,Computers Accessories,Computers Accessories,Computers
836,853,Contoso Laptop Keyboard X105 Silver,Contoso,Computers Accessories,Computers Accessories,Computers
837,854,Contoso Multimedia Speakers M25 Brown,Contoso,Computers Accessories,Computers Accessories,Computers
838,855,Contoso Multimedia Speakers M25 Blue,Contoso,Computers Accessories,Computers Accessories,Computers
839,856,Contoso Multimedia Speakers M25 Black,Contoso,Computers Accessories,Computers Accessories,Computers
840,857,Contoso Multimedia Speakers M25 White,Contoso,Computers Accessories,Computers Accessories,Computers
841,858,Contoso Wireless Notebook Optical Mouse M35 Black,Contoso,Computers Accessories,Computers Accessories,Computers
842,859,Contoso Wireless Notebook Optical Mouse M35 White,Contoso,Computers Accessories,Computers Accessories,Computers
843,860,Contoso Wireless Notebook Optical Mouse M35 Blue,Contoso,Computers Accessories,Computers Accessories,Computers
844,861,Contoso Wireless Notebook Optical Mouse M35 Silver,Contoso,Computers Accessories,Computers Accessories,Computers
845,862,Contoso Wireless Notebook Optical Mouse M35 Orange,Contoso,Computers Accessories,Computers Accessories,Computers
846,863,Contoso Optical USB Mouse M45 Black,Contoso,Computers Accessories,Computers Accessories,Computers
847,864,Contoso Optical USB Mouse M45 White,Contoso,Computers Accessories,Computers Accessories,Computers
848,865,Contoso Optical USB Mouse M45 Grey,Contoso,Computers Accessories,Computers Accessories,Computers
849,866,Contoso Wireless Laser Mouse M55 Black,Contoso,Computers Accessories,Computers Accessories,Computers
850,867,Contoso Wireless Laser Mouse M55 White,Contoso,Computers Accessories,Computers Accessories,Computers
851,868,Contoso Wireless Laser Mouse M55 Grey,Contoso,Computers Accessories,Computers Accessories,Computers
852,869,Contoso Wireless Laser Mouse M55 Silver,Contoso,Computers Accessories,Computers Accessories,Computers
853,870,Contoso Wireless Laser Mouse E50 Black,Contoso,Computers Accessories,Computers Accessories,Computers
854,871,Contoso Wireless Laser Mouse E50 White,Contoso,Computers Accessories,Computers Accessories,Computers
855,872,Contoso Wireless Laser Mouse E50 Silver,Contoso,Computers Accessories,Computers Accessories,Computers
856,873,Contoso Wireless Laser Mouse E50 Grey,Contoso,Computers Accessories,Computers Accessories,Computers
857,875,Contoso Wireless Notebook Optical Mouse X205 White,Contoso,Computers Accessories,Computers Accessories,Computers
858,876,Contoso Wireless Notebook Optical Mouse X205 Blue,Contoso,Computers Accessories,Computers Accessories,Computers
859,877,Contoso Wireless Notebook Optical Mouse X205 Silver,Contoso,Computers Accessories,Computers Accessories,Computers
860,878,Contoso Wireless Notebook Optical Mouse X205 Orange,Contoso,Computers Accessories,Computers Accessories,Computers
861,879,Contoso Optical Wheel OEM PS/2 Mouse E60 Grey,Contoso,Computers Accessories,Computers Accessories,Computers
862,880,Contoso Optical Wheel OEM PS/2 Mouse E60 Black,Contoso,Computers Accessories,Computers Accessories,Computers
863,881,Contoso Optical Wheel OEM PS/2 Mouse E60 White,Contoso,Computers Accessories,Computers Accessories,Computers
864,882,Contoso Optical Wheel OEM PS/2 Mouse E60 Silver,Contoso,Computers Accessories,Computers Accessories,Computers
865,883,Contoso Bluetooth Notebook Mouse X305 Black,Contoso,Computers Accessories,Computers Accessories,Computers
866,884,Contoso Bluetooth Notebook Mouse X305 White,Contoso,Computers Accessories,Computers Accessories,Computers
867,885,Contoso Bluetooth Notebook Mouse X305 Silver,Contoso,Computers Accessories,Computers Accessories,Computers
868,886,Contoso Bluetooth Notebook Mouse X305 Grey,Contoso,Computers Accessories,Computers Accessories,Computers
869,887,Contoso Bluetooth Notebook Mouse E70 Black,Contoso,Computers Accessories,Computers Accessories,Computers
870,888,Contoso Bluetooth Notebook Mouse E70 White,Contoso,Computers Accessories,Computers Accessories,Computers
871,889,Contoso Bluetooth Notebook Mouse E70 Silver,Contoso,Computers Accessories,Computers Accessories,Computers
872,890,Contoso Bluetooth Notebook Mouse E70 Grey,Contoso,Computers Accessories,Computers Accessories,Computers
873,891,SV Rechargeable Bluetooth Notebook Mouse E80 Silver,Southridge Video,Computers Accessories,Computers Accessories,Computers
874,892,SV Rechargeable Bluetooth Notebook Mouse E80 Black,Southridge Video,Computers Accessories,Computers Accessories,Computers
875,893,SV Rechargeable Bluetooth Notebook Mouse E80 White,Southridge Video,Computers Accessories,Computers Accessories,Computers
876,894,SV Rechargeable Bluetooth Notebook Mouse E80 Grey,Southridge Video,Computers Accessories,Computers Accessories,Computers
877,895,SV Keyboard E90 Silver,Southridge Video,Computers Accessories,Computers Accessories,Computers
878,896,SV Keyboard E90 White,Southridge Video,Computers Accessories,Computers Accessories,Computers
879,897,SV Keyboard E90 Black,Southridge Video,Computers Accessories,Computers Accessories,Computers
880,898,SV Keyboard E90 Grey,Southridge Video,Computers Accessories,Computers Accessories,Computers
881,899,SV Keyboard E10 Silver,Southridge Video,Computers Accessories,Computers Accessories,Computers
882,900,SV Keyboard E10 White,Southridge Video,Computers Accessories,Computers Accessories,Computers
883,901,SV Keyboard E10 Black,Southridge Video,Computers Accessories,Computers Accessories,Computers
884,902,SV Keyboard E10 Grey,Southridge Video,Computers Accessories,Computers Accessories,Computers
885,903,SV 40GB USB2.0 Portable Hard Disk E400 Red,Southridge Video,Computers Accessories,Computers Accessories,Computers
886,904,SV 40GB USB2.0 Portable Hard Disk E400 Silver,Southridge Video,Computers Accessories,Computers Accessories,Computers
887,905,SV 40GB USB2.0 Portable Hard Disk E400 Blue,Southridge Video,Computers Accessories,Computers Accessories,Computers
888,906,SV 40GB USB2.0 Portable Hard Disk E400 Yellow,Southridge Video,Computers Accessories,Computers Accessories,Computers
889,907,SV 80GB USB2.0 Portable Hard Disk E500 Red,Southridge Video,Computers Accessories,Computers Accessories,Computers
890,908,SV 80GB USB2.0 Portable Hard Disk E500 Silver,Southridge Video,Computers Accessories,Computers Accessories,Computers
891,909,SV 80GB USB2.0 Portable Hard Disk E500 Blue,Southridge Video,Computers Accessories,Computers Accessories,Computers
892,910,SV 80GB USB2.0 Portable Hard Disk E500 Yellow,Southridge Video,Computers Accessories,Computers Accessories,Computers
893,911,SV 160GB USB2.0 Portable Hard Disk M65 Silver,Southridge Video,Computers Accessories,Computers Accessories,Computers
894,912,SV 160GB USB2.0 Portable Hard Disk M65 Black,Southridge Video,Computers Accessories,Computers Accessories,Computers
895,913,SV 160GB USB2.0 Portable Hard Disk M65 White,Southridge Video,Computers Accessories,Computers Accessories,Computers
896,914,SV 160GB USB2.0 Portable Hard Disk M65 Grey,Southridge Video,Computers Accessories,Computers Accessories,Computers
897,915,SV 500GB USB 2.0 Portable External Hard Drive X405 Pink,Southridge Video,Computers Accessories,Computers Accessories,Computers
898,916,SV 500GB USB 2.0 Portable External Hard Drive X405 Blue,Southridge Video,Computers Accessories,Computers Accessories,Computers
899,918,SV 500GB USB 2.0 Portable External Hard Drive X405 Black,Southridge Video,Computers Accessories,Computers Accessories,Computers
900,919,SV USB Data Cable E600 Pink,Southridge Video,Computers Accessories,Computers Accessories,Computers
901,920,SV USB Data Cable E600 Black,Southridge Video,Computers Accessories,Computers Accessories,Computers
902,921,SV USB Data Cable E600 Silver,Southridge Video,Computers Accessories,Computers Accessories,Computers
903,922,SV USB Data Cable E600 Grey,Southridge Video,Computers Accessories,Computers Accessories,Computers
904,923,SV USB Sync Charge Cable E700 Blue,Southridge Video,Computers Accessories,Computers Accessories,Computers
905,924,SV USB Sync Charge Cable E700 Black,Southridge Video,Computers Accessories,Computers Accessories,Computers
906,925,SV USB Sync Charge Cable E700 White,Southridge Video,Computers Accessories,Computers Accessories,Computers
907,926,SV USB Sync Charge Cable E700 Silver,Southridge Video,Computers Accessories,Computers Accessories,Computers
908,927,SV 512MB Laptop memory E800 White,Southridge Video,Computers Accessories,Computers Accessories,Computers
909,928,SV 512MB Laptop memory E800 Silver,Southridge Video,Computers Accessories,Computers Accessories,Computers
910,929,SV 512MB Laptop memory E800 Black,Southridge Video,Computers Accessories,Computers Accessories,Computers
911,930,SV 512MB Laptop memory E800 Yellow,Southridge Video,Computers Accessories,Computers Accessories,Computers
912,931,SV 2GB Laptop memory E800 Silver,Southridge Video,Computers Accessories,Computers Accessories,Computers
913,932,SV 2GB Laptop memory E800 Black,Southridge Video,Computers Accessories,Computers Accessories,Computers
914,933,SV 2GB Laptop memory E800 White,Southridge Video,Computers Accessories,Computers Accessories,Computers
915,934,SV 4GB Laptop Memory M65 Blue,Southridge Video,Computers Accessories,Computers Accessories,Computers
916,935,SV 4GB Laptop Memory M65 Yellow,Southridge Video,Computers Accessories,Computers Accessories,Computers
917,936,SV 4GB Laptop Memory M65 Black,Southridge Video,Computers Accessories,Computers Accessories,Computers
918,937,SV 4GB Laptop Memory M65 White,Southridge Video,Computers Accessories,Computers Accessories,Computers
919,938,SV Wireless LAN PCI Network Card Adapter E900 Black,Southridge Video,Computers Accessories,Computers Accessories,Computers
920,939,SV Wireless LAN PCI Network Card Adapter E901 Black,Southridge Video,Computers Accessories,Computers Accessories,Computers
921,940,SV Wireless LAN PCI Network Card Adapter E902 Black,Southridge Video,Computers Accessories,Computers Accessories,Computers
922,941,SV PCI Network Adapter E903 Silver,Southridge Video,Computers Accessories,Computers Accessories,Computers
923,942,SV PCI Network Adapter E904 Silver,Southridge Video,Computers Accessories,Computers Accessories,Computers
924,943,SV PCI Network Adapter E905 Silver,Southridge Video,Computers Accessories,Computers Accessories,Computers
925,945,A. Datum Rangefinder Digital Camera X200 Black,A. Datum,Digital Cameras,Digital Cameras,Cameras and camcorders
926,946,A. Datum Slim Digital Camera M180 Black,A. Datum,Digital Cameras,Digital Cameras,Cameras and camcorders
927,947,A. Datum Ultra Compact Digital Camera M190 Black,A. Datum,Digital Cameras,Digital Cameras,Cameras and camcorders
928,948,A. Datum All in One Digital Camera M200 Black,A. Datum,Digital Cameras,Digital Cameras,Cameras and camcorders
929,949,A. Datum Interchangeable lens Non-SLR Digital Camera X250 Black,A. Datum,Digital Cameras,Digital Cameras,Cameras and camcorders
930,950,A. Datum Super-zoom Digital Camera X300 Black,A. Datum,Digital Cameras,Digital Cameras,Cameras and camcorders
931,951,A. Datum Consumer Digital Camera E100 Black,A. Datum,Digital Cameras,Digital Cameras,Cameras and camcorders
932,952,A. Datum Consumer Digital Camera M300 Black,A. Datum,Digital Cameras,Digital Cameras,Cameras and camcorders
933,953,A. Datum Advanced Digital Camera M300 Black,A. Datum,Digital Cameras,Digital Cameras,Cameras and camcorders
934,954,A. Datum Bridge Digital Camera M300 Black,A. Datum,Digital Cameras,Digital Cameras,Cameras and camcorders
935,955,A. Datum SLR-like Digital Camera M400 Black,A. Datum,Digital Cameras,Digital Cameras,Cameras and camcorders
936,956,A. Datum Point Shoot Digital Camera M500 Black,A. Datum,Digital Cameras,Digital Cameras,Cameras and camcorders
937,957,A. Datum Full Frame Digital Camera X300 Black,A. Datum,Digital Cameras,Digital Cameras,Cameras and camcorders
938,958,A. Datum Compact Digital Camera M200 Grey,A. Datum,Digital Cameras,Digital Cameras,Cameras and camcorders
939,959,A. Datum Rangefinder Digital Camera X200 Grey,A. Datum,Digital Cameras,Digital Cameras,Cameras and camcorders
940,960,A. Datum Slim Digital Camera M180 Grey,A. Datum,Digital Cameras,Digital Cameras,Cameras and camcorders
941,961,A. Datum Ultra Compact Digital Camera M190 Grey,A. Datum,Digital Cameras,Digital Cameras,Cameras and camcorders
942,962,A. Datum All in One Digital Camera M200 Grey,A. Datum,Digital Cameras,Digital Cameras,Cameras and camcorders
943,963,A. Datum Interchangeable lens Non-SLR Digital Camera X250 Grey,A. Datum,Digital Cameras,Digital Cameras,Cameras and camcorders
944,964,A. Datum Super-zoom Digital Camera X300 Grey,A. Datum,Digital Cameras,Digital Cameras,Cameras and camcorders
945,965,A. Datum Consumer Digital Camera E100 Grey,A. Datum,Digital Cameras,Digital Cameras,Cameras and camcorders
946,966,A. Datum Consumer Digital Camera M300 Grey,A. Datum,Digital Cameras,Digital Cameras,Cameras and camcorders
947,967,A. Datum Advanced Digital Camera M300 Grey,A. Datum,Digital Cameras,Digital Cameras,Cameras and camcorders
948,968,A. Datum Bridge Digital Camera M300 Grey,A. Datum,Digital Cameras,Digital Cameras,Cameras and camcorders
949,969,A. Datum SLR-like Digital Camera M400 Grey,A. Datum,Digital Cameras,Digital Cameras,Cameras and camcorders
950,970,A. Datum Point n' Shoot Digital Camera M500 Grey,A. Datum,Digital Cameras,Digital Cameras,Cameras and camcorders
951,971,A. Datum Full Frame Digital Camera X300 Grey,A. Datum,Digital Cameras,Digital Cameras,Cameras and camcorders
952,972,A. Datum Compact Digital Camera M200 Pink,A. Datum,Digital Cameras,Digital Cameras,Cameras and camcorders
953,973,A. Datum Rangefinder Digital Camera X200 Pink,A. Datum,Digital Cameras,Digital Cameras,Cameras and camcorders
954,974,A. Datum Slim Digital Camera M180 Pink,A. Datum,Digital Cameras,Digital Cameras,Cameras and camcorders
955,975,A. Datum Ultra Compact Digital Camera M190 Pink,A. Datum,Digital Cameras,Digital Cameras,Cameras and camcorders
956,976,A. Datum All in One Digital Camera M200 Pink,A. Datum,Digital Cameras,Digital Cameras,Cameras and camcorders
957,977,A. Datum Interchangeable lens Non-SLR Digital Camera X250 Pink,A. Datum,Digital Cameras,Digital Cameras,Cameras and camcorders
958,978,A. Datum Super-zoom Digital Camera X300 Pink,A. Datum,Digital Cameras,Digital Cameras,Cameras and camcorders
959,979,A. Datum Consumer Digital Camera E100 Pink,A. Datum,Digital Cameras,Digital Cameras,Cameras and camcorders
960,980,A. Datum Consumer Digital Camera M300 Pink,A. Datum,Digital Cameras,Digital Cameras,Cameras and camcorders
961,981,A. Datum Advanced Digital Camera M300 Pink,A. Datum,Digital Cameras,Digital Cameras,Cameras and camcorders
962,982,A. Datum Bridge Digital Camera M300 Pink,A. Datum,Digital Cameras,Digital Cameras,Cameras and camcorders
963,983,A. Datum SLR-like Digital Camera M400 Pink,A. Datum,Digital Cameras,Digital Cameras,Cameras and camcorders
964,984,A. Datum Point Shoot Digital Camera M500 Pink,A. Datum,Digital Cameras,Digital Cameras,Cameras and camcorders
965,985,A. Datum Full Frame Digital Camera X300 Pink,A. Datum,Digital Cameras,Digital Cameras,Cameras and camcorders
966,986,A. Datum Compact Digital Camera M200 Silver,A. Datum,Digital Cameras,Digital Cameras,Cameras and camcorders
967,987,A. Datum Rangefinder Digital Camera X200 Silver,A. Datum,Digital Cameras,Digital Cameras,Cameras and camcorders
968,988,A. Datum Slim Digital Camera M180 Silver,A. Datum,Digital Cameras,Digital Cameras,Cameras and camcorders
969,989,A. Datum Ultra Compact Digital Camera M190 Silver,A. Datum,Digital Cameras,Digital Cameras,Cameras and camcorders
970,990,A. Datum All in One Digital Camera M200 Silver,A. Datum,Digital Cameras,Digital Cameras,Cameras and camcorders
971,991,A. Datum Interchangeable lens Non-SLR Digital Camera X250 Silver,A. Datum,Digital Cameras,Digital Cameras,Cameras and camcorders
972,992,A. Datum Super-zoom Digital Camera X300 Silver,A. Datum,Digital Cameras,Digital Cameras,Cameras and camcorders
973,993,A. Datum Consumer Digital Camera E100 Silver,A. Datum,Digital Cameras,Digital Cameras,Cameras and camcorders
974,994,A. Datum Consumer Digital Camera M300 Silver,A. Datum,Digital Cameras,Digital Cameras,Cameras and camcorders
975,995,A. Datum Advanced Digital Camera M300 Silver,A. Datum,Digital Cameras,Digital Cameras,Cameras and camcorders
976,996,A. Datum Bridge Digital Camera M300 Silver,A. Datum,Digital Cameras,Digital Cameras,Cameras and camcorders
977,997,A. Datum SLR-like Digital Camera M400 Silver,A. Datum,Digital Cameras,Digital Cameras,Cameras and camcorders
978,998,A. Datum Point Shoot Digital Camera M500 Silver,A. Datum,Digital Cameras,Digital Cameras,Cameras and camcorders
979,999,A. Datum Full Frame Digital Camera X300 Silver,A. Datum,Digital Cameras,Digital Cameras,Cameras and camcorders
980,1000,A. Datum Compact Digital Camera M200 Orange,A. Datum,Digital Cameras,Digital Cameras,Cameras and camcorders
981,1001,A. Datum Rangefinder Digital Camera X200 Orange,A. Datum,Digital Cameras,Digital Cameras,Cameras and camcorders
982,1002,A. Datum Slim Digital Camera M180 Orange,A. Datum,Digital Cameras,Digital Cameras,Cameras and camcorders
983,1003,A. Datum Ultra Compact Digital Camera M190 Orange,A. Datum,Digital Cameras,Digital Cameras,Cameras and camcorders
984,1004,A. Datum All in One Digital Camera M200 Orange,A. Datum,Digital Cameras,Digital Cameras,Cameras and camcorders
985,1005,A. Datum Interchangeable lens Non-SLR Digital Camera X250 Orange,A. Datum,Digital Cameras,Digital Cameras,Cameras and camcorders
986,1006,A. Datum Super-zoom Digital Camera X300 Orange,A. Datum,Digital Cameras,Digital Cameras,Cameras and camcorders
987,1008,A. Datum Consumer Digital Camera M300 Orange,A. Datum,Digital Cameras,Digital Cameras,Cameras and camcorders
988,1009,A. Datum Advanced Digital Camera M300 Orange,A. Datum,Digital Cameras,Digital Cameras,Cameras and camcorders
989,1010,A. Datum Bridge Digital Camera M300 Orange,A. Datum,Digital Cameras,Digital Cameras,Cameras and camcorders
990,1011,A. Datum SLR-like Digital Camera M400 Orange,A. Datum,Digital Cameras,Digital Cameras,Cameras and camcorders
991,1012,A. Datum Point Shoot Digital Camera M500 Orange,A. Datum,Digital Cameras,Digital Cameras,Cameras and camcorders
992,1013,A. Datum Full Frame Digital Camera X300 Orange,A. Datum,Digital Cameras,Digital Cameras,Cameras and camcorders
993,1014,A. Datum Compact Digital Camera M200 Green,A. Datum,Digital Cameras,Digital Cameras,Cameras and camcorders
994,1015,A. Datum Rangefinder Digital Camera X200 Green,A. Datum,Digital Cameras,Digital Cameras,Cameras and camcorders
995,1016,A. Datum Slim Digital Camera M180 Green,A. Datum,Digital Cameras,Digital Cameras,Cameras and camcorders
996,1017,A. Datum Ultra Compact Digital Camera M190 Green,A. Datum,Digital Cameras,Digital Cameras,Cameras and camcorders
997,1018,A. Datum All in One Digital Camera M200 Green,A. Datum,Digital Cameras,Digital Cameras,Cameras and camcorders
998,1019,A. Datum Interchangeable lens Non-SLR Digital Camera X250 Green,A. Datum,Digital Cameras,Digital Cameras,Cameras and camcorders
999,1020,A. Datum Super-zoom Digital Camera X300 Green,A. Datum,Digital Cameras,Digital Cameras,Cameras and camcorders
1000,1021,A. Datum Consumer Digital Camera E100 Green,A. Datum,Digital Cameras,Digital Cameras,Cameras and camcorders
1001,1022,A. Datum Consumer Digital Camera M300 Green,A. Datum,Digital Cameras,Digital Cameras,Cameras and camcorders
1002,1023,A. Datum Advanced Digital Camera M300 Green,A. Datum,Digital Cameras,Digital Cameras,Cameras and camcorders
1003,1024,A. Datum Bridge Digital Camera M300 Green,A. Datum,Digital Cameras,Digital Cameras,Cameras and camcorders
1004,1025,A. Datum SLR-like Digital Camera M400 Green,A. Datum,Digital Cameras,Digital Cameras,Cameras and camcorders
1005,1026,A. Datum Point Shoot Digital Camera M500 Green,A. Datum,Digital Cameras,Digital Cameras,Cameras and camcorders
1006,1027,A. Datum Full Frame Digital Camera X300 Green,A. Datum,Digital Cameras,Digital Cameras,Cameras and camcorders
1007,1028,A. Datum Compact Digital Camera M200 Azure,A. Datum,Digital Cameras,Digital Cameras,Cameras and camcorders
1008,1029,A. Datum Rangefinder Digital Camera X200 Azure,A. Datum,Digital Cameras,Digital Cameras,Cameras and camcorders
1009,1030,A. Datum Slim Digital Camera M180 Azure,A. Datum,Digital Cameras,Digital Cameras,Cameras and camcorders
1010,1031,A. Datum Ultra Compact Digital Camera M190 Azure,A. Datum,Digital Cameras,Digital Cameras,Cameras and camcorders
1011,1032,A. Datum All in One Digital Camera M200 Azure,A. Datum,Digital Cameras,Digital Cameras,Cameras and camcorders
1012,1033,A. Datum Interchangeable lens Non-SLR Digital Camera X250 Azure,A. Datum,Digital Cameras,Digital Cameras,Cameras and camcorders
1013,1034,A. Datum Super-zoom Digital Camera X300 Azure,A. Datum,Digital Cameras,Digital Cameras,Cameras and camcorders
1014,1035,A. Datum Consumer Digital Camera E100 Azure,A. Datum,Digital Cameras,Digital Cameras,Cameras and camcorders
1015,1036,A. Datum Consumer Digital Camera M300 Azure,A. Datum,Digital Cameras,Digital Cameras,Cameras and camcorders
1016,1037,A. Datum Advanced Digital Camera M300 Azure,A. Datum,Digital Cameras,Digital Cameras,Cameras and camcorders
1017,1038,A. Datum Bridge Digital Camera M300 Azure,A. Datum,Digital Cameras,Digital Cameras,Cameras and camcorders
1018,1039,A. Datum SLR-like Digital Camera M400 Azure,A. Datum,Digital Cameras,Digital Cameras,Cameras and camcorders
1019,1040,A. Datum Point n' Shoot Digital Camera M500 Azure,A. Datum,Digital Cameras,Digital Cameras,Cameras and camcorders
1020,1041,A. Datum Full Frame Digital Camera X300 Azure,A. Datum,Digital Cameras,Digital Cameras,Cameras and camcorders
1021,1042,A. Datum Point Shoot Digital Camera M500 Silver Grey,A. Datum,Digital Cameras,Digital Cameras,Cameras and camcorders
1022,1043,A. Datum Full Frame Digital Camera X300 Silver Grey,A. Datum,Digital Cameras,Digital Cameras,Cameras and camcorders
1023,1044,A. Datum SLR Camera X135 Black,A. Datum,Digital SLR Cameras,Digital SLR Cameras,Cameras and camcorders
1024,1045,"A. Datum SLR Camera 35"" X358 Black",A. Datum,Digital SLR Cameras,Digital SLR Cameras,Cameras and camcorders
1025,1046,A. Datum SLR Camera M135 Black,A. Datum,Digital SLR Cameras,Digital SLR Cameras,Cameras and camcorders
1026,1047,"A. Datum SLR Camera 35"" M358 Black",A. Datum,Digital SLR Cameras,Digital SLR Cameras,Cameras and camcorders
1027,1048,A. Datum SLR Camera X136 Silver,A. Datum,Digital SLR Cameras,Digital SLR Cameras,Cameras and camcorders
1028,1049,"A. Datum SLR Camera 35"" X358 Silver",A. Datum,Digital SLR Cameras,Digital SLR Cameras,Cameras and camcorders
1029,1050,A. Datum SLR Camera M136 Silver,A. Datum,Digital SLR Cameras,Digital SLR Cameras,Cameras and camcorders
1030,1051,"A. Datum SLR Camera 35"" M358 Silver",A. Datum,Digital SLR Cameras,Digital SLR Cameras,Cameras and camcorders
1031,1052,A. Datum SLR Camera X137 Grey,A. Datum,Digital SLR Cameras,Digital SLR Cameras,Cameras and camcorders
1032,1053,"A. Datum SLR Camera 35"" X358 Grey",A. Datum,Digital SLR Cameras,Digital SLR Cameras,Cameras and camcorders
1033,1054,A. Datum SLR Camera M137 Grey,A. Datum,Digital SLR Cameras,Digital SLR Cameras,Cameras and camcorders
1034,1055,"A. Datum SLR Camera 35"" M358 Grey",A. Datum,Digital SLR Cameras,Digital SLR Cameras,Cameras and camcorders
1035,1056,A. Datum SLR Camera X138 Silver Grey,A. Datum,Digital SLR Cameras,Digital SLR Cameras,Cameras and camcorders
1036,1057,"A. Datum SLR Camera 35"" X358 Silver Grey",A. Datum,Digital SLR Cameras,Digital SLR Cameras,Cameras and camcorders
1037,1058,A. Datum SLR Camera M138 Silver Grey,A. Datum,Digital SLR Cameras,Digital SLR Cameras,Cameras and camcorders
1038,1059,"A. Datum SLR Camera 35"" M358 Silver Grey",A. Datum,Digital SLR Cameras,Digital SLR Cameras,Cameras and camcorders
1039,1060,A. Datum SLR Camera X139 Gold,A. Datum,Digital SLR Cameras,Digital SLR Cameras,Cameras and camcorders
1040,1061,"A. Datum SLR Camera 35"" X358 Gold",A. Datum,Digital SLR Cameras,Digital SLR Cameras,Cameras and camcorders
1041,1062,A. Datum SLR Camera M139 Gold,A. Datum,Digital SLR Cameras,Digital SLR Cameras,Cameras and camcorders
1042,1063,"A. Datum SLR Camera 35"" M358 Gold",A. Datum,Digital SLR Cameras,Digital SLR Cameras,Cameras and camcorders
1043,1064,A. Datum SLR Camera X140 Pink,A. Datum,Digital SLR Cameras,Digital SLR Cameras,Cameras and camcorders
1044,1065,"A. Datum SLR Camera 35"" X358 Pink",A. Datum,Digital SLR Cameras,Digital SLR Cameras,Cameras and camcorders
1045,1066,A. Datum SLR Camera M140 Pink,A. Datum,Digital SLR Cameras,Digital SLR Cameras,Cameras and camcorders
1046,1067,"A. Datum SLR Camera 35"" M358 Pink",A. Datum,Digital SLR Cameras,Digital SLR Cameras,Cameras and camcorders
1047,1068,A. Datum SLR Camera X141 Blue,A. Datum,Digital SLR Cameras,Digital SLR Cameras,Cameras and camcorders
1048,1069,"A. Datum SLR Camera 35"" X358 Blue",A. Datum,Digital SLR Cameras,Digital SLR Cameras,Cameras and camcorders
1049,1070,A. Datum SLR Camera M141 Blue,A. Datum,Digital SLR Cameras,Digital SLR Cameras,Cameras and camcorders
1050,1071,"A. Datum SLR Camera 35"" M358 Blue",A. Datum,Digital SLR Cameras,Digital SLR Cameras,Cameras and camcorders
1051,1072,A. Datum SLR Camera X142 Orange,A. Datum,Digital SLR Cameras,Digital SLR Cameras,Cameras and camcorders
1052,1073,"A. Datum SLR Camera 35"" X358 Orange",A. Datum,Digital SLR Cameras,Digital SLR Cameras,Cameras and camcorders
1053,1074,A. Datum SLR Camera M142 Orange,A. Datum,Digital SLR Cameras,Digital SLR Cameras,Cameras and camcorders
1054,1075,"A. Datum SLR Camera 35"" M358 Orange",A. Datum,Digital SLR Cameras,Digital SLR Cameras,Cameras and camcorders
1055,1076,Contoso SLR Camera X142 Black,Contoso,Digital SLR Cameras,Digital SLR Cameras,Cameras and camcorders
1056,1077,"Contoso SLR Camera 35"" X358 Black",Contoso,Digital SLR Cameras,Digital SLR Cameras,Cameras and camcorders
1057,1078,Contoso SLR Camera M142 Black,Contoso,Digital SLR Cameras,Digital SLR Cameras,Cameras and camcorders
1058,1079,"Contoso SLR Camera 35"" M358 Black",Contoso,Digital SLR Cameras,Digital SLR Cameras,Cameras and camcorders
1059,1080,Contoso SLR Camera X143 Silver,Contoso,Digital SLR Cameras,Digital SLR Cameras,Cameras and camcorders
1060,1081,"Contoso SLR Camera 35"" X358 Silver",Contoso,Digital SLR Cameras,Digital SLR Cameras,Cameras and camcorders
1061,1082,Contoso SLR Camera M143 Silver,Contoso,Digital SLR Cameras,Digital SLR Cameras,Cameras and camcorders
1062,1083,"Contoso SLR Camera 35"" M358 Silver",Contoso,Digital SLR Cameras,Digital SLR Cameras,Cameras and camcorders
1063,1084,Contoso SLR Camera X143 Grey,Contoso,Digital SLR Cameras,Digital SLR Cameras,Cameras and camcorders
1064,1085,"Contoso SLR Camera 35"" X358 Grey",Contoso,Digital SLR Cameras,Digital SLR Cameras,Cameras and camcorders
1065,1086,Contoso SLR Camera M143 Grey,Contoso,Digital SLR Cameras,Digital SLR Cameras,Cameras and camcorders
1066,1087,"Contoso SLR Camera 35"" M358 Grey",Contoso,Digital SLR Cameras,Digital SLR Cameras,Cameras and camcorders
1067,1088,Contoso SLR Camera X144 Silver Grey,Contoso,Digital SLR Cameras,Digital SLR Cameras,Cameras and camcorders
1068,1089,"Contoso SLR Camera 35"" X358 Silver Grey",Contoso,Digital SLR Cameras,Digital SLR Cameras,Cameras and camcorders
1069,1090,Contoso SLR Camera M144 Silver Grey,Contoso,Digital SLR Cameras,Digital SLR Cameras,Cameras and camcorders
1070,1091,"Contoso SLR Camera 35"" M358 Silver Grey",Contoso,Digital SLR Cameras,Digital SLR Cameras,Cameras and camcorders
1071,1092,Contoso SLR Camera X144 Gold,Contoso,Digital SLR Cameras,Digital SLR Cameras,Cameras and camcorders
1072,1093,"Contoso SLR Camera 35"" X358 Gold",Contoso,Digital SLR Cameras,Digital SLR Cameras,Cameras and camcorders
1073,1094,Contoso SLR Camera M144 Gold,Contoso,Digital SLR Cameras,Digital SLR Cameras,Cameras and camcorders
1074,1095,"Contoso SLR Camera 35"" M358 Gold",Contoso,Digital SLR Cameras,Digital SLR Cameras,Cameras and camcorders
1075,1096,Contoso SLR Camera X145 Pink,Contoso,Digital SLR Cameras,Digital SLR Cameras,Cameras and camcorders
1076,1097,"Contoso SLR Camera 35"" X358 Pink",Contoso,Digital SLR Cameras,Digital SLR Cameras,Cameras and camcorders
1077,1098,Contoso SLR Camera M145 Pink,Contoso,Digital SLR Cameras,Digital SLR Cameras,Cameras and camcorders
1078,1099,"Contoso SLR Camera 35"" M358 Pink",Contoso,Digital SLR Cameras,Digital SLR Cameras,Cameras and camcorders
1079,1100,Contoso SLR Camera X145 Blue,Contoso,Digital SLR Cameras,Digital SLR Cameras,Cameras and camcorders
1080,1101,"Contoso SLR Camera 35"" X358 Blue",Contoso,Digital SLR Cameras,Digital SLR Cameras,Cameras and camcorders
1081,1102,Contoso SLR Camera M145 Blue,Contoso,Digital SLR Cameras,Digital SLR Cameras,Cameras and camcorders
1082,1103,"Contoso SLR Camera 35"" M358 Blue",Contoso,Digital SLR Cameras,Digital SLR Cameras,Cameras and camcorders
1083,1104,Contoso SLR Camera X146 Orange,Contoso,Digital SLR Cameras,Digital SLR Cameras,Cameras and camcorders
1084,1105,"Contoso SLR Camera 35"" X358 Orange",Contoso,Digital SLR Cameras,Digital SLR Cameras,Cameras and camcorders
1085,1106,Contoso SLR Camera M146 Orange,Contoso,Digital SLR Cameras,Digital SLR Cameras,Cameras and camcorders
1086,1107,"Contoso SLR Camera 35"" M358 Orange",Contoso,Digital SLR Cameras,Digital SLR Cameras,Cameras and camcorders
1087,1108,Fabrikam SLR Camera X146 Black,Fabrikam,Digital SLR Cameras,Digital SLR Cameras,Cameras and camcorders
1088,1109,"Fabrikam SLR Camera 35"" X358 Black",Fabrikam,Digital SLR Cameras,Digital SLR Cameras,Cameras and camcorders
1089,1110,Fabrikam SLR Camera M146 Black,Fabrikam,Digital SLR Cameras,Digital SLR Cameras,Cameras and camcorders
1090,1111,"Fabrikam SLR Camera 35"" M358 Black",Fabrikam,Digital SLR Cameras,Digital SLR Cameras,Cameras and camcorders
1091,1112,Fabrikam SLR Camera X147 Silver,Fabrikam,Digital SLR Cameras,Digital SLR Cameras,Cameras and camcorders
1092,1113,"Fabrikam SLR Camera 35"" X358 Silver",Fabrikam,Digital SLR Cameras,Digital SLR Cameras,Cameras and camcorders
1093,1114,Fabrikam SLR Camera M147 Silver,Fabrikam,Digital SLR Cameras,Digital SLR Cameras,Cameras and camcorders
1094,1115,"Fabrikam SLR Camera 35"" M358 Silver",Fabrikam,Digital SLR Cameras,Digital SLR Cameras,Cameras and camcorders
1095,1116,Fabrikam SLR Camera X147 Grey,Fabrikam,Digital SLR Cameras,Digital SLR Cameras,Cameras and camcorders
1096,1117,"Fabrikam SLR Camera 35"" X358 Grey",Fabrikam,Digital SLR Cameras,Digital SLR Cameras,Cameras and camcorders
1097,1118,Fabrikam SLR Camera M147 Grey,Fabrikam,Digital SLR Cameras,Digital SLR Cameras,Cameras and camcorders
1098,1119,"Fabrikam SLR Camera 35"" M358 Grey",Fabrikam,Digital SLR Cameras,Digital SLR Cameras,Cameras and camcorders
1099,1120,Fabrikam SLR Camera X148 Silver Grey,Fabrikam,Digital SLR Cameras,Digital SLR Cameras,Cameras and camcorders
1100,1121,"Fabrikam SLR Camera 35"" X358 Silver Grey",Fabrikam,Digital SLR Cameras,Digital SLR Cameras,Cameras and camcorders
1101,1122,Fabrikam SLR Camera M148 Silver Grey,Fabrikam,Digital SLR Cameras,Digital SLR Cameras,Cameras and camcorders
1102,1123,"Fabrikam SLR Camera 35"" M358 Silver Grey",Fabrikam,Digital SLR Cameras,Digital SLR Cameras,Cameras and camcorders
1103,1124,Fabrikam SLR Camera X148 Gold,Fabrikam,Digital SLR Cameras,Digital SLR Cameras,Cameras and camcorders
1104,1125,"Fabrikam SLR Camera 35"" X358 Gold",Fabrikam,Digital SLR Cameras,Digital SLR Cameras,Cameras and camcorders
1105,1126,Fabrikam SLR Camera M148 Gold,Fabrikam,Digital SLR Cameras,Digital SLR Cameras,Cameras and camcorders
1106,1127,"Fabrikam SLR Camera 35"" M358 Gold",Fabrikam,Digital SLR Cameras,Digital SLR Cameras,Cameras and camcorders
1107,1128,Fabrikam SLR Camera X149 Pink,Fabrikam,Digital SLR Cameras,Digital SLR Cameras,Cameras and camcorders
1108,1129,"Fabrikam SLR Camera 35"" X358 Pink",Fabrikam,Digital SLR Cameras,Digital SLR Cameras,Cameras and camcorders
1109,1130,Fabrikam SLR Camera M149 Pink,Fabrikam,Digital SLR Cameras,Digital SLR Cameras,Cameras and camcorders
1110,1131,"Fabrikam SLR Camera 35"" M358 Pink",Fabrikam,Digital SLR Cameras,Digital SLR Cameras,Cameras and camcorders
1111,1132,Fabrikam SLR Camera X149 Blue,Fabrikam,Digital SLR Cameras,Digital SLR Cameras,Cameras and camcorders
1112,1133,"Fabrikam SLR Camera 35"" X358 Blue",Fabrikam,Digital SLR Cameras,Digital SLR Cameras,Cameras and camcorders
1113,1134,Fabrikam SLR Camera M149 Blue,Fabrikam,Digital SLR Cameras,Digital SLR Cameras,Cameras and camcorders
1114,1135,"Fabrikam SLR Camera 35"" M358 Blue",Fabrikam,Digital SLR Cameras,Digital SLR Cameras,Cameras and camcorders
1115,1136,Fabrikam SLR Camera X150 Orange,Fabrikam,Digital SLR Cameras,Digital SLR Cameras,Cameras and camcorders
1116,1137,"Fabrikam SLR Camera 35"" X358 Orange",Fabrikam,Digital SLR Cameras,Digital SLR Cameras,Cameras and camcorders
1117,1138,Fabrikam SLR Camera M150 Orange,Fabrikam,Digital SLR Cameras,Digital SLR Cameras,Cameras and camcorders
1118,1139,"Fabrikam SLR Camera 35"" M358 Orange",Fabrikam,Digital SLR Cameras,Digital SLR Cameras,Cameras and camcorders
1119,1140,Fabrikam SLR Camera X150 Green,Fabrikam,Digital SLR Cameras,Digital SLR Cameras,Cameras and camcorders
1120,1141,"Fabrikam SLR Camera 35"" X358 Green",Fabrikam,Digital SLR Cameras,Digital SLR Cameras,Cameras and camcorders
1121,1142,Fabrikam SLR Camera M150 Green,Fabrikam,Digital SLR Cameras,Digital SLR Cameras,Cameras and camcorders
1122,1143,"Fabrikam SLR Camera 35"" M358 Green",Fabrikam,Digital SLR Cameras,Digital SLR Cameras,Cameras and camcorders
1123,1144,"Fabrikam Home and Vacation Moviemaker 1"" 25mm M400 Blue",Fabrikam,Camcorders,Camcorders,Cameras and camcorders
1124,1145,"Fabrikam Home and Vacation Moviemaker 1/2"" 3mm M300 Orange",Fabrikam,Camcorders,Camcorders,Cameras and camcorders
1125,1146,"Fabrikam Home and vacation moviemaker 1/3"" 8.5mm M200 Blue",Fabrikam,Camcorders,Camcorders,Cameras and camcorders
1126,1147,Fabrikam Home and vacation moviemaker 2/3'' 17mm M103 Black,Fabrikam,Camcorders,Camcorders,Cameras and camcorders
1127,1148,Fabrikam Budget Movie-Maker 1'' 25mm E400 Black,Fabrikam,Camcorders,Camcorders,Cameras and camcorders
1128,1149,Fabrikam Budget Movie-Maker 1/2'' 3mm E300 Black,Fabrikam,Camcorders,Camcorders,Cameras and camcorders
1129,1150,Fabrikam Budget Movie-Maker 1/3'' 8.5mm E200 Black,Fabrikam,Camcorders,Camcorders,Cameras and camcorders
1130,1151,Fabrikam Budget Movie-Maker 2/3'' 17mm E100 Black,Fabrikam,Camcorders,Camcorders,Cameras and camcorders
1131,1152,"Fabrikam Trendsetter 1"" 25mm X400 Blue",Fabrikam,Camcorders,Camcorders,Cameras and camcorders
1132,1153,Fabrikam Trendsetter 1/2'' 3mm X300 Black,Fabrikam,Camcorders,Camcorders,Cameras and camcorders
1133,1154,"Fabrikam Trendsetter 1/3"" 8.5mm X200 Blue",Fabrikam,Camcorders,Camcorders,Cameras and camcorders
1134,1155,Fabrikam Trendsetter 2/3'' 17mm X100 Black,Fabrikam,Camcorders,Camcorders,Cameras and camcorders
1135,1156,Fabrikam Independent Filmmaker 1'' 25mm X400 Black,Fabrikam,Camcorders,Camcorders,Cameras and camcorders
1136,1157,"Fabrikam Independent Filmmaker 1/2"" 3mm X300 Orange",Fabrikam,Camcorders,Camcorders,Cameras and camcorders
1137,1158,Fabrikam Independent Filmmaker 1/3'' 8.5mm X200 Black,Fabrikam,Camcorders,Camcorders,Cameras and camcorders
1138,1159,"Fabrikam Independent Filmmaker 2/3"" 17mm X100 Blue",Fabrikam,Camcorders,Camcorders,Cameras and camcorders
1139,1160,"Fabrikam Business Videographer 1"" 25mm M600 Blue",Fabrikam,Camcorders,Camcorders,Cameras and camcorders
1140,1161,Fabrikam Business Videographer 1/2'' 3mm M500 Black,Fabrikam,Camcorders,Camcorders,Cameras and camcorders
1141,1162,Fabrikam Business Videographer 1/3'' 8.5mm M380 Black,Fabrikam,Camcorders,Camcorders,Cameras and camcorders
1142,1163,Fabrikam Business Videographer 2/3'' 17mm M280 Black,Fabrikam,Camcorders,Camcorders,Cameras and camcorders
1143,1164,Fabrikam Social videographer 1'' 25mm E400 Black,Fabrikam,Camcorders,Camcorders,Cameras and camcorders
1144,1165,Fabrikam Social Videographer 1/2'' 3mm E300 Black,Fabrikam,Camcorders,Camcorders,Cameras and camcorders
1145,1166,Fabrikam Social Videographer 1/3'' 8.5mm E200 Black,Fabrikam,Camcorders,Camcorders,Cameras and camcorders
1146,1167,Fabrikam Social Videographer 2/3'' 17mm E100 Black,Fabrikam,Camcorders,Camcorders,Cameras and camcorders
1147,1168,Fabrikam Home and Vacation Moviemaker 1'' 25mm M400 White,Fabrikam,Camcorders,Camcorders,Cameras and camcorders
1148,1169,Fabrikam Home and Vacation Moviemaker 1/2'' 3mm M300 White,Fabrikam,Camcorders,Camcorders,Cameras and camcorders
1149,1170,Fabrikam Home and Vacation Moviemaker 1/3'' 8.5mm M200 White,Fabrikam,Camcorders,Camcorders,Cameras and camcorders
1150,1171,Fabrikam Home and Vacation Moviemaker 2/3'' 17mm M103 White,Fabrikam,Camcorders,Camcorders,Cameras and camcorders
1151,1172,Fabrikam Budget Moviemaker 1'' 25mm E400 White,Fabrikam,Camcorders,Camcorders,Cameras and camcorders
1152,1173,Fabrikam Budget Moviemaker 1/2'' 3mm E300 White,Fabrikam,Camcorders,Camcorders,Cameras and camcorders
1153,1174,Fabrikam Budget Moviemaker 1/3'' 8.5mm E200 White,Fabrikam,Camcorders,Camcorders,Cameras and camcorders
1154,1175,Fabrikam Budget Moviemaker 2/3'' 17mm E100 White,Fabrikam,Camcorders,Camcorders,Cameras and camcorders
1155,1176,Fabrikam Trendsetter 1'' 25mm X400 White,Fabrikam,Camcorders,Camcorders,Cameras and camcorders
1156,1177,Fabrikam Trendsetter 1/2'' 3mm X300 White,Fabrikam,Camcorders,Camcorders,Cameras and camcorders
1157,1178,Fabrikam Trendsetter 1/3'' 8.5mm X200 White,Fabrikam,Camcorders,Camcorders,Cameras and camcorders
1158,1179,Fabrikam Trendsetter 2/3'' 17mm X100 White,Fabrikam,Camcorders,Camcorders,Cameras and camcorders
1159,1180,Fabrikam Independent filmmaker 1'' 25mm X400 White,Fabrikam,Camcorders,Camcorders,Cameras and camcorders
1160,1181,Fabrikam Independent filmmaker 1/2'' 3mm X300 White,Fabrikam,Camcorders,Camcorders,Cameras and camcorders
1161,1182,Fabrikam Independent filmmaker 1/3'' 8.5mm X200 White,Fabrikam,Camcorders,Camcorders,Cameras and camcorders
1162,1183,Fabrikam Independent filmmaker 2/3'' 17mm X100 White,Fabrikam,Camcorders,Camcorders,Cameras and camcorders
1163,1184,Fabrikam Business Videographer 1'' 25mm M600 White,Fabrikam,Camcorders,Camcorders,Cameras and camcorders
1164,1185,"Fabrikam Business Videographer 1/2"" 3mm M500 Orange",Fabrikam,Camcorders,Camcorders,Cameras and camcorders
1165,1186,"Fabrikam Business Videographer 1/3"" 8.5mm M380 Orange",Fabrikam,Camcorders,Camcorders,Cameras and camcorders
1166,1187,"Fabrikam Business Videographer 2/3"" 17mm M280 Orange",Fabrikam,Camcorders,Camcorders,Cameras and camcorders
1167,1188,"Fabrikam Social Videographer 1"" 25mm E400 Orange",Fabrikam,Camcorders,Camcorders,Cameras and camcorders
1168,1189,"Fabrikam Social Videographer 1/2"" 3mm E300 Orange",Fabrikam,Camcorders,Camcorders,Cameras and camcorders
1169,1190,"Fabrikam Social Videographer 1/3"" 8.5mm E200 Orange",Fabrikam,Camcorders,Camcorders,Cameras and camcorders
1170,1191,"Fabrikam Social Videographer 2/3"" 17mm E100 Orange",Fabrikam,Camcorders,Camcorders,Cameras and camcorders
1171,1192,Fabrikam Home and Vacation Moviemaker 1'' 25mm M400 Grey,Fabrikam,Camcorders,Camcorders,Cameras and camcorders
1172,1193,Fabrikam Home and Vacation Moviemaker 1/2'' 3mm M300 Grey,Fabrikam,Camcorders,Camcorders,Cameras and camcorders
1173,1194,Fabrikam Home and Vacation Moviemaker 1/3'' 8.5mm M200 Grey,Fabrikam,Camcorders,Camcorders,Cameras and camcorders
1174,1195,Fabrikam Home and Vacation Moviemaker 2/3'' 17mm M103 Grey,Fabrikam,Camcorders,Camcorders,Cameras and camcorders
1175,1196,Fabrikam Budget Moviemaker 1'' 25mm E400 Grey,Fabrikam,Camcorders,Camcorders,Cameras and camcorders
1176,1197,Fabrikam Budget Moviemaker 1/2'' 3mm E300 Grey,Fabrikam,Camcorders,Camcorders,Cameras and camcorders
1177,1198,Fabrikam Budget Moviemaker 1/3'' 8.5mm E200 Grey,Fabrikam,Camcorders,Camcorders,Cameras and camcorders
1178,1199,Fabrikam Budget Moviemaker 2/3'' 17mm E100 Grey,Fabrikam,Camcorders,Camcorders,Cameras and camcorders
1179,1200,Fabrikam Trendsetter 1'' 25mm X400 Grey,Fabrikam,Camcorders,Camcorders,Cameras and camcorders
1180,1201,Fabrikam Trendsetter 1/2'' 3mm X300 Grey,Fabrikam,Camcorders,Camcorders,Cameras and camcorders
1181,1202,Fabrikam Trendsetter 1/3'' 8.5mm X200 Grey,Fabrikam,Camcorders,Camcorders,Cameras and camcorders
1182,1203,Fabrikam Trendsetter 2/3'' 17mm X100 Grey,Fabrikam,Camcorders,Camcorders,Cameras and camcorders
1183,1204,Fabrikam Independent Filmmaker 1'' 25mm X400 Grey,Fabrikam,Camcorders,Camcorders,Cameras and camcorders
1184,1205,Fabrikam Independent Filmmaker 1/2'' 3mm X300 Grey,Fabrikam,Camcorders,Camcorders,Cameras and camcorders
1185,1206,Fabrikam Independent Filmmaker 1/3'' 8.5mm X200 Grey,Fabrikam,Camcorders,Camcorders,Cameras and camcorders
1186,1207,Fabrikam Independent Filmmaker 2/3'' 17mm X100 Grey,Fabrikam,Camcorders,Camcorders,Cameras and camcorders
1187,1208,Fabrikam Business Videographer 1'' 25mm M600 Grey,Fabrikam,Camcorders,Camcorders,Cameras and camcorders
1188,1209,Fabrikam Business Videographer 1/2'' 3mm M500 Grey,Fabrikam,Camcorders,Camcorders,Cameras and camcorders
1189,1210,Fabrikam Business Videographer 1/3'' 8.5mm M380 Grey,Fabrikam,Camcorders,Camcorders,Cameras and camcorders
1190,1211,Fabrikam Business Videographer 2/3'' 17mm M280 Grey,Fabrikam,Camcorders,Camcorders,Cameras and camcorders
1191,1212,Fabrikam Social Videographer 1'' 25mm E400 Grey,Fabrikam,Camcorders,Camcorders,Cameras and camcorders
1192,1213,Fabrikam Social Videographer 1/2'' 3mm E300 Grey,Fabrikam,Camcorders,Camcorders,Cameras and camcorders
1193,1214,Fabrikam Social Videographer 1/3'' 8.5mm E200 Grey,Fabrikam,Camcorders,Camcorders,Cameras and camcorders
1194,1215,Fabrikam Social Videographer 2/3'' 17mm E100 Grey,Fabrikam,Camcorders,Camcorders,Cameras and camcorders
1195,1216,Fabrikam Home and Vacation Moviemaker 1'' 25mm M400 Black,Fabrikam,Camcorders,Camcorders,Cameras and camcorders
1196,1217,Fabrikam Home and Vacation Moviemaker 1/2'' 3mm M300 Black,Fabrikam,Camcorders,Camcorders,Cameras and camcorders
1197,1218,Fabrikam Home and Vacation Moviemaker 1/3'' 8.5mm M200 Black,Fabrikam,Camcorders,Camcorders,Cameras and camcorders
1198,1219,"Fabrikam Home and Vacation Moviemaker 2/3"" 17mm M103 Blue",Fabrikam,Camcorders,Camcorders,Cameras and camcorders
1199,1220,Fabrikam Budget Moviemaker 1'' 25mm E400 Black,Fabrikam,Camcorders,Camcorders,Cameras and camcorders
1200,1221,Fabrikam Budget Moviemaker 1/2'' 3mm E300 Black,Fabrikam,Camcorders,Camcorders,Cameras and camcorders
1201,1222,Fabrikam Budget Moviemaker 1/3'' 8.5mm E200 Black,Fabrikam,Camcorders,Camcorders,Cameras and camcorders
1202,1223,Fabrikam Budget Moviemaker 2/3'' 17mm E100 Black,Fabrikam,Camcorders,Camcorders,Cameras and camcorders
1203,1224,Fabrikam Trendsetter 1'' 25mm X400 Black,Fabrikam,Camcorders,Camcorders,Cameras and camcorders
1204,1225,"Fabrikam Trendsetter 1/2"" 3mm X300 Orange",Fabrikam,Camcorders,Camcorders,Cameras and camcorders
1205,1226,Fabrikam Trendsetter 1/3'' 8.5mm X200 Black,Fabrikam,Camcorders,Camcorders,Cameras and camcorders
1206,1227,"Fabrikam Trendsetter 2/3"" 17mm X100 Orange",Fabrikam,Camcorders,Camcorders,Cameras and camcorders
1207,1228,"Fabrikam Independent Filmmaker 1"" 25mm X400 Blue",Fabrikam,Camcorders,Camcorders,Cameras and camcorders
1208,1229,Fabrikam Independent Filmmaker 1/2'' 3mm X300 Black,Fabrikam,Camcorders,Camcorders,Cameras and camcorders
1209,1230,"Fabrikam Independent Filmmaker 1/3"" 8.5mm X200 Blue",Fabrikam,Camcorders,Camcorders,Cameras and camcorders
1210,1231,Fabrikam Independent Filmmaker 2/3'' 17mm X100 Black,Fabrikam,Camcorders,Camcorders,Cameras and camcorders
1211,1232,Fabrikam Business Videographer 1'' 25mm M600 Black,Fabrikam,Camcorders,Camcorders,Cameras and camcorders
1212,1233,"Fabrikam Business Videographer 1/2"" 3mm M500 Blue",Fabrikam,Camcorders,Camcorders,Cameras and camcorders
1213,1234,"Fabrikam Business Videographer 1/3"" 8.5mm M380 Blue",Fabrikam,Camcorders,Camcorders,Cameras and camcorders
1214,1235,"Fabrikam Business Videographer 2/3"" 17mm M280 Blue",Fabrikam,Camcorders,Camcorders,Cameras and camcorders
1215,1236,"Fabrikam Social Videographer 1"" 25mm E400 Blue",Fabrikam,Camcorders,Camcorders,Cameras and camcorders
1216,1237,"Fabrikam Social Videographer 1/2"" 3mm E300 Blue",Fabrikam,Camcorders,Camcorders,Cameras and camcorders
1217,1238,"Fabrikam Social Videographer 1/3"" 8.5mm E200 Blue",Fabrikam,Camcorders,Camcorders,Cameras and camcorders
1218,1239,"Fabrikam Social Videographer 2/3"" 17mm E100 Blue",Fabrikam,Camcorders,Camcorders,Cameras and camcorders
1219,1240,Fabrikam Business Videographer 1/2'' 3mm M500 White,Fabrikam,Camcorders,Camcorders,Cameras and camcorders
1220,1241,Fabrikam Business Videographer 1/3'' 8.5mm M380 White,Fabrikam,Camcorders,Camcorders,Cameras and camcorders
1221,1242,Fabrikam Business Videographer 2/3'' 17mm M280 White,Fabrikam,Camcorders,Camcorders,Cameras and camcorders
1222,1243,Fabrikam Social Videographer 1'' 25mm E400 White,Fabrikam,Camcorders,Camcorders,Cameras and camcorders
1223,1244,Fabrikam Social Videographer 1/2'' 3mm E300 White,Fabrikam,Camcorders,Camcorders,Cameras and camcorders
1224,1245,Fabrikam Social Videographer 1/3'' 8.5mm E200 White,Fabrikam,Camcorders,Camcorders,Cameras and camcorders
1225,1246,Fabrikam Social Videographer 2/3'' 17mm E100 White,Fabrikam,Camcorders,Camcorders,Cameras and camcorders
1226,1247,Contoso Rechargeable Li-Ion Battery Pack E300 Silver,Contoso,Cameras & Camcorders Accessories,Cameras & Camcorders Accessories,Cameras and camcorders
1227,1248,Contoso Rechargeable Li-Ion Battery Pack E300 Black,Contoso,Cameras & Camcorders Accessories,Cameras & Camcorders Accessories,Cameras and camcorders
1228,1249,Contoso Rechargeable Li-Ion Battery Pack E300 White,Contoso,Cameras & Camcorders Accessories,Cameras & Camcorders Accessories,Cameras and camcorders
1229,1250,Contoso Travel Charger for S-Series Battery E302 Silver,Contoso,Cameras & Camcorders Accessories,Cameras & Camcorders Accessories,Cameras and camcorders
1230,1251,Contoso Travel Charger for S-Series Battery E302 Black,Contoso,Cameras & Camcorders Accessories,Cameras & Camcorders Accessories,Cameras and camcorders
1231,1252,Contoso Travel Charger for S-Series Battery E302 White,Contoso,Cameras & Camcorders Accessories,Cameras & Camcorders Accessories,Cameras and camcorders
1232,1253,Contoso General Carrying Case E304 Silver,Contoso,Cameras & Camcorders Accessories,Cameras & Camcorders Accessories,Cameras and camcorders
1233,1254,Contoso General Carrying Case E304 Black,Contoso,Cameras & Camcorders Accessories,Cameras & Camcorders Accessories,Cameras and camcorders
1234,1255,Contoso General Carrying Case E304 White,Contoso,Cameras & Camcorders Accessories,Cameras & Camcorders Accessories,Cameras and camcorders
1235,1256,Contoso General Carrying Case E304 Blue,Contoso,Cameras & Camcorders Accessories,Cameras & Camcorders Accessories,Cameras and camcorders
1236,1257,Contoso Cyber Shot Digital Cameras Adapter E306 Pink,Contoso,Cameras & Camcorders Accessories,Cameras & Camcorders Accessories,Cameras and camcorders
1237,1258,Contoso Cyber Shot Digital Cameras Adapter E306 Blue,Contoso,Cameras & Camcorders Accessories,Cameras & Camcorders Accessories,Cameras and camcorders
1238,1259,Contoso Cyber Shot Digital Cameras Adapter E306 Black,Contoso,Cameras & Camcorders Accessories,Cameras & Camcorders Accessories,Cameras and camcorders
1239,1260,Contoso Multi-Use Terminal Cable E308 Silver,Contoso,Cameras & Camcorders Accessories,Cameras & Camcorders Accessories,Cameras and camcorders
1240,1261,Contoso Multi-Use Terminal Cable E308 White,Contoso,Cameras & Camcorders Accessories,Cameras & Camcorders Accessories,Cameras and camcorders
1241,1262,Contoso Multi-Use Terminal Cable E308 Black,Contoso,Cameras & Camcorders Accessories,Cameras & Camcorders Accessories,Cameras and camcorders
1242,1263,Contoso Rechargeable Battery Pack E310 Silver,Contoso,Cameras & Camcorders Accessories,Cameras & Camcorders Accessories,Cameras and camcorders
1243,1264,Contoso Rechargeable Battery Pack E310 Black,Contoso,Cameras & Camcorders Accessories,Cameras & Camcorders Accessories,Cameras and camcorders
1244,1265,Contoso Rechargeable Battery Pack E310 White,Contoso,Cameras & Camcorders Accessories,Cameras & Camcorders Accessories,Cameras and camcorders
1245,1266,Contoso Carrying Case E312 Silver,Contoso,Cameras & Camcorders Accessories,Cameras & Camcorders Accessories,Cameras and camcorders
1246,1267,Contoso Carrying Case E312 Pink,Contoso,Cameras & Camcorders Accessories,Cameras & Camcorders Accessories,Cameras and camcorders
1247,1268,Contoso Carrying Case E312 White,Contoso,Cameras & Camcorders Accessories,Cameras & Camcorders Accessories,Cameras and camcorders
1248,1269,Contoso Carrying Case E312 Blue,Contoso,Cameras & Camcorders Accessories,Cameras & Camcorders Accessories,Cameras and camcorders
1249,1270,Contoso Lens Cap Keeper E314 Pink,Contoso,Cameras & Camcorders Accessories,Cameras & Camcorders Accessories,Cameras and camcorders
1250,1271,Contoso Lens Cap Keeper E314 Yellow,Contoso,Cameras & Camcorders Accessories,Cameras & Camcorders Accessories,Cameras and camcorders
1251,1272,Contoso Lens Cap Keeper E314 White,Contoso,Cameras & Camcorders Accessories,Cameras & Camcorders Accessories,Cameras and camcorders
1252,1273,Contoso Lens Cap Keeper E314 Silver,Contoso,Cameras & Camcorders Accessories,Cameras & Camcorders Accessories,Cameras and camcorders
1253,1274,Contoso Digital Cameras Lightweight Tripod E316 White,Contoso,Cameras & Camcorders Accessories,Cameras & Camcorders Accessories,Cameras and camcorders
1254,1275,Contoso Digital Cameras Lightweight Tripod E316 Black,Contoso,Cameras & Camcorders Accessories,Cameras & Camcorders Accessories,Cameras and camcorders
1255,1276,Contoso Digital Cameras Lightweight Tripod E316 Pink,Contoso,Cameras & Camcorders Accessories,Cameras & Camcorders Accessories,Cameras and camcorders
1256,1277,Contoso Digital Cameras Lightweight Tripod E316 Silver,Contoso,Cameras & Camcorders Accessories,Cameras & Camcorders Accessories,Cameras and camcorders
1257,1278,Contoso General Soft Carrying Case E318 Blue,Contoso,Cameras & Camcorders Accessories,Cameras & Camcorders Accessories,Cameras and camcorders
1258,1279,Contoso General Soft Carrying Case E318 Black,Contoso,Cameras & Camcorders Accessories,Cameras & Camcorders Accessories,Cameras and camcorders
1259,1280,Contoso General Soft Carrying Case E318 Silver,Contoso,Cameras & Camcorders Accessories,Cameras & Camcorders Accessories,Cameras and camcorders
1260,1281,Contoso General Soft Carrying Case E318 White,Contoso,Cameras & Camcorders Accessories,Cameras & Camcorders Accessories,Cameras and camcorders
1261,1282,Contoso Mini Battery Charger Kit E320 Red,Contoso,Cameras & Camcorders Accessories,Cameras & Camcorders Accessories,Cameras and camcorders
1262,1283,Contoso Mini Battery Charger Kit E320 White,Contoso,Cameras & Camcorders Accessories,Cameras & Camcorders Accessories,Cameras and camcorders
1263,1284,Contoso Mini Battery Charger Kit E320 Black,Contoso,Cameras & Camcorders Accessories,Cameras & Camcorders Accessories,Cameras and camcorders
1264,1285,Contoso Mini Battery Charger Kit E320 Silver,Contoso,Cameras & Camcorders Accessories,Cameras & Camcorders Accessories,Cameras and camcorders
1265,1286,Contoso Genuine Leather Grip Belt E322 Black,Contoso,Cameras & Camcorders Accessories,Cameras & Camcorders Accessories,Cameras and camcorders
1266,1287,Contoso Genuine Leather Grip Belt E322 White,Contoso,Cameras & Camcorders Accessories,Cameras & Camcorders Accessories,Cameras and camcorders
1267,1288,Contoso Genuine Leather Grip Belt E322 Silver,Contoso,Cameras & Camcorders Accessories,Cameras & Camcorders Accessories,Cameras and camcorders
1268,1289,Contoso Genuine Leather Grip Belt E322 Grey,Contoso,Cameras & Camcorders Accessories,Cameras & Camcorders Accessories,Cameras and camcorders
1269,1290,Contoso Macro Zoom Lens X300 Silver,Contoso,Cameras & Camcorders Accessories,Cameras & Camcorders Accessories,Cameras and camcorders
1270,1291,Contoso Macro Zoom Lens X300 White,Contoso,Cameras & Camcorders Accessories,Cameras & Camcorders Accessories,Cameras and camcorders
1271,1292,Contoso Macro Zoom Lens X300 Black,Contoso,Cameras & Camcorders Accessories,Cameras & Camcorders Accessories,Cameras and camcorders
1272,1293,Contoso Telephoto Conversion Lens X400 Silver,Contoso,Cameras & Camcorders Accessories,Cameras & Camcorders Accessories,Cameras and camcorders
1273,1294,Contoso Telephoto Conversion Lens X400 White,Contoso,Cameras & Camcorders Accessories,Cameras & Camcorders Accessories,Cameras and camcorders
1274,1295,Contoso Telephoto Conversion Lens X400 Black,Contoso,Cameras & Camcorders Accessories,Cameras & Camcorders Accessories,Cameras and camcorders
1275,1296,Contoso USB Cable M250 Black,Contoso,Cameras & Camcorders Accessories,Cameras & Camcorders Accessories,Cameras and camcorders
1276,1297,Contoso USB Cable M250 White,Contoso,Cameras & Camcorders Accessories,Cameras & Camcorders Accessories,Cameras and camcorders
1277,1298,Contoso USB Cable M250 Yellow,Contoso,Cameras & Camcorders Accessories,Cameras & Camcorders Accessories,Cameras and camcorders
1278,1299,Contoso USB Cable M250 Blue,Contoso,Cameras & Camcorders Accessories,Cameras & Camcorders Accessories,Cameras and camcorders
1279,1300,Contoso Telephoto Conversion Lens M350 Black,Contoso,Cameras & Camcorders Accessories,Cameras & Camcorders Accessories,Cameras and camcorders
1280,1301,Contoso Telephoto Conversion Lens M350 White,Contoso,Cameras & Camcorders Accessories,Cameras & Camcorders Accessories,Cameras and camcorders
1281,1302,Contoso Telephoto Conversion Lens M350 Silver,Contoso,Cameras & Camcorders Accessories,Cameras & Camcorders Accessories,Cameras and camcorders
1282,1303,Contoso Telephoto Conversion Lens M350 Blue,Contoso,Cameras & Camcorders Accessories,Cameras & Camcorders Accessories,Cameras and camcorders
1283,1304,Contoso Lens Adapter M450 White,Contoso,Cameras & Camcorders Accessories,Cameras & Camcorders Accessories,Cameras and camcorders
1284,1305,Contoso Lens Adapter M450 Silver,Contoso,Cameras & Camcorders Accessories,Cameras & Camcorders Accessories,Cameras and camcorders
1285,1306,Contoso Lens Adapter M450 Black,Contoso,Cameras & Camcorders Accessories,Cameras & Camcorders Accessories,Cameras and camcorders
1286,1307,Contoso Lens Adapter M450 Grey,Contoso,Cameras & Camcorders Accessories,Cameras & Camcorders Accessories,Cameras and camcorders
1287,1308,Contoso Digital Camera/Camcorder USB Cable E324 Purple,Contoso,Cameras & Camcorders Accessories,Cameras & Camcorders Accessories,Cameras and camcorders
1288,1309,Contoso Digital Camera/Camcorder USB Cable E324 Black,Contoso,Cameras & Camcorders Accessories,Cameras & Camcorders Accessories,Cameras and camcorders
1289,1310,Contoso Digital Camera/Camcorder USB Cable E324 Silver,Contoso,Cameras & Camcorders Accessories,Cameras & Camcorders Accessories,Cameras and camcorders
1290,1311,Contoso Digital Camera/Camcorder USB Cable E324 White,Contoso,Cameras & Camcorders Accessories,Cameras & Camcorders Accessories,Cameras and camcorders
1291,1313,Contoso Conversion Lens M550 Black,Contoso,Cameras & Camcorders Accessories,Cameras & Camcorders Accessories,Cameras and camcorders
1292,1314,Contoso Conversion Lens M550 Silver,Contoso,Cameras & Camcorders Accessories,Cameras & Camcorders Accessories,Cameras and camcorders
1293,1315,Contoso Conversion Lens M550 Pink,Contoso,Cameras & Camcorders Accessories,Cameras & Camcorders Accessories,Cameras and camcorders
1294,1316,Contoso Single-line phones E10 Black,Contoso,Home & Office Phones,Home & Office Phones,Cell phones
1295,1317,Contoso Dual Handset Cordless Phone System  E20 Black,Contoso,Home & Office Phones,Home & Office Phones,Cell phones
1296,1318,Contoso 3 Handset Cordless Phone System  E30 Black,Contoso,Home & Office Phones,Home & Office Phones,Cell phones
1297,1319,Contoso Multi-line phones M30 Black,Contoso,Home & Office Phones,Home & Office Phones,Cell phones
1298,1320,Contoso KSU-less key system M38 Black,Contoso,Home & Office Phones,Home & Office Phones,Cell phones
1299,1321,Contoso Hybrid system M60 Black,Contoso,Home & Office Phones,Home & Office Phones,Cell phones
1300,1322,Contoso Private Branch Exchange M88 Black,Contoso,Home & Office Phones,Home & Office Phones,Cell phones
1301,1323,Contoso 4 Handset Cordless Phone System M86 Black,Contoso,Home & Office Phones,Home & Office Phones,Cell phones
1302,1324,Contoso Private Automatic Branch Exchange M65 Black,Contoso,Home & Office Phones,Home & Office Phones,Cell phones
1303,1325,Contoso Electronic Private Automatic Branch Exchange M90 Black,Contoso,Home & Office Phones,Home & Office Phones,Cell phones
1304,1326,Contoso Centrex Phone System L10 Black,Contoso,Home & Office Phones,Home & Office Phones,Cell phones
1305,1327,Contoso In front of Centrex L15 Black,Contoso,Home & Office Phones,Home & Office Phones,Cell phones
1306,1328,Contoso behind Centrex X15 Black,Contoso,Home & Office Phones,Home & Office Phones,Cell phones
1307,1329,Contoso Phone with 13-Number Memory (210) M301 Black,Contoso,Home & Office Phones,Home & Office Phones,Cell phones
1308,1330,Contoso Expandable Cordless Phone System M008 Black,Contoso,Home & Office Phones,Home & Office Phones,Cell phones
1309,1331,Contoso Phone System Accessory Handset with Charger M308 Black,Contoso,Home & Office Phones,Home & Office Phones,Cell phones
1310,1332,Contoso 2-Line Corded Cordless Telephone M202 Black,Contoso,Home & Office Phones,Home & Office Phones,Cell phones
1311,1333,Contoso 4-Line Corded Cordless Telephone M203 Black,Contoso,Home & Office Phones,Home & Office Phones,Cell phones
1312,1334,Contoso Expandable 3-Handset Cordless Phone System M204 Black,Contoso,Home & Office Phones,Home & Office Phones,Cell phones
1313,1335,Contoso Expandable 2-Handset Cordless Phone System M205 Black,Contoso,Home & Office Phones,Home & Office Phones,Cell phones
1314,1336,Contoso Expandable 4-Handset Cordless Phone System M206 Black,Contoso,Home & Office Phones,Home & Office Phones,Cell phones
1315,1337,Contoso Expandable1-Handset Cordless Phone System M207 Black,Contoso,Home & Office Phones,Home & Office Phones,Cell phones
1316,1338,Contoso Digital Cordless Expansion Handset Phone M900 Black,Contoso,Home & Office Phones,Home & Office Phones,Cell phones
1317,1339,Contoso 2-Line Speakerphone M109 Black,Contoso,Home & Office Phones,Home & Office Phones,Cell phones
1318,1340,Contoso Phone with Memory Dialing-single line E88 Black,Contoso,Home & Office Phones,Home & Office Phones,Cell phones
1319,1341,Contoso Phone with Memory Dialing-2 lines E90 Black,Contoso,Home & Office Phones,Home & Office Phones,Cell phones
1320,1342,Contoso Integrated Business Phone With card L10 Black,Contoso,Home & Office Phones,Home & Office Phones,Cell phones
1321,1343,Contoso Integrated Business Phone L08 Black,Contoso,Home & Office Phones,Home & Office Phones,Cell phones
1322,1344,Contoso Phone for MSN E200 Black,Contoso,Home & Office Phones,Home & Office Phones,Cell phones
1323,1345,Contoso 4-Line Expandable Cordless Phone System M900 Black,Contoso,Home & Office Phones,Home & Office Phones,Cell phones
1324,1346,Contoso Lifestyles Series - Big Button Cordless phone M800 Black,Contoso,Home & Office Phones,Home & Office Phones,Cell phones
1325,1347,Contoso Bedroom Phone with AM/FM Stereo and Call Waiting Caller ID M600 Black,Contoso,Home & Office Phones,Home & Office Phones,Cell phones
1326,1348,Contoso Waterproof Accessory Handset and Charging Cradle M609 Black,Contoso,Home & Office Phones,Home & Office Phones,Cell phones
1327,1349,Contoso Single-line phones E10 White,Contoso,Home & Office Phones,Home & Office Phones,Cell phones
1328,1350,Contoso Dual Handset Cordless Phone System E20 White,Contoso,Home & Office Phones,Home & Office Phones,Cell phones
1329,1351,Contoso 3 Handset Cordless Phone System E30 White,Contoso,Home & Office Phones,Home & Office Phones,Cell phones
1330,1352,Contoso Multi-line phones M30 White,Contoso,Home & Office Phones,Home & Office Phones,Cell phones
1331,1353,Contoso KSU-less key system M38 White,Contoso,Home & Office Phones,Home & Office Phones,Cell phones
1332,1354,Contoso Hybrid system M60 White,Contoso,Home & Office Phones,Home & Office Phones,Cell phones
1333,1355,Contoso Private Branch Exchange M88 White,Contoso,Home & Office Phones,Home & Office Phones,Cell phones
1334,1356,Contoso 4 Handset Cordless Phone System M86 White,Contoso,Home & Office Phones,Home & Office Phones,Cell phones
1335,1357,Contoso Private Automatic Branch Exchange M65 White,Contoso,Home & Office Phones,Home & Office Phones,Cell phones
1336,1358,Contoso Electronic Private Automatic Branch Exchange M90 White,Contoso,Home & Office Phones,Home & Office Phones,Cell phones
1337,1359,Contoso Centrex Phone System L10 White,Contoso,Home & Office Phones,Home & Office Phones,Cell phones
1338,1360,Contoso In front of Centrex L15 White,Contoso,Home & Office Phones,Home & Office Phones,Cell phones
1339,1361,Contoso Behind Centrex X15 White,Contoso,Home & Office Phones,Home & Office Phones,Cell phones
1340,1362,Contoso Phone with 13-Number Memory (210) M301 White,Contoso,Home & Office Phones,Home & Office Phones,Cell phones
1341,1363,Contoso Expandable Cordless Phone System M008 White,Contoso,Home & Office Phones,Home & Office Phones,Cell phones
1342,1364,Contoso Phone System Accessory Handset with Charger M308 White,Contoso,Home & Office Phones,Home & Office Phones,Cell phones
1343,1365,Contoso 2-Line Corded Cordless Telephone M202 White,Contoso,Home & Office Phones,Home & Office Phones,Cell phones
1344,1366,Contoso 4-Line Corded Cordless Telephone M203 White,Contoso,Home & Office Phones,Home & Office Phones,Cell phones
1345,1367,Contoso Expandable 3-Handset Cordless Phone System M204 White,Contoso,Home & Office Phones,Home & Office Phones,Cell phones
1346,1368,Contoso Expandable 2-Handset Cordless Phone System M205 White,Contoso,Home & Office Phones,Home & Office Phones,Cell phones
1347,1369,Contoso Expandable 4-Handset Cordless Phone System M206 White,Contoso,Home & Office Phones,Home & Office Phones,Cell phones
1348,1370,Contoso Expandable1-Handset Cordless Phone System M207 White,Contoso,Home & Office Phones,Home & Office Phones,Cell phones
1349,1371,Contoso Digital Cordless Expansion Handset Phone M900 White,Contoso,Home & Office Phones,Home & Office Phones,Cell phones
1350,1372,Contoso 2-Line Speakerphone M109 White,Contoso,Home & Office Phones,Home & Office Phones,Cell phones
1351,1373,Contoso Phone with Memory Dialing-single line E88 White,Contoso,Home & Office Phones,Home & Office Phones,Cell phones
1352,1374,Contoso Phone with Memory Dialing-2 lines E90 White,Contoso,Home & Office Phones,Home & Office Phones,Cell phones
1353,1375,Contoso Integrated Business Phone With card L10 White,Contoso,Home & Office Phones,Home & Office Phones,Cell phones
1354,1376,Contoso Integrated Business Phone L08 White,Contoso,Home & Office Phones,Home & Office Phones,Cell phones
1355,1377,Contoso Phone for MSN E200 White,Contoso,Home & Office Phones,Home & Office Phones,Cell phones
1356,1378,Contoso 4-Line Expandable Cordless Phone System M900 White,Contoso,Home & Office Phones,Home & Office Phones,Cell phones
1357,1379,Contoso Lifestyles Series - Big Button Cordless phone M800 White,Contoso,Home & Office Phones,Home & Office Phones,Cell phones
1358,1380,Contoso Bedroom Phone with AM/FM Stereo and Call Waiting Caller ID M600 White,Contoso,Home & Office Phones,Home & Office Phones,Cell phones
1359,1381,Contoso Waterproof Accessory Handset and Charging Cradle M609 White,Contoso,Home & Office Phones,Home & Office Phones,Cell phones
1360,1382,Contoso Single-line phones E10 Grey,Contoso,Home & Office Phones,Home & Office Phones,Cell phones
1361,1383,Contoso Dual Handset Cordless Phone System E20 Grey,Contoso,Home & Office Phones,Home & Office Phones,Cell phones
1362,1384,Contoso 3 Handset Cordless Phone System E30 Grey,Contoso,Home & Office Phones,Home & Office Phones,Cell phones
1363,1385,Contoso Multi-line phones M30 Grey,Contoso,Home & Office Phones,Home & Office Phones,Cell phones
1364,1386,Contoso KSU-less key system M38 Grey,Contoso,Home & Office Phones,Home & Office Phones,Cell phones
1365,1387,Contoso Hybrid system M60 Grey,Contoso,Home & Office Phones,Home & Office Phones,Cell phones
1366,1388,Contoso Private Branch Exchange M88 Grey,Contoso,Home & Office Phones,Home & Office Phones,Cell phones
1367,1389,Contoso 4 Handset Cordless Phone System M86 Grey,Contoso,Home & Office Phones,Home & Office Phones,Cell phones
1368,1390,Contoso Private Automatic Branch Exchange M65 Grey,Contoso,Home & Office Phones,Home & Office Phones,Cell phones
1369,1391,Contoso Electronic Private Automatic Branch Exchange M90 Grey,Contoso,Home & Office Phones,Home & Office Phones,Cell phones
1370,1392,Contoso Centrex Phone System L10 Grey,Contoso,Home & Office Phones,Home & Office Phones,Cell phones
1371,1393,Contoso In front of Centrex L15 Grey,Contoso,Home & Office Phones,Home & Office Phones,Cell phones
1372,1394,Contoso behind Centrex X15 Grey,Contoso,Home & Office Phones,Home & Office Phones,Cell phones
1373,1395,Contoso Phone with 13-Number Memory (210) M301 Grey,Contoso,Home & Office Phones,Home & Office Phones,Cell phones
1374,1396,Contoso Expandable Cordless Phone System M008 Grey,Contoso,Home & Office Phones,Home & Office Phones,Cell phones
1375,1397,Contoso Phone System Accessory Handset with Charger M308 Grey,Contoso,Home & Office Phones,Home & Office Phones,Cell phones
1376,1398,Contoso 2-Line Corded Cordless Telephone M202 Grey,Contoso,Home & Office Phones,Home & Office Phones,Cell phones
1377,1399,Contoso 4-Line Corded Cordless Telephone M203 Grey,Contoso,Home & Office Phones,Home & Office Phones,Cell phones
1378,1400,Contoso Expandable 3-Handset Cordless Phone System M204 Grey,Contoso,Home & Office Phones,Home & Office Phones,Cell phones
1379,1401,Contoso Expandable 2-Handset Cordless Phone System M205 Grey,Contoso,Home & Office Phones,Home & Office Phones,Cell phones
1380,1402,Contoso Expandable 4-Handset Cordless Phone System M206 Grey,Contoso,Home & Office Phones,Home & Office Phones,Cell phones
1381,1403,Contoso Expandable1-Handset Cordless Phone System M207 Grey,Contoso,Home & Office Phones,Home & Office Phones,Cell phones
1382,1404,Contoso Digital Cordless Expansion Handset Phone M900 Grey,Contoso,Home & Office Phones,Home & Office Phones,Cell phones
1383,1405,Contoso 2-Line Speakerphone M109 Grey,Contoso,Home & Office Phones,Home & Office Phones,Cell phones
1384,1406,Contoso Phone with Memory Dialing-single line E88 Grey,Contoso,Home & Office Phones,Home & Office Phones,Cell phones
1385,1407,Contoso Phone with Memory Dialing-2 lines E90 Grey,Contoso,Home & Office Phones,Home & Office Phones,Cell phones
1386,1408,"The Phone Company Touch Screen Phone 1600 TFT-2.2"" L200 Black",The Phone Company,Touch Screen Phones,Touch Screen Phones,Cell phones
1387,1409,"The Phone Company Touch Screen Phone 1600 TFT-1.4"" L250 Black",The Phone Company,Touch Screen Phones,Touch Screen Phones,Cell phones
1388,1410,"The Phone Company Touch Screen Phones 26-2.2"" M200 Black",The Phone Company,Touch Screen Phones,Touch Screen Phones,Cell phones
1389,1411,"The Phone Company Touch Screen Phones 26-1.4"" M250 Black",The Phone Company,Touch Screen Phones,Touch Screen Phones,Cell phones
1390,1412,The Phone Company Touch Screen Phones 4-Wire/On-wall M302 Black,The Phone Company,Touch Screen Phones,Touch Screen Phones,Cell phones
1391,1413,The Phone Company Touch Screen Phones SAW/Built-in M801 Black,The Phone Company,Touch Screen Phones,Touch Screen Phones,Cell phones
1392,1414,The Phone Company Touch Screen Phones 5-Wire/Built-in M500 Black,The Phone Company,Touch Screen Phones,Touch Screen Phones,Cell phones
1393,1415,The Phone Company Touch Screen Phones Infrared M901 Black,The Phone Company,Touch Screen Phones,Touch Screen Phones,Cell phones
1394,1416,The Phone Company Touch Screen Phones Capacitive M908 Black,The Phone Company,Touch Screen Phones,Touch Screen Phones,Cell phones
1395,1417,The Phone Company Touch Screen Phones 4-Wire/ Built-in M205 Black,The Phone Company,Touch Screen Phones,Touch Screen Phones,Cell phones
1396,1418,The Phone Company Touch Screen Phones SAW/On-wall M806 Black,The Phone Company,Touch Screen Phones,Touch Screen Phones,Cell phones
1397,1419,The Phone Company Touch Screen Phones 5-Wire/On-wall M508 Black,The Phone Company,Touch Screen Phones,Touch Screen Phones,Cell phones
1398,1420,The Phone Company Finger Touch Screen Phones M30 Black,The Phone Company,Touch Screen Phones,Touch Screen Phones,Cell phones
1399,1421,"The Phone Company Pen Touch Screen Phones-2.6"" M320 Black",The Phone Company,Touch Screen Phones,Touch Screen Phones,Cell phones
1400,1422,The Phone Company Sharp Touch Screen Phones M910 Black,The Phone Company,Touch Screen Phones,Touch Screen Phones,Cell phones
1401,1423,The Phone Company Touch Screen Phones - CRT M11 Black,The Phone Company,Touch Screen Phones,Touch Screen Phones,Cell phones
1402,1424,The Phone Company Touch Screen Phones - LCD M12 Black,The Phone Company,Touch Screen Phones,Touch Screen Phones,Cell phones
1403,1425,"The Phone Company Touch Screen Phone 1600 TFT-2.2"" L200 Grey",The Phone Company,Touch Screen Phones,Touch Screen Phones,Cell phones
1404,1426,"The Phone Company Touch Screen Phone 1600 TFT-1.4"" L250 Grey",The Phone Company,Touch Screen Phones,Touch Screen Phones,Cell phones
1405,1427,"The Phone Company Touch Screen Phones 26-2.2"" M200 Grey",The Phone Company,Touch Screen Phones,Touch Screen Phones,Cell phones
1406,1428,"The Phone Company Touch Screen Phones 26-1.4"" M250 Grey",The Phone Company,Touch Screen Phones,Touch Screen Phones,Cell phones
1407,1429,The Phone Company Touch Screen Phones 4-Wire/On-wall M302 Grey,The Phone Company,Touch Screen Phones,Touch Screen Phones,Cell phones
1408,1430,The Phone Company Touch Screen Phones SAW/Built-in M801 Grey,The Phone Company,Touch Screen Phones,Touch Screen Phones,Cell phones
1409,1431,The Phone Company Touch Screen Phones 5-Wire/Built-in M500 Grey,The Phone Company,Touch Screen Phones,Touch Screen Phones,Cell phones
1410,1432,The Phone Company Touch Screen Phones Infrared M901 Grey,The Phone Company,Touch Screen Phones,Touch Screen Phones,Cell phones
1411,1433,The Phone Company Touch Screen Phones Capacitive M908 Grey,The Phone Company,Touch Screen Phones,Touch Screen Phones,Cell phones
1412,1434,The Phone Company Touch Screen Phones 4-Wire/ Built-in M205 Grey,The Phone Company,Touch Screen Phones,Touch Screen Phones,Cell phones
1413,1435,The Phone Company Touch Screen Phones SAW/On-wall M806 Grey,The Phone Company,Touch Screen Phones,Touch Screen Phones,Cell phones
1414,1436,The Phone Company Touch Screen Phones 5-Wire/On-wall M508 Grey,The Phone Company,Touch Screen Phones,Touch Screen Phones,Cell phones
1415,1437,The Phone Company Finger Touch Screen Phones M30 Grey,The Phone Company,Touch Screen Phones,Touch Screen Phones,Cell phones
1416,1438,The Phone Company Pen Touch Screen Phones M320 Grey,The Phone Company,Touch Screen Phones,Touch Screen Phones,Cell phones
1417,1439,The Phone Company Sharp Touch Screen Phones M910 Grey,The Phone Company,Touch Screen Phones,Touch Screen Phones,Cell phones
1418,1440,The Phone Company Touch Screen Phones - CRT M11 Grey,The Phone Company,Touch Screen Phones,Touch Screen Phones,Cell phones
1419,1441,The Phone Company Touch Screen Phones - LCD M12 Grey,The Phone Company,Touch Screen Phones,Touch Screen Phones,Cell phones
1420,1442,"The Phone Company Touch Screen Phone 1600 TFT-2.2"" L200 Gold",The Phone Company,Touch Screen Phones,Touch Screen Phones,Cell phones
1421,1443,"The Phone Company Touch Screen Phone 1600 TFT-1.4"" L250 Gold",The Phone Company,Touch Screen Phones,Touch Screen Phones,Cell phones
1422,1444,"The Phone Company Touch Screen Phones 26-2.2"" M200 Gold",The Phone Company,Touch Screen Phones,Touch Screen Phones,Cell phones
1423,1445,"The Phone Company Touch Screen Phones 26-1.4"" M250 Gold",The Phone Company,Touch Screen Phones,Touch Screen Phones,Cell phones
1424,1446,The Phone Company Touch Screen Phones 4-Wire/On-wall M302 Gold,The Phone Company,Touch Screen Phones,Touch Screen Phones,Cell phones
1425,1447,The Phone Company Touch Screen Phones SAW/Built-in M801 Gold,The Phone Company,Touch Screen Phones,Touch Screen Phones,Cell phones
1426,1448,The Phone Company Touch Screen Phones 5-Wire/Built-in M500 Gold,The Phone Company,Touch Screen Phones,Touch Screen Phones,Cell phones
1427,1449,The Phone Company Touch Screen Phones Infrared M901 Gold,The Phone Company,Touch Screen Phones,Touch Screen Phones,Cell phones
1428,1450,The Phone Company Touch Screen Phones Capacitive M908 Gold,The Phone Company,Touch Screen Phones,Touch Screen Phones,Cell phones
1429,1451,The Phone Company Touch Screen Phones 4-Wire/ Built-in M205 Gold,The Phone Company,Touch Screen Phones,Touch Screen Phones,Cell phones
1430,1452,The Phone Company Touch Screen Phones SAW/On-wall M806 Gold,The Phone Company,Touch Screen Phones,Touch Screen Phones,Cell phones
1431,1453,The Phone Company Touch Screen Phones 5-Wire/On-wall M508 Gold,The Phone Company,Touch Screen Phones,Touch Screen Phones,Cell phones
1432,1454,The Phone Company Finger Touch Screen Phones M30 Gold,The Phone Company,Touch Screen Phones,Touch Screen Phones,Cell phones
1433,1455,The Phone Company Pen Touch Screen Phones M320 Gold,The Phone Company,Touch Screen Phones,Touch Screen Phones,Cell phones
1434,1456,The Phone Company Sharp Touch Screen Phones M910 Gold,The Phone Company,Touch Screen Phones,Touch Screen Phones,Cell phones
1435,1457,The Phone Company Touch Screen Phones - CRT M11 Gold,The Phone Company,Touch Screen Phones,Touch Screen Phones,Cell phones
1436,1458,The Phone Company Touch Screen Phones - LCD M12 Gold,The Phone Company,Touch Screen Phones,Touch Screen Phones,Cell phones
1437,1459,Contoso Touch Screen Phones 5-Wire/Built-in M500 Black,Contoso,Touch Screen Phones,Touch Screen Phones,Cell phones
1438,1460,Contoso Touch Screen Phones Infrared M901 Black,Contoso,Touch Screen Phones,Touch Screen Phones,Cell phones
1439,1461,Contoso Touch Screen Phones Capacitive M908 Black,Contoso,Touch Screen Phones,Touch Screen Phones,Cell phones
1440,1462,Contoso Touch Screen Phones 4-Wire/ Built-in M205 Black,Contoso,Touch Screen Phones,Touch Screen Phones,Cell phones
1441,1463,Contoso Touch Screen Phones SAW/On-wall M806 Black,Contoso,Touch Screen Phones,Touch Screen Phones,Cell phones
1442,1464,Contoso Touch Screen Phones 5-Wire/On-wall M508 Black,Contoso,Touch Screen Phones,Touch Screen Phones,Cell phones
1443,1465,Contoso Finger Touch Screen Phones M30 Black,Contoso,Touch Screen Phones,Touch Screen Phones,Cell phones
1444,1466,Contoso Pen Touch Screen Phones M320 Black,Contoso,Touch Screen Phones,Touch Screen Phones,Cell phones
1445,1467,Contoso Sharp Touch Screen Phones M910 Black,Contoso,Touch Screen Phones,Touch Screen Phones,Cell phones
1446,1468,Contoso Touch Screen Phones - CRT M11 Black,Contoso,Touch Screen Phones,Touch Screen Phones,Cell phones
1447,1469,Contoso Touch Screen Phones  - LCD M12 Black,Contoso,Touch Screen Phones,Touch Screen Phones,Cell phones
1448,1470,The Phone Company Smart phones without camera E100 Black,The Phone Company,Smart phones & PDAs,Smart phones & PDAs,Cell phones
1449,1471,The Phone Company Microsoft Windows Mobile M200 Black,The Phone Company,Smart phones & PDAs,Smart phones & PDAs,Cell phones
1450,1472,The Phone Company Smart phones 4 GB of Memory M300 Black,The Phone Company,Smart phones & PDAs,Smart phones & PDAs,Cell phones
1451,1473,The Phone Company Smart phones 8 GB of Memory M400 Black,The Phone Company,Smart phones & PDAs,Smart phones & PDAs,Cell phones
1452,1474,The Phone Company Smart phones 160x160 M26 Black,The Phone Company,Smart phones & PDAs,Smart phones & PDAs,Cell phones
1453,1475,The Phone Company Smart phones 6-LINE SCREEN M21 Black,The Phone Company,Smart phones & PDAs,Smart phones & PDAs,Cell phones
1454,1476,The Phone Company Smart phones -320 x 320 M86 Black,The Phone Company,Smart phones & PDAs,Smart phones & PDAs,Cell phones
1455,1477,The Phone Company Smart phones Unlocked M300 Black,The Phone Company,Smart phones & PDAs,Smart phones & PDAs,Cell phones
1456,1478,The Phone Company Smart phones Expert M400 Black,The Phone Company,Smart phones & PDAs,Smart phones & PDAs,Cell phones
1457,1479,The Phone Company Smart phones Unlocked International M800 Black,The Phone Company,Smart phones & PDAs,Smart phones & PDAs,Cell phones
1458,1480,The Phone Company Smart phones without camera E100 Grey,The Phone Company,Smart phones & PDAs,Smart phones & PDAs,Cell phones
1459,1481,The Phone Company Microsoft Windows Mobile M200 Grey,The Phone Company,Smart phones & PDAs,Smart phones & PDAs,Cell phones
1460,1482,The Phone Company Smart phones 4 GB of Memory M300 Grey,The Phone Company,Smart phones & PDAs,Smart phones & PDAs,Cell phones
1461,1483,The Phone Company Smart phones 8 GB of Memory M400 Grey,The Phone Company,Smart phones & PDAs,Smart phones & PDAs,Cell phones
1462,1484,The Phone Company Smart phones 160x160 M26 Grey,The Phone Company,Smart phones & PDAs,Smart phones & PDAs,Cell phones
1463,1485,The Phone Company Smart phones 6-LINE SCREEN M21 Grey,The Phone Company,Smart phones & PDAs,Smart phones & PDAs,Cell phones
1464,1486,The Phone Company Smart phones 320 x 320 M86 Grey,The Phone Company,Smart phones & PDAs,Smart phones & PDAs,Cell phones
1465,1487,The Phone Company Smart phones Unlocked M300 Grey,The Phone Company,Smart phones & PDAs,Smart phones & PDAs,Cell phones
1466,1488,The Phone Company Smart phones Expert M400 Grey,The Phone Company,Smart phones & PDAs,Smart phones & PDAs,Cell phones
1467,1489,The Phone Company Smart phones Unlocked International M800 Grey,The Phone Company,Smart phones & PDAs,Smart phones & PDAs,Cell phones
1468,1490,The Phone Company Smart phones without camera E100 White,The Phone Company,Smart phones & PDAs,Smart phones & PDAs,Cell phones
1469,1491,The Phone Company Microsoft Windows Mobile M200 White,The Phone Company,Smart phones & PDAs,Smart phones & PDAs,Cell phones
1470,1492,The Phone Company Smart phones 4 GB of Memory M300 White,The Phone Company,Smart phones & PDAs,Smart phones & PDAs,Cell phones
1471,1493,The Phone Company Smart phones 8 GB of Memory M400 White,The Phone Company,Smart phones & PDAs,Smart phones & PDAs,Cell phones
1472,1494,The Phone Company Smart phones 160x160 M26 White,The Phone Company,Smart phones & PDAs,Smart phones & PDAs,Cell phones
1473,1495,The Phone Company Smart phones 6-LINE SCREEN M21 White,The Phone Company,Smart phones & PDAs,Smart phones & PDAs,Cell phones
1474,1496,The Phone Company Smart phones 320 x 320 M86 White,The Phone Company,Smart phones & PDAs,Smart phones & PDAs,Cell phones
1475,1497,The Phone Company Smart phones Unlocked M300 White,The Phone Company,Smart phones & PDAs,Smart phones & PDAs,Cell phones
1476,1498,The Phone Company Smart phones Expert M400 White,The Phone Company,Smart phones & PDAs,Smart phones & PDAs,Cell phones
1477,1499,The Phone Company Smart phones Unlocked International M800 White,The Phone Company,Smart phones & PDAs,Smart phones & PDAs,Cell phones
1478,1500,The Phone Company Smart phones without camera E100 Pink,The Phone Company,Smart phones & PDAs,Smart phones & PDAs,Cell phones
1479,1501,The Phone Company Microsoft Windows Mobile M200 Pink,The Phone Company,Smart phones & PDAs,Smart phones & PDAs,Cell phones
1480,1502,The Phone Company Smart phones 4 GB of Memory M300 Pink,The Phone Company,Smart phones & PDAs,Smart phones & PDAs,Cell phones
1481,1503,The Phone Company Smart phones 8 GB of Memory M400 Pink,The Phone Company,Smart phones & PDAs,Smart phones & PDAs,Cell phones
1482,1504,The Phone Company Smart phones 160x160 M26 Pink,The Phone Company,Smart phones & PDAs,Smart phones & PDAs,Cell phones
1483,1505,The Phone Company Smart phones 6-LINE SCREEN M21 Pink,The Phone Company,Smart phones & PDAs,Smart phones & PDAs,Cell phones
1484,1506,The Phone Company Smart phones 320 x 320 M86 Pink,The Phone Company,Smart phones & PDAs,Smart phones & PDAs,Cell phones
1485,1507,The Phone Company Smart phones Unlocked M300 Pink,The Phone Company,Smart phones & PDAs,Smart phones & PDAs,Cell phones
1486,1508,The Phone Company Smart phones Expert M400 Pink,The Phone Company,Smart phones & PDAs,Smart phones & PDAs,Cell phones
1487,1509,The Phone Company Smart phones Unlocked International M800 Pink,The Phone Company,Smart phones & PDAs,Smart phones & PDAs,Cell phones
1488,1510,The Phone Company Smart phones without camera E100 Gold,The Phone Company,Smart phones & PDAs,Smart phones & PDAs,Cell phones
1489,1511,The Phone Company Microsoft Windows Mobile M200 Gold,The Phone Company,Smart phones & PDAs,Smart phones & PDAs,Cell phones
1490,1512,The Phone Company Smart phones 4 GB of Memory M300 Gold,The Phone Company,Smart phones & PDAs,Smart phones & PDAs,Cell phones
1491,1513,The Phone Company Smart phones 8 GB of Memory M400 Gold,The Phone Company,Smart phones & PDAs,Smart phones & PDAs,Cell phones
1492,1514,The Phone Company Smart phones 160x160 M26 Gold,The Phone Company,Smart phones & PDAs,Smart phones & PDAs,Cell phones
1493,1515,The Phone Company Smart phones 6-LINE SCREEN M21 Gold,The Phone Company,Smart phones & PDAs,Smart phones & PDAs,Cell phones
1494,1516,The Phone Company Smart phones 320 x 320 M86 Gold,The Phone Company,Smart phones & PDAs,Smart phones & PDAs,Cell phones
1495,1517,The Phone Company Smart phones Unlocked M300 Gold,The Phone Company,Smart phones & PDAs,Smart phones & PDAs,Cell phones
1496,1518,The Phone Company Smart phones Expert M400 Gold,The Phone Company,Smart phones & PDAs,Smart phones & PDAs,Cell phones
1497,1519,The Phone Company Smart phones Unlocked International M800 Gold,The Phone Company,Smart phones & PDAs,Smart phones & PDAs,Cell phones
1498,1520,The Phone Company PDA Wifi 3.5-inch M200 Black,The Phone Company,Smart phones & PDAs,Smart phones & PDAs,Cell phones
1499,1521,The Phone Company PDA Wifi 3.7-inch M250 Black,The Phone Company,Smart phones & PDAs,Smart phones & PDAs,Cell phones
1500,1522,The Phone Company PDA Wifi 4.7-inch L290 Black,The Phone Company,Smart phones & PDAs,Smart phones & PDAs,Cell phones
1501,1523,The Phone Company PDA Phone 3.5 inches M320 Black,The Phone Company,Smart phones & PDAs,Smart phones & PDAs,Cell phones
1502,1524,The Phone Company PDA Phone 3.7 inches M340 Black,The Phone Company,Smart phones & PDAs,Smart phones & PDAs,Cell phones
1503,1525,The Phone Company PDA Phone 4.7 inches L360 Black,The Phone Company,Smart phones & PDAs,Smart phones & PDAs,Cell phones
1504,1526,The Phone Company PDA Phone Unlocked 3.7 inches M510 Black,The Phone Company,Smart phones & PDAs,Smart phones & PDAs,Cell phones
1505,1527,The Phone Company PDA Phone Unlocked 3.5 inches M530 Black,The Phone Company,Smart phones & PDAs,Smart phones & PDAs,Cell phones
1506,1528,The Phone Company PDA Phone Unlocked 4.7 inches L550 Black,The Phone Company,Smart phones & PDAs,Smart phones & PDAs,Cell phones
1507,1529,The Phone Company PDA Handheld 3.5 inch M610 Black,The Phone Company,Smart phones & PDAs,Smart phones & PDAs,Cell phones
1508,1530,The Phone Company PDA Handheld 3.7 inch M630 Black,The Phone Company,Smart phones & PDAs,Smart phones & PDAs,Cell phones
1509,1531,The Phone Company PDA Handheld 4.7 inch L650 Black,The Phone Company,Smart phones & PDAs,Smart phones & PDAs,Cell phones
1510,1532,The Phone Company PDA Palm 3.5 inch M810 Black,The Phone Company,Smart phones & PDAs,Smart phones & PDAs,Cell phones
1511,1533,The Phone Company PDA Palm 3.7 inch M830 Black,The Phone Company,Smart phones & PDAs,Smart phones & PDAs,Cell phones
1512,1534,The Phone Company PDA Palm 4.7 inch L850 Black,The Phone Company,Smart phones & PDAs,Smart phones & PDAs,Cell phones
1513,1535,The Phone Company PDA GPS Phone 3.5 inch M910 Black,The Phone Company,Smart phones & PDAs,Smart phones & PDAs,Cell phones
1514,1536,The Phone Company PDA GPS Phone 3.7 inch M930 Black,The Phone Company,Smart phones & PDAs,Smart phones & PDAs,Cell phones
1515,1537,The Phone Company PDA GPS Phone 4.7 inch L950 Black,The Phone Company,Smart phones & PDAs,Smart phones & PDAs,Cell phones
1516,1538,The Phone Company PDA Wifi 3.5-inch M200 Silver,The Phone Company,Smart phones & PDAs,Smart phones & PDAs,Cell phones
1517,1539,The Phone Company PDA Wifi 3.7-inch M250 Silver,The Phone Company,Smart phones & PDAs,Smart phones & PDAs,Cell phones
1518,1540,The Phone Company PDA Wifi 4.7-inch L290 Silver,The Phone Company,Smart phones & PDAs,Smart phones & PDAs,Cell phones
1519,1541,The Phone Company PDA Phone 3.5 inches M320 Silver,The Phone Company,Smart phones & PDAs,Smart phones & PDAs,Cell phones
1520,1542,The Phone Company PDA Phone 3.7 inches M340 Silver,The Phone Company,Smart phones & PDAs,Smart phones & PDAs,Cell phones
1521,1543,The Phone Company PDA Phone 4.7 inches L360 Silver,The Phone Company,Smart phones & PDAs,Smart phones & PDAs,Cell phones
1522,1544,The Phone Company PDA Phone Unlocked 3.7 inches M510 Silver,The Phone Company,Smart phones & PDAs,Smart phones & PDAs,Cell phones
1523,1545,The Phone Company PDA Phone Unlocked 3.5 inches M530 Silver,The Phone Company,Smart phones & PDAs,Smart phones & PDAs,Cell phones
1524,1546,The Phone Company PDA Phone Unlocked 4.7 inches L550 Silver,The Phone Company,Smart phones & PDAs,Smart phones & PDAs,Cell phones
1525,1547,The Phone Company PDA Handheld 3.5 inch M610 Silver,The Phone Company,Smart phones & PDAs,Smart phones & PDAs,Cell phones
1526,1548,The Phone Company PDA Handheld 3.7 inch M630 Silver,The Phone Company,Smart phones & PDAs,Smart phones & PDAs,Cell phones
1527,1549,The Phone Company PDA Handheld 4.7 inch L650 Silver,The Phone Company,Smart phones & PDAs,Smart phones & PDAs,Cell phones
1528,1550,The Phone Company PDA Palm 3.5 inch M810 Silver,The Phone Company,Smart phones & PDAs,Smart phones & PDAs,Cell phones
1529,1551,The Phone Company PDA Palm 3.7 inch M830 Silver,The Phone Company,Smart phones & PDAs,Smart phones & PDAs,Cell phones
1530,1552,The Phone Company PDA Palm 4.7 inch L850 Silver,The Phone Company,Smart phones & PDAs,Smart phones & PDAs,Cell phones
1531,1553,The Phone Company PDA GPS Phone 3.5 inch M910 Silver,The Phone Company,Smart phones & PDAs,Smart phones & PDAs,Cell phones
1532,1554,The Phone Company PDA GPS Phone 3.7 inch M930 Silver,The Phone Company,Smart phones & PDAs,Smart phones & PDAs,Cell phones
1533,1555,The Phone Company PDA GPS Phone 4.7 inch L950 Silver,The Phone Company,Smart phones & PDAs,Smart phones & PDAs,Cell phones
1534,1556,The Phone Company PDA Wifi 3.5-inch M200 White,The Phone Company,Smart phones & PDAs,Smart phones & PDAs,Cell phones
1535,1557,The Phone Company PDA Wifi 3.7-inch M250 White,The Phone Company,Smart phones & PDAs,Smart phones & PDAs,Cell phones
1536,1558,The Phone Company PDA Wifi 4.7-inch L290 White,The Phone Company,Smart phones & PDAs,Smart phones & PDAs,Cell phones
1537,1559,The Phone Company PDA Phone 3.5 inches M320 White,The Phone Company,Smart phones & PDAs,Smart phones & PDAs,Cell phones
1538,1560,The Phone Company PDA Phone 3.7 inches M340 White,The Phone Company,Smart phones & PDAs,Smart phones & PDAs,Cell phones
1539,1561,The Phone Company PDA Phone 4.7 inches L360 White,The Phone Company,Smart phones & PDAs,Smart phones & PDAs,Cell phones
1540,1562,The Phone Company PDA Phone Unlocked 3.7 inches M510 White,The Phone Company,Smart phones & PDAs,Smart phones & PDAs,Cell phones
1541,1563,The Phone Company PDA Phone Unlocked 3.5 inches M530 White,The Phone Company,Smart phones & PDAs,Smart phones & PDAs,Cell phones
1542,1564,The Phone Company PDA Phone Unlocked 4.7 inches L550 White,The Phone Company,Smart phones & PDAs,Smart phones & PDAs,Cell phones
1543,1565,The Phone Company PDA Handheld 3.5 inch M610 White,The Phone Company,Smart phones & PDAs,Smart phones & PDAs,Cell phones
1544,1566,The Phone Company PDA Handheld 3.7 inch M630 White,The Phone Company,Smart phones & PDAs,Smart phones & PDAs,Cell phones
1545,1567,The Phone Company PDA Handheld 4.7 inch L650 White,The Phone Company,Smart phones & PDAs,Smart phones & PDAs,Cell phones
1546,1568,The Phone Company PDA Palm 3.5 inch M810 White,The Phone Company,Smart phones & PDAs,Smart phones & PDAs,Cell phones
1547,1569,The Phone Company PDA Palm 3.7 inch M830 White,The Phone Company,Smart phones & PDAs,Smart phones & PDAs,Cell phones
1548,1570,The Phone Company PDA Palm 4.7 inch L850 White,The Phone Company,Smart phones & PDAs,Smart phones & PDAs,Cell phones
1549,1571,SV DVD Player M100 Black,Southridge Video,Movie DVD,Movie DVD,"Music, Movies and Audio Books"
1550,1572,SV DVD Player M110 Silver,Southridge Video,Movie DVD,Movie DVD,"Music, Movies and Audio Books"
1551,1573,SV DVD Player M120 White,Southridge Video,Movie DVD,Movie DVD,"Music, Movies and Audio Books"
1552,1574,SV DVD Player M130 Grey,Southridge Video,Movie DVD,Movie DVD,"Music, Movies and Audio Books"
1553,1575,SV DVD Player M140 Gold,Southridge Video,Movie DVD,Movie DVD,"Music, Movies and Audio Books"
1554,1576,SV DVD Movies E100 Yellow,Southridge Video,Movie DVD,Movie DVD,"Music, Movies and Audio Books"
1555,1577,SV DVD Recorder L200 Black,Southridge Video,Movie DVD,Movie DVD,"Music, Movies and Audio Books"
1556,1578,SV DVD Recorder L210 Silver,Southridge Video,Movie DVD,Movie DVD,"Music, Movies and Audio Books"
1557,1579,SV DVD Recorder L220 White,Southridge Video,Movie DVD,Movie DVD,"Music, Movies and Audio Books"
1558,1580,SV DVD Recorder L230 Grey,Southridge Video,Movie DVD,Movie DVD,"Music, Movies and Audio Books"
1559,1581,SV DVD Recorder L240 Gold,Southridge Video,Movie DVD,Movie DVD,"Music, Movies and Audio Books"
1560,1582,SV DVD 48 DVD Storage Binder M50 Black,Southridge Video,Movie DVD,Movie DVD,"Music, Movies and Audio Books"
1561,1583,SV DVD 58 DVD Storage Binder M55 Black,Southridge Video,Movie DVD,Movie DVD,"Music, Movies and Audio Books"
1562,1584,SV DVD 38 DVD Storage Binder E25 Black,Southridge Video,Movie DVD,Movie DVD,"Music, Movies and Audio Books"
1563,1585,SV DVD 60 DVD Storage Binder L20 Black,Southridge Video,Movie DVD,Movie DVD,"Music, Movies and Audio Books"
1564,1586,SV DVD 55DVD Storage Binder M56 Black,Southridge Video,Movie DVD,Movie DVD,"Music, Movies and Audio Books"
1565,1587,SV DVD 48 DVD Storage Binder M50 Silver,Southridge Video,Movie DVD,Movie DVD,"Music, Movies and Audio Books"
1566,1588,SV DVD 58 DVD Storage Binder M55 Silver,Southridge Video,Movie DVD,Movie DVD,"Music, Movies and Audio Books"
1567,1589,SV DVD 38 DVD Storage Binder E25 Silver,Southridge Video,Movie DVD,Movie DVD,"Music, Movies and Audio Books"
1568,1590,SV DVD 60 DVD Storage Binder L20 Silver,Southridge Video,Movie DVD,Movie DVD,"Music, Movies and Audio Books"
1569,1591,SV DVD 55DVD Storage Binder M56 Silver,Southridge Video,Movie DVD,Movie DVD,"Music, Movies and Audio Books"
1570,1592,SV DVD 48 DVD Storage Binder M50 Red,Southridge Video,Movie DVD,Movie DVD,"Music, Movies and Audio Books"
1571,1593,SV DVD 58 DVD Storage Binder M55 Red,Southridge Video,Movie DVD,Movie DVD,"Music, Movies and Audio Books"
1572,1594,SV DVD 38 DVD Storage Binder E25 Red,Southridge Video,Movie DVD,Movie DVD,"Music, Movies and Audio Books"
1573,1595,SV DVD 60 DVD Storage Binder L20 Red,Southridge Video,Movie DVD,Movie DVD,"Music, Movies and Audio Books"
1574,1596,SV DVD 55DVD Storage Binder M56 Red,Southridge Video,Movie DVD,Movie DVD,"Music, Movies and Audio Books"
1575,1597,SV DVD External DVD Burner M200 Black,Southridge Video,Movie DVD,Movie DVD,"Music, Movies and Audio Books"
1576,1598,SV DVD External DVD Burner M200 Grey,Southridge Video,Movie DVD,Movie DVD,"Music, Movies and Audio Books"
1577,1599,SV DVD External DVD Burner M200 Blue,Southridge Video,Movie DVD,Movie DVD,"Music, Movies and Audio Books"
1578,1600,SV DVD External DVD Burner M200 Silver,Southridge Video,Movie DVD,Movie DVD,"Music, Movies and Audio Books"
1579,1601,SV DVD 9-Inch Player Portable M300 Black,Southridge Video,Movie DVD,Movie DVD,"Music, Movies and Audio Books"
1580,1602,SV DVD 12-Inch Player Portable M400 Black,Southridge Video,Movie DVD,Movie DVD,"Music, Movies and Audio Books"
1581,1603,SV DVD 7-Inch Player Portable E200 Black,Southridge Video,Movie DVD,Movie DVD,"Music, Movies and Audio Books"
1582,1604,SV DVD 14-Inch Player Portable L100 Black,Southridge Video,Movie DVD,Movie DVD,"Music, Movies and Audio Books"
1583,1605,SV DVD 15-Inch Player Portable L200 Black,Southridge Video,Movie DVD,Movie DVD,"Music, Movies and Audio Books"
1584,1606,SV DVD 9-Inch Player Portable M300 Silver,Southridge Video,Movie DVD,Movie DVD,"Music, Movies and Audio Books"
1585,1607,SV DVD 12-Inch Player Portable M400 Silver,Southridge Video,Movie DVD,Movie DVD,"Music, Movies and Audio Books"
1586,1608,SV DVD 7-Inch Player Portable E200 Silver,Southridge Video,Movie DVD,Movie DVD,"Music, Movies and Audio Books"
1587,1609,SV DVD 14-Inch Player Portable L100 Silver,Southridge Video,Movie DVD,Movie DVD,"Music, Movies and Audio Books"
1588,1610,SV DVD 15-Inch Player Portable L200 Silver,Southridge Video,Movie DVD,Movie DVD,"Music, Movies and Audio Books"
1589,1611,SV DVD 9-Inch Player Portable M300 White,Southridge Video,Movie DVD,Movie DVD,"Music, Movies and Audio Books"
1590,1612,SV DVD 12-Inch Player Portable M400 White,Southridge Video,Movie DVD,Movie DVD,"Music, Movies and Audio Books"
1591,1613,SV DVD 7-Inch Player Portable E200 White,Southridge Video,Movie DVD,Movie DVD,"Music, Movies and Audio Books"
1592,1614,SV DVD 14-Inch Player Portable L100 White,Southridge Video,Movie DVD,Movie DVD,"Music, Movies and Audio Books"
1593,1615,SV DVD 15-Inch Player Portable L200 White,Southridge Video,Movie DVD,Movie DVD,"Music, Movies and Audio Books"
1594,1616,Contoso DVD Player M100 Black,Contoso,Movie DVD,Movie DVD,"Music, Movies and Audio Books"
1595,1617,Contoso DVD Player M110 Silver,Contoso,Movie DVD,Movie DVD,"Music, Movies and Audio Books"
1596,1618,Contoso DVD Player M120 White,Contoso,Movie DVD,Movie DVD,"Music, Movies and Audio Books"
1597,1619,Contoso DVD Player M130 Grey,Contoso,Movie DVD,Movie DVD,"Music, Movies and Audio Books"
1598,1620,Contoso DVD Player M140 Gold,Contoso,Movie DVD,Movie DVD,"Music, Movies and Audio Books"
1599,1621,Contoso DVD Movies E100 Yellow,Contoso,Movie DVD,Movie DVD,"Music, Movies and Audio Books"
1600,1622,Contoso DVD Recorder L200 Black,Contoso,Movie DVD,Movie DVD,"Music, Movies and Audio Books"
1601,1623,Contoso DVD Recorder L210 Silver,Contoso,Movie DVD,Movie DVD,"Music, Movies and Audio Books"
1602,1624,Contoso DVD Recorder L220 White,Contoso,Movie DVD,Movie DVD,"Music, Movies and Audio Books"
1603,1625,Contoso DVD Recorder L230 Grey,Contoso,Movie DVD,Movie DVD,"Music, Movies and Audio Books"
1604,1626,Contoso DVD Recorder L240 Gold,Contoso,Movie DVD,Movie DVD,"Music, Movies and Audio Books"
1605,1627,Contoso DVD 48 DVD Storage Binder M50 Black,Contoso,Movie DVD,Movie DVD,"Music, Movies and Audio Books"
1606,1628,Contoso DVD 58 DVD Storage Binder M55 Black,Contoso,Movie DVD,Movie DVD,"Music, Movies and Audio Books"
1607,1629,Contoso DVD 38 DVD Storage Binder E25 Black,Contoso,Movie DVD,Movie DVD,"Music, Movies and Audio Books"
1608,1630,Contoso DVD 60 DVD Storage Binder L20 Black,Contoso,Movie DVD,Movie DVD,"Music, Movies and Audio Books"
1609,1631,Contoso DVD 55DVD Storage Binder M56 Black,Contoso,Movie DVD,Movie DVD,"Music, Movies and Audio Books"
1610,1632,Contoso DVD 48 DVD Storage Binder M50 Silver,Contoso,Movie DVD,Movie DVD,"Music, Movies and Audio Books"
1611,1633,Contoso DVD 58 DVD Storage Binder M55 Silver,Contoso,Movie DVD,Movie DVD,"Music, Movies and Audio Books"
1612,1634,Contoso DVD 38 DVD Storage Binder E25 Silver,Contoso,Movie DVD,Movie DVD,"Music, Movies and Audio Books"
1613,1635,Contoso DVD 60 DVD Storage Binder L20 Silver,Contoso,Movie DVD,Movie DVD,"Music, Movies and Audio Books"
1614,1636,Contoso DVD 55DVD Storage Binder M56 Silver,Contoso,Movie DVD,Movie DVD,"Music, Movies and Audio Books"
1615,1637,Contoso DVD 48 DVD Storage Binder M50 Red,Contoso,Movie DVD,Movie DVD,"Music, Movies and Audio Books"
1616,1638,Contoso DVD 58 DVD Storage Binder M55 Red,Contoso,Movie DVD,Movie DVD,"Music, Movies and Audio Books"
1617,1639,Contoso DVD 38 DVD Storage Binder E25 Red,Contoso,Movie DVD,Movie DVD,"Music, Movies and Audio Books"
1618,1640,Contoso DVD 60 DVD Storage Binder L20 Red,Contoso,Movie DVD,Movie DVD,"Music, Movies and Audio Books"
1619,1641,Contoso DVD 55DVD Storage Binder M56 Red,Contoso,Movie DVD,Movie DVD,"Music, Movies and Audio Books"
1620,1642,Contoso DVD External DVD Burner M200 Black,Contoso,Movie DVD,Movie DVD,"Music, Movies and Audio Books"
1621,1643,Contoso DVD External DVD Burner M200 Grey,Contoso,Movie DVD,Movie DVD,"Music, Movies and Audio Books"
1622,1644,Contoso DVD External DVD Burner M200 Blue,Contoso,Movie DVD,Movie DVD,"Music, Movies and Audio Books"
1623,1645,Contoso DVD External DVD Burner M200 Silver,Contoso,Movie DVD,Movie DVD,"Music, Movies and Audio Books"
1624,1646,Contoso DVD 9-Inch Player Portable M300 Black,Contoso,Movie DVD,Movie DVD,"Music, Movies and Audio Books"
1625,1647,Contoso DVD 12-Inch Player Portable M400 Black,Contoso,Movie DVD,Movie DVD,"Music, Movies and Audio Books"
1626,1648,Contoso DVD 7-Inch Player Portable E200 Black,Contoso,Movie DVD,Movie DVD,"Music, Movies and Audio Books"
1627,1649,Contoso DVD 14-Inch Player Portable L100 Black,Contoso,Movie DVD,Movie DVD,"Music, Movies and Audio Books"
1628,1650,Contoso DVD 15-Inch Player Portable L200 Black,Contoso,Movie DVD,Movie DVD,"Music, Movies and Audio Books"
1629,1651,Contoso DVD 9-Inch Player Portable M300 Silver,Contoso,Movie DVD,Movie DVD,"Music, Movies and Audio Books"
1630,1652,Contoso DVD 12-Inch Player Portable M400 Silver,Contoso,Movie DVD,Movie DVD,"Music, Movies and Audio Books"
1631,1653,Contoso DVD 7-Inch Player Portable E200 Silver,Contoso,Movie DVD,Movie DVD,"Music, Movies and Audio Books"
1632,1654,Contoso DVD 14-Inch Player Portable L100 Silver,Contoso,Movie DVD,Movie DVD,"Music, Movies and Audio Books"
1633,1655,Contoso DVD 15-Inch Player Portable L200 Silver,Contoso,Movie DVD,Movie DVD,"Music, Movies and Audio Books"
1634,1656,Contoso DVD 9-Inch Player Portable M300 White,Contoso,Movie DVD,Movie DVD,"Music, Movies and Audio Books"
1635,1657,Contoso DVD 12-Inch Player Portable M400 White,Contoso,Movie DVD,Movie DVD,"Music, Movies and Audio Books"
1636,1658,Contoso DVD 7-Inch Player Portable E200 White,Contoso,Movie DVD,Movie DVD,"Music, Movies and Audio Books"
1637,1659,Contoso DVD 14-Inch Player Portable L100 White,Contoso,Movie DVD,Movie DVD,"Music, Movies and Audio Books"
1638,1660,Contoso DVD 15-Inch Player Portable L200 White,Contoso,Movie DVD,Movie DVD,"Music, Movies and Audio Books"
1639,1661,MGS Hand Games for kids E300 Yellow,Tailspin Toys,Boxed Games,Boxed Games,Games and Toys
1640,1662,MGS Hand Games for students E400 Yellow,Tailspin Toys,Boxed Games,Boxed Games,Games and Toys
1641,1663,MGS Hand Games men M300 Yellow,Tailspin Toys,Boxed Games,Boxed Games,Games and Toys
1642,1664,MGS Hand Games women M400 Yellow,Tailspin Toys,Boxed Games,Boxed Games,Games and Toys
1643,1665,MGS Hand Games for 12-16 boys E600 Yellow,Tailspin Toys,Boxed Games,Boxed Games,Games and Toys
1644,1666,MGS Hand Games for Office worker L299 Yellow,Tailspin Toys,Boxed Games,Boxed Games,Games and Toys
1645,1667,MGS Hand Games for kids E300 Black,Tailspin Toys,Boxed Games,Boxed Games,Games and Toys
1646,1668,MGS Hand Games for students E400 Black,Tailspin Toys,Boxed Games,Boxed Games,Games and Toys
1647,1669,MGS Hand Games men M300 Black,Tailspin Toys,Boxed Games,Boxed Games,Games and Toys
1648,1670,MGS Hand Games women M400 Black,Tailspin Toys,Boxed Games,Boxed Games,Games and Toys
1649,1671,MGS Hand Games for 12-16 boys E600 Black,Tailspin Toys,Boxed Games,Boxed Games,Games and Toys
1650,1672,MGS Hand Games for Office worker L299 Black,Tailspin Toys,Boxed Games,Boxed Games,Games and Toys
1651,1673,MGS Hand Games for kids E300 Red,Tailspin Toys,Boxed Games,Boxed Games,Games and Toys
1652,1674,MGS Hand Games for students E400 Red,Tailspin Toys,Boxed Games,Boxed Games,Games and Toys
1653,1675,MGS Hand Games men M300 Red,Tailspin Toys,Boxed Games,Boxed Games,Games and Toys
1654,1676,MGS Hand Games women M400 Red,Tailspin Toys,Boxed Games,Boxed Games,Games and Toys
1655,1677,MGS Hand Games for 12-16 boys E600 Red,Tailspin Toys,Boxed Games,Boxed Games,Games and Toys
1656,1678,MGS Hand Games for Office worker L299 Red,Tailspin Toys,Boxed Games,Boxed Games,Games and Toys
1657,1679,MGS Hand Games for kids E300 Silver,Tailspin Toys,Boxed Games,Boxed Games,Games and Toys
1658,1680,MGS Hand Games for students E400 Silver,Tailspin Toys,Boxed Games,Boxed Games,Games and Toys
1659,1681,MGS Hand Games men M300 Silver,Tailspin Toys,Boxed Games,Boxed Games,Games and Toys
1660,1682,MGS Hand Games women M400 Silver,Tailspin Toys,Boxed Games,Boxed Games,Games and Toys
1661,1683,MGS Hand Games for 12-16 boys E600 Silver,Tailspin Toys,Boxed Games,Boxed Games,Games and Toys
1662,1684,MGS Hand Games for Office worker L299 Silver,Tailspin Toys,Boxed Games,Boxed Games,Games and Toys
1663,1685,SV Hand Games for kids E30 Yellow,Southridge Video,Boxed Games,Boxed Games,Games and Toys
1664,1686,SV Hand Games for students E40 Yellow,Southridge Video,Boxed Games,Boxed Games,Games and Toys
1665,1687,SV Hand Games men M30 Yellow,Southridge Video,Boxed Games,Boxed Games,Games and Toys
1666,1688,SV Hand Games women M40 Yellow,Southridge Video,Boxed Games,Boxed Games,Games and Toys
1667,1689,SV Hand Games for 12-16 boys E60 Yellow,Southridge Video,Boxed Games,Boxed Games,Games and Toys
1668,1690,SV Hand Games for Office worker L28 Yellow,Southridge Video,Boxed Games,Boxed Games,Games and Toys
1669,1691,SV Hand Games for kids E30 Black,Southridge Video,Boxed Games,Boxed Games,Games and Toys
1670,1692,SV Hand Games for students E40 Black,Southridge Video,Boxed Games,Boxed Games,Games and Toys
1671,1693,SV Hand Games men M30 Black,Southridge Video,Boxed Games,Boxed Games,Games and Toys
1672,1694,SV Hand Games women M40 Black,Southridge Video,Boxed Games,Boxed Games,Games and Toys
1673,1695,SV Hand Games for 12-16 boys E60 Black,Southridge Video,Boxed Games,Boxed Games,Games and Toys
1674,1696,SV Hand Games for Office worker L28 Black,Southridge Video,Boxed Games,Boxed Games,Games and Toys
1675,1697,SV Hand Games for kids E30 Red,Southridge Video,Boxed Games,Boxed Games,Games and Toys
1676,1698,SV Hand Games for students E40 Red,Southridge Video,Boxed Games,Boxed Games,Games and Toys
1677,1699,SV Hand Games men M30 Red,Southridge Video,Boxed Games,Boxed Games,Games and Toys
1678,1700,SV Hand Games women M40 Red,Southridge Video,Boxed Games,Boxed Games,Games and Toys
1679,1701,SV Hand Games for 12-16 boys E60 Red,Southridge Video,Boxed Games,Boxed Games,Games and Toys
1680,1702,SV Hand Games for Office worker L28 Red,Southridge Video,Boxed Games,Boxed Games,Games and Toys
1681,1703,SV Hand Games for kids E30 Silver,Southridge Video,Boxed Games,Boxed Games,Games and Toys
1682,1704,SV Hand Games for students E40 Silver,Southridge Video,Boxed Games,Boxed Games,Games and Toys
1683,1705,SV Hand Games men M30 Silver,Southridge Video,Boxed Games,Boxed Games,Games and Toys
1684,1706,SV Hand Games women M40 Silver,Southridge Video,Boxed Games,Boxed Games,Games and Toys
1685,1707,MGS Dal of Honor Airborne M150,Tailspin Toys,Download Games,Download Games,Games and Toys
1686,1708,MGS Collector's M160,Tailspin Toys,Download Games,Download Games,Games and Toys
1687,1709,MGS Gears of War M170,Tailspin Toys,Download Games,Download Games,Games and Toys
1688,1710,MGS Age of Empires III: The Asian Dynasties M180,Tailspin Toys,Download Games,Download Games,Games and Toys
1689,1711,MGS Age of Empires III: The Asian Dynasties M190,Tailspin Toys,Download Games,Download Games,Games and Toys
1690,1712,MGS Flight Simulator X Acceleration Expansion Pack M200,Tailspin Toys,Download Games,Download Games,Games and Toys
1691,1713,MGS Zoo Tycoon 2: Extinct Animals M210,Tailspin Toys,Download Games,Download Games,Games and Toys
1692,1714,MGS Halo 2 for Windows Vista M220,Tailspin Toys,Download Games,Download Games,Games and Toys
1693,1715,MGS Shadow-run M230,Tailspin Toys,Download Games,Download Games,Games and Toys
1694,1716,MGS Age of Empires III: The War Chiefs M240,Tailspin Toys,Download Games,Download Games,Games and Toys
1695,1717,MGS Flight Simulator X M250,Tailspin Toys,Download Games,Download Games,Games and Toys
1696,1718,MGS Zoo Tycoon 2: Zookeeper Collection M260,Tailspin Toys,Download Games,Download Games,Games and Toys
1697,1719,MGS Zoo Tycoon 2: Marine Mania Expansion Pack M270,Tailspin Toys,Download Games,Download Games,Games and Toys
1698,1720,MGS Zoo Tycoon 2: African Adventure M280,Tailspin Toys,Download Games,Download Games,Games and Toys
1699,1721,MGS Rise of Nations: Rise of Legends M290,Tailspin Toys,Download Games,Download Games,Games and Toys
1700,1722,MGS Zoo Tycoon 2: End range Species Expansion Pack E105,Tailspin Toys,Download Games,Download Games,Games and Toys
1701,1723,MGS Age of Empires III: The Asian Dynasties E106,Tailspin Toys,Download Games,Download Games,Games and Toys
1702,1724,MGS Fable: The Lost Chapters E107,Tailspin Toys,Download Games,Download Games,Games and Toys
1703,1725,MGS Dungeon Siege II E105,Tailspin Toys,Download Games,Download Games,Games and Toys
1704,1726,MGS Zoo Tycoon 2 E108,Tailspin Toys,Download Games,Download Games,Games and Toys
1705,1727,MGS Rise of Nations: Gold Edition M300,Tailspin Toys,Download Games,Download Games,Games and Toys
1706,1728,MGS Age of Mythology: Gold Edition M310,Tailspin Toys,Download Games,Download Games,Games and Toys
1707,1729,MGS Rise of Nations: Thrones and Patriots M320,Tailspin Toys,Download Games,Download Games,Games and Toys
1708,1730,MGS Dungeon Siege: Legends of Aranna M330,Tailspin Toys,Download Games,Download Games,Games and Toys
1709,1731,MGS King& Myths: The Age Collection M340,Tailspin Toys,Download Games,Download Games,Games and Toys
1710,1732,MGS Age of Mythology: The Titans Expansion M350,Tailspin Toys,Download Games,Download Games,Games and Toys
1711,1733,MGS Halo: Combat Evolved E109,Tailspin Toys,Download Games,Download Games,Games and Toys
1712,1734,MGS Zoo Tycoon Complete Collection E110,Tailspin Toys,Download Games,Download Games,Games and Toys
1713,1735,MGS Flight Simulator 2004: A Century of Flight E111,Tailspin Toys,Download Games,Download Games,Games and Toys
1714,1736,MGS Rise of Nations E112,Tailspin Toys,Download Games,Download Games,Games and Toys
1715,1737,MGS Freelancer E113,Tailspin Toys,Download Games,Download Games,Games and Toys
1716,1738,MGS Impossible Creatures E114,Tailspin Toys,Download Games,Download Games,Games and Toys
1717,1739,MGS RalliSport Challenge E115,Tailspin Toys,Download Games,Download Games,Games and Toys
1718,1740,MGS MechCollection E116,Tailspin Toys,Download Games,Download Games,Games and Toys
1719,1741,MGS MechWarrior 4: Mercenaries E117,Tailspin Toys,Download Games,Download Games,Games and Toys
1720,1742,MGS Age of Mythology E118,Tailspin Toys,Download Games,Download Games,Games and Toys
1721,1743,MGS Combat Flight Simulator 3 E119,Tailspin Toys,Download Games,Download Games,Games and Toys
1722,1744,MGS Zoo Tycoon Marine Mania E120,Tailspin Toys,Download Games,Download Games,Games and Toys
1723,1745,MGS MechWarrior 4 Mach Packs X100,Tailspin Toys,Download Games,Download Games,Games and Toys
1724,1746,MGS Zoo Tycoon Dinosaur Digs X200,Tailspin Toys,Download Games,Download Games,Games and Toys
1725,1747,MGS Dungeon Siege X300,Tailspin Toys,Download Games,Download Games,Games and Toys
1726,1748,MGS Classic Flight Collection X400,Tailspin Toys,Download Games,Download Games,Games and Toys
1727,1749,MGS Bicycle Board Games X500,Tailspin Toys,Download Games,Download Games,Games and Toys
1728,1750,MGS Bicycle Card Games X600,Tailspin Toys,Download Games,Download Games,Games and Toys
1729,1751,MGS Bicycle Casino Games X700,Tailspin Toys,Download Games,Download Games,Games and Toys
1730,1752,MGS Flight Simulator 2002 M360,Tailspin Toys,Download Games,Download Games,Games and Toys
1731,1753,MGS Racing Madness 2 M370,Tailspin Toys,Download Games,Download Games,Games and Toys
1732,1754,MGS Zoo Tycoon M380,Tailspin Toys,Download Games,Download Games,Games and Toys
1733,1755,MGS MechWarrior 4: Knight E121,Tailspin Toys,Download Games,Download Games,Games and Toys
1734,1756,MGS Age of Empires II Gold Edition E122,Tailspin Toys,Download Games,Download Games,Games and Toys
1735,1757,MGS MechCommander 2 E123,Tailspin Toys,Download Games,Download Games,Games and Toys
1736,1758,MGS Train Simulator E124,Tailspin Toys,Download Games,Download Games,Games and Toys
1737,1759,MGS MechWarrior 4: Vengeance X800,Tailspin Toys,Download Games,Download Games,Games and Toys
1738,1760,MGS Return of Arcade Anniversary Edition M390,Tailspin Toys,Download Games,Download Games,Games and Toys
1739,1761,MGS Combat Flight Simulator 2 M400,Tailspin Toys,Download Games,Download Games,Games and Toys
1740,1762,MGS Age of Empires II: The Conquerors Expansion E125,Tailspin Toys,Download Games,Download Games,Games and Toys
1741,1763,MGS Flight Simulator 2000 M410,Tailspin Toys,Download Games,Download Games,Games and Toys
1742,1764,MGS Age of Empires II: The Age of Kings E126,Tailspin Toys,Download Games,Download Games,Games and Toys
1743,1765,MGS Age of Empires Expansion: The Rise of Rome X900,Tailspin Toys,Download Games,Download Games,Games and Toys
1744,1766,MGS Age of Empires 2008new M420,Tailspin Toys,Download Games,Download Games,Games and Toys
1745,1767,MGS Dal of Honor Airborne 2008 M430,Tailspin Toys,Download Games,Download Games,Games and Toys
1746,1768,MGS Empires Collector's 2008 M440,Tailspin Toys,Download Games,Download Games,Games and Toys
1747,1769,MGS Gears of War 2008 M450,Tailspin Toys,Download Games,Download Games,Games and Toys
1748,1770,MGS Age of Empires III: The Asian Dynasties 2008 E126,Tailspin Toys,Download Games,Download Games,Games and Toys
1749,1771,MGS Age of Empires III: The Asian Dynasties 2009 E127,Tailspin Toys,Download Games,Download Games,Games and Toys
1750,1772,MGS Flight Simulator X Acceleration Expansion Pack 2009 E128,Tailspin Toys,Download Games,Download Games,Games and Toys
1751,1773,MGS Zoo Tycoon 2: Extinct Animals 2008 E129,Tailspin Toys,Download Games,Download Games,Games and Toys
1752,1774,MGS Halo 2 for Windows Vista 2009 E130,Tailspin Toys,Download Games,Download Games,Games and Toys
1753,1775,MGS Shadow-run 2008 E131,Tailspin Toys,Download Games,Download Games,Games and Toys
1754,1776,MGS Age of Empires III: The War Chiefs 2007 E132,Tailspin Toys,Download Games,Download Games,Games and Toys
1755,1777,MGS Flight Simulator X 2008 E133,Tailspin Toys,Download Games,Download Games,Games and Toys
1756,1778,MGS Zoo Tycoon 2: Zookeeper Collection 2008 E134,Tailspin Toys,Download Games,Download Games,Games and Toys
1757,1779,MGS Zoo Tycoon2: Marine Mania Expansion Pack 2008 E135,Tailspin Toys,Download Games,Download Games,Games and Toys
1758,1780,MGS Zoo Tycoon 2: African Adventure 2008 E136,Tailspin Toys,Download Games,Download Games,Games and Toys
1759,1781,MGS Rise of Nations: Rise of Legends 2008 E137,Tailspin Toys,Download Games,Download Games,Games and Toys
1760,1782,MGS Zoo Tycoon 2: End Range Species Expansion Pack 2008 E138,Tailspin Toys,Download Games,Download Games,Games and Toys
1761,1783,MGS Age of Empires III 2008 E139,Tailspin Toys,Download Games,Download Games,Games and Toys
1762,1784,MGS Fable: The Lost Chapters2008 E140,Tailspin Toys,Download Games,Download Games,Games and Toys
1763,1785,MGS Dungeon 2007 E141,Tailspin Toys,Download Games,Download Games,Games and Toys
1764,1786,MGS Zoo Tycoon 2008 E142,Tailspin Toys,Download Games,Download Games,Games and Toys
1765,1787,MGS Rise of Nations: Gold Edition 2009 E143,Tailspin Toys,Download Games,Download Games,Games and Toys
1766,1788,MGS Age of Mythology: Gold Edition 2009 E144,Tailspin Toys,Download Games,Download Games,Games and Toys
1767,1789,MGS Rise of Nations: Thrones and Patriots2009 E145,Tailspin Toys,Download Games,Download Games,Games and Toys
1768,1790,MGS Dungeon Siege: Legends of Aranna 2009 E146,Tailspin Toys,Download Games,Download Games,Games and Toys
1769,1791,MGS Kings & Myths: The Age Collection2009 E147,Tailspin Toys,Download Games,Download Games,Games and Toys
1770,1792,MGS Age of Mythology: The Titans Expansion 2009 E148,Tailspin Toys,Download Games,Download Games,Games and Toys
1771,1793,MGS Halo: Combat Evolved2009 E149,Tailspin Toys,Download Games,Download Games,Games and Toys
1772,1794,MGS Zoo Tycoon Complete Collection2009 E150,Tailspin Toys,Download Games,Download Games,Games and Toys
1773,1795,MGS Flight Simulator 2009: A Century of Flight E151,Tailspin Toys,Download Games,Download Games,Games and Toys
1774,1796,MGS Rise of Nations2009 E152,Tailspin Toys,Download Games,Download Games,Games and Toys
1775,1797,MGS Freelancer 2009 E153,Tailspin Toys,Download Games,Download Games,Games and Toys
1776,1798,MGS Impossible Creatures2009 E154,Tailspin Toys,Download Games,Download Games,Games and Toys
1777,1799,MGS RalliSport Challenge2009 E155,Tailspin Toys,Download Games,Download Games,Games and Toys
1778,1800,MGS MechCollection2009 E156,Tailspin Toys,Download Games,Download Games,Games and Toys
1779,1801,MGS MechWarrior4: Mercenaries2009 E157,Tailspin Toys,Download Games,Download Games,Games and Toys
1780,1802,MGS Age of Mythology 2009 E158,Tailspin Toys,Download Games,Download Games,Games and Toys
1781,1803,MGS Combat Flight Simulator 2009 E159,Tailspin Toys,Download Games,Download Games,Games and Toys
1782,1804,MGS Zoo Tycoon Marine Mania 2009 E160,Tailspin Toys,Download Games,Download Games,Games and Toys
1783,1805,MGS MechWarrior 4 Mach Paks2009 E161,Tailspin Toys,Download Games,Download Games,Games and Toys
1784,1806,MGS Zoo Tycoon Dinosaur Digs2009 E162,Tailspin Toys,Download Games,Download Games,Games and Toys
1785,1807,MGS Dungeon Siege 2009 E163,Tailspin Toys,Download Games,Download Games,Games and Toys
1786,1808,MGS Classic Flight Collection2009 E164,Tailspin Toys,Download Games,Download Games,Games and Toys
1787,1809,MGS Bicycle Board Games2009 E165,Tailspin Toys,Download Games,Download Games,Games and Toys
1788,1810,MGS Bicycle Card Games2009 E166,Tailspin Toys,Download Games,Download Games,Games and Toys
1789,1811,MGS Bicycle Casino Games2009 E167,Tailspin Toys,Download Games,Download Games,Games and Toys
1790,1812,MGS Flight Simulator 2009 E168,Tailspin Toys,Download Games,Download Games,Games and Toys
1791,1813,MGS Racing Madness 2009 E169,Tailspin Toys,Download Games,Download Games,Games and Toys
1792,1814,MGS Zoo Tycoon2009 E170,Tailspin Toys,Download Games,Download Games,Games and Toys
1793,1815,MGS MechWarrior 4:Knight2009 E171,Tailspin Toys,Download Games,Download Games,Games and Toys
1794,1816,MGS Age of Empires II Gold Edition2009 E172,Tailspin Toys,Download Games,Download Games,Games and Toys
1795,1817,MGS MechCommander 2009 E173,Tailspin Toys,Download Games,Download Games,Games and Toys
1796,1818,MGS Train Simulator 2009 E174,Tailspin Toys,Download Games,Download Games,Games and Toys
1797,1819,MGS MechWarrior 4: Vengeance 2009 E175,Tailspin Toys,Download Games,Download Games,Games and Toys
1798,1820,MGS Return of Arcade Anniversary Edition 2009 E176,Tailspin Toys,Download Games,Download Games,Games and Toys
1799,1821,MGS Combat Flight Simulator 2009 E177,Tailspin Toys,Download Games,Download Games,Games and Toys
1800,1822,MGS Age of Empires II: The Conquerors Expansion 2009 E178,Tailspin Toys,Download Games,Download Games,Games and Toys
1801,1823,MGS Flight Simulator 2009 E179,Tailspin Toys,Download Games,Download Games,Games and Toys
1802,1824,MGS Age of Empires II: The Age of Kings 2009 E180,Tailspin Toys,Download Games,Download Games,Games and Toys
1803,1825,MGS Age of Empires Expansion: The Rise of Rome 2009 E181,Tailspin Toys,Download Games,Download Games,Games and Toys
1804,1826,"MGS Age of Empires, 2009 E182",Tailspin Toys,Download Games,Download Games,Games and Toys
1805,1827,Litware Washer & Dryer 27in L420 White,Litware,Washers & Dryers,Washers & Dryers,Home Appliances
1806,1828,Litware Washer & Dryer 25.5in M350 White,Litware,Washers & Dryers,Washers & Dryers,Home Appliances
1807,1829,Litware Washer & Dryer 24in M260 White,Litware,Washers & Dryers,Washers & Dryers,Home Appliances
1808,1830,Litware Washer & Dryer 21in E214 White,Litware,Washers & Dryers,Washers & Dryers,Home Appliances
1809,1831,Litware Washer & Dryer 15.5in E150 White,Litware,Washers & Dryers,Washers & Dryers,Home Appliances
1810,1832,Litware Washer & Dryer 27in L420 Silver,Litware,Washers & Dryers,Washers & Dryers,Home Appliances
1811,1833,Litware Washer & Dryer 25.5in M350 Silver,Litware,Washers & Dryers,Washers & Dryers,Home Appliances
1812,1834,Litware Washer & Dryer 24in M260 Silver,Litware,Washers & Dryers,Washers & Dryers,Home Appliances
1813,1835,Litware Washer & Dryer 21in E214 Silver,Litware,Washers & Dryers,Washers & Dryers,Home Appliances
1814,1836,Litware Washer & Dryer 15.5in E150 Silver,Litware,Washers & Dryers,Washers & Dryers,Home Appliances
1815,1837,Litware Washer & Dryer 27in L420 Blue,Litware,Washers & Dryers,Washers & Dryers,Home Appliances
1816,1838,Litware Washer & Dryer 25.5in M350 Blue,Litware,Washers & Dryers,Washers & Dryers,Home Appliances
1817,1839,Litware Washer & Dryer 24in M260 Blue,Litware,Washers & Dryers,Washers & Dryers,Home Appliances
1818,1840,Litware Washer & Dryer 21in E214 Blue,Litware,Washers & Dryers,Washers & Dryers,Home Appliances
1819,1841,Litware Washer & Dryer 15.5in E150 Blue,Litware,Washers & Dryers,Washers & Dryers,Home Appliances
1820,1842,Litware Washer & Dryer 27in L420 Green,Litware,Washers & Dryers,Washers & Dryers,Home Appliances
1821,1843,Litware Washer & Dryer 25.5in M350 Green,Litware,Washers & Dryers,Washers & Dryers,Home Appliances
1822,1844,Litware Washer & Dryer 24in M260 Green,Litware,Washers & Dryers,Washers & Dryers,Home Appliances
1823,1845,Litware Washer & Dryer 21in E214 Green,Litware,Washers & Dryers,Washers & Dryers,Home Appliances
1824,1846,Litware Washer & Dryer 15.5in E150 Green,Litware,Washers & Dryers,Washers & Dryers,Home Appliances
1825,1847,NT Washer & Dryer 27in L2700 White,Northwind Traders,Washers & Dryers,Washers & Dryers,Home Appliances
1826,1848,NT Washer & Dryer 25.5in M2550 White,Northwind Traders,Washers & Dryers,Washers & Dryers,Home Appliances
1827,1849,NT Washer & Dryer 24in M2400 White,Northwind Traders,Washers & Dryers,Washers & Dryers,Home Appliances
1828,1850,NT Washer & Dryer 21in E2100 White,Northwind Traders,Washers & Dryers,Washers & Dryers,Home Appliances
1829,1851,NT Washer & Dryer 15.5in E1550 White,Northwind Traders,Washers & Dryers,Washers & Dryers,Home Appliances
1830,1852,NT Washer & Dryer 27in L2700 Silver,Northwind Traders,Washers & Dryers,Washers & Dryers,Home Appliances
1831,1853,NT Washer & Dryer 25.5in M2550 Silver,Northwind Traders,Washers & Dryers,Washers & Dryers,Home Appliances
1832,1854,NT Washer & Dryer 24in M2400 Silver,Northwind Traders,Washers & Dryers,Washers & Dryers,Home Appliances
1833,1855,NT Washer & Dryer 21in E2100 Silver,Northwind Traders,Washers & Dryers,Washers & Dryers,Home Appliances
1834,1856,NT Washer & Dryer 15.5in E1550 Silver,Northwind Traders,Washers & Dryers,Washers & Dryers,Home Appliances
1835,1857,NT Washer & Dryer 27in L2700 Blue,Northwind Traders,Washers & Dryers,Washers & Dryers,Home Appliances
1836,1858,NT Washer & Dryer 25.5in M2550 Blue,Northwind Traders,Washers & Dryers,Washers & Dryers,Home Appliances
1837,1859,NT Washer & Dryer 24in M2400 Blue,Northwind Traders,Washers & Dryers,Washers & Dryers,Home Appliances
1838,1860,NT Washer & Dryer 21in E2100 Blue,Northwind Traders,Washers & Dryers,Washers & Dryers,Home Appliances
1839,1861,NT Washer & Dryer 15.5in E1550 Blue,Northwind Traders,Washers & Dryers,Washers & Dryers,Home Appliances
1840,1862,NT Washer & Dryer 27in L2700 Green,Northwind Traders,Washers & Dryers,Washers & Dryers,Home Appliances
1841,1863,NT Washer & Dryer 25.5in M2550 Green,Northwind Traders,Washers & Dryers,Washers & Dryers,Home Appliances
1842,1864,NT Washer & Dryer 24in M2400 Green,Northwind Traders,Washers & Dryers,Washers & Dryers,Home Appliances
1843,1865,NT Washer & Dryer 21in E2100 Green,Northwind Traders,Washers & Dryers,Washers & Dryers,Home Appliances
1844,1866,NT Washer & Dryer 15.5in E1550 Green,Northwind Traders,Washers & Dryers,Washers & Dryers,Home Appliances
1845,1867,Contoso Washer & Dryer 27in L270 White,Contoso,Washers & Dryers,Washers & Dryers,Home Appliances
1846,1868,Contoso Washer & Dryer 25.5in M255 White,Contoso,Washers & Dryers,Washers & Dryers,Home Appliances
1847,1869,Contoso Washer & Dryer 24in M240 White,Contoso,Washers & Dryers,Washers & Dryers,Home Appliances
1848,1870,Contoso Washer & Dryer 21in E210 White,Contoso,Washers & Dryers,Washers & Dryers,Home Appliances
1849,1871,Contoso Washer & Dryer 15.5in E155 White,Contoso,Washers & Dryers,Washers & Dryers,Home Appliances
1850,1872,Contoso Washer & Dryer 27in L270 Silver,Contoso,Washers & Dryers,Washers & Dryers,Home Appliances
1851,1873,Contoso Washer & Dryer 25.5in M255 Silver,Contoso,Washers & Dryers,Washers & Dryers,Home Appliances
1852,1874,Contoso Washer & Dryer 24in M240 Silver,Contoso,Washers & Dryers,Washers & Dryers,Home Appliances
1853,1875,Contoso Washer & Dryer 21in E210 Silver,Contoso,Washers & Dryers,Washers & Dryers,Home Appliances
1854,1876,Contoso Washer & Dryer 15.5in E155 Silver,Contoso,Washers & Dryers,Washers & Dryers,Home Appliances
1855,1877,Contoso Washer & Dryer 27in L270 Blue,Contoso,Washers & Dryers,Washers & Dryers,Home Appliances
1856,1878,Contoso Washer & Dryer 25.5in M255 Blue,Contoso,Washers & Dryers,Washers & Dryers,Home Appliances
1857,1879,Contoso Washer & Dryer 24in M240 Blue,Contoso,Washers & Dryers,Washers & Dryers,Home Appliances
1858,1880,Contoso Washer & Dryer 21in E210 Blue,Contoso,Washers & Dryers,Washers & Dryers,Home Appliances
1859,1881,Contoso Washer & Dryer 15.5in E155 Blue,Contoso,Washers & Dryers,Washers & Dryers,Home Appliances
1860,1882,Contoso Washer & Dryer 27in L270 Green,Contoso,Washers & Dryers,Washers & Dryers,Home Appliances
1861,1883,Contoso Washer & Dryer 25.5in M255 Green,Contoso,Washers & Dryers,Washers & Dryers,Home Appliances
1862,1884,Contoso Washer & Dryer 24in M240 Green,Contoso,Washers & Dryers,Washers & Dryers,Home Appliances
1863,1885,Contoso Washer & Dryer 21in E210 Green,Contoso,Washers & Dryers,Washers & Dryers,Home Appliances
1864,1886,Contoso Washer & Dryer 15.5in E155 Green,Contoso,Washers & Dryers,Washers & Dryers,Home Appliances
1865,1887,Contoso Washer & Dryer 27in L270 Red,Contoso,Washers & Dryers,Washers & Dryers,Home Appliances
1866,1888,Contoso Washer & Dryer 25.5in M255 Red,Contoso,Washers & Dryers,Washers & Dryers,Home Appliances
1867,1889,Contoso Washer & Dryer 24in M240 Red,Contoso,Washers & Dryers,Washers & Dryers,Home Appliances
1868,1890,Contoso Washer & Dryer 21in E210 Red,Contoso,Washers & Dryers,Washers & Dryers,Home Appliances
1869,1891,Contoso Washer & Dryer 15.5in E155 Red,Contoso,Washers & Dryers,Washers & Dryers,Home Appliances
1870,1892,Contoso Washer & Dryer 27in L270 Pink,Contoso,Washers & Dryers,Washers & Dryers,Home Appliances
1871,1893,Contoso Washer & Dryer 25.5in M255 Pink,Contoso,Washers & Dryers,Washers & Dryers,Home Appliances
1872,1894,Contoso Washer & Dryer 24in M240 Pink,Contoso,Washers & Dryers,Washers & Dryers,Home Appliances
1873,1895,Contoso Washer & Dryer 21in E210 Pink,Contoso,Washers & Dryers,Washers & Dryers,Home Appliances
1874,1896,Contoso Washer & Dryer 15.5in E155 Pink,Contoso,Washers & Dryers,Washers & Dryers,Home Appliances
1875,1897,Fabrikam Refrigerator 24.7CuFt X9800 White,Fabrikam,Refrigerators,Refrigerators,Home Appliances
1876,1898,Fabrikam Refrigerator 19CuFt M7600 White,Fabrikam,Refrigerators,Refrigerators,Home Appliances
1877,1899,Fabrikam Refrigerator 9.7CuFt M5600 White,Fabrikam,Refrigerators,Refrigerators,Home Appliances
1878,1900,Fabrikam Refrigerator 4.6CuFt E2800 White,Fabrikam,Refrigerators,Refrigerators,Home Appliances
1879,1901,Fabrikam Refrigerator 3.2CuFt E1600 White,Fabrikam,Refrigerators,Refrigerators,Home Appliances
1880,1902,Fabrikam Refrigerator 1.7CuFt E1200 White,Fabrikam,Refrigerators,Refrigerators,Home Appliances
1881,1903,Fabrikam Refrigerator 24.7CuFt X9800 Brown,Fabrikam,Refrigerators,Refrigerators,Home Appliances
1882,1904,Fabrikam Refrigerator 19CuFt M7600 Brown,Fabrikam,Refrigerators,Refrigerators,Home Appliances
1883,1905,Fabrikam Refrigerator 9.7CuFt M5600 Brown,Fabrikam,Refrigerators,Refrigerators,Home Appliances
1884,1906,Fabrikam Refrigerator 4.6CuFt E2800 Brown,Fabrikam,Refrigerators,Refrigerators,Home Appliances
1885,1907,Fabrikam Refrigerator 3.2CuFt E1600 Brown,Fabrikam,Refrigerators,Refrigerators,Home Appliances
1886,1908,Fabrikam Refrigerator 1.7CuFt E1200 Brown,Fabrikam,Refrigerators,Refrigerators,Home Appliances
1887,1909,Fabrikam Refrigerator 24.7CuFt X9800 Silver,Fabrikam,Refrigerators,Refrigerators,Home Appliances
1888,1910,Fabrikam Refrigerator 19CuFt M7600 Silver,Fabrikam,Refrigerators,Refrigerators,Home Appliances
1889,1911,Fabrikam Refrigerator 9.7CuFt M5600 Silver,Fabrikam,Refrigerators,Refrigerators,Home Appliances
1890,1912,Fabrikam Refrigerator 4.6CuFt E2800 Silver,Fabrikam,Refrigerators,Refrigerators,Home Appliances
1891,1913,Fabrikam Refrigerator 3.2CuFt E1600 Silver,Fabrikam,Refrigerators,Refrigerators,Home Appliances
1892,1914,Fabrikam Refrigerator 1.7CuFt E1200 Silver,Fabrikam,Refrigerators,Refrigerators,Home Appliances
1893,1915,Fabrikam Refrigerator 24.7CuFt X9800 Green,Fabrikam,Refrigerators,Refrigerators,Home Appliances
1894,1916,Fabrikam Refrigerator 19CuFt M7600 Green,Fabrikam,Refrigerators,Refrigerators,Home Appliances
1895,1917,Fabrikam Refrigerator 9.7CuFt M5600 Green,Fabrikam,Refrigerators,Refrigerators,Home Appliances
1896,1918,Fabrikam Refrigerator 4.6CuFt E2800 Green,Fabrikam,Refrigerators,Refrigerators,Home Appliances
1897,1919,Fabrikam Refrigerator 3.2CuFt E1600 Green,Fabrikam,Refrigerators,Refrigerators,Home Appliances
1898,1920,Fabrikam Refrigerator 1.7CuFt E1200 Green,Fabrikam,Refrigerators,Refrigerators,Home Appliances
1899,1921,Fabrikam Refrigerator 24.7CuFt X9800 Blue,Fabrikam,Refrigerators,Refrigerators,Home Appliances
1900,1922,Fabrikam Refrigerator 19CuFt M7600 Blue,Fabrikam,Refrigerators,Refrigerators,Home Appliances
1901,1923,Fabrikam Refrigerator 9.7CuFt M5600 Blue,Fabrikam,Refrigerators,Refrigerators,Home Appliances
1902,1924,Fabrikam Refrigerator 4.6CuFt E2800 Blue,Fabrikam,Refrigerators,Refrigerators,Home Appliances
1903,1925,Fabrikam Refrigerator 3.2CuFt E1600 Blue,Fabrikam,Refrigerators,Refrigerators,Home Appliances
1904,1926,Fabrikam Refrigerator 1.7CuFt E1200 Blue,Fabrikam,Refrigerators,Refrigerators,Home Appliances
1905,1927,Fabrikam Refrigerator 24.7CuFt X9800 Grey,Fabrikam,Refrigerators,Refrigerators,Home Appliances
1906,1928,Fabrikam Refrigerator 19CuFt M7600 Grey,Fabrikam,Refrigerators,Refrigerators,Home Appliances
1907,1929,Fabrikam Refrigerator 9.7CuFt M5600 Grey,Fabrikam,Refrigerators,Refrigerators,Home Appliances
1908,1930,Fabrikam Refrigerator 4.6CuFt E2800 Grey,Fabrikam,Refrigerators,Refrigerators,Home Appliances
1909,1931,Fabrikam Refrigerator 3.2CuFt E1600 Grey,Fabrikam,Refrigerators,Refrigerators,Home Appliances
1910,1932,Fabrikam Refrigerator 1.7CuFt E1200 Grey,Fabrikam,Refrigerators,Refrigerators,Home Appliances
1911,1933,Fabrikam Refrigerator 24.7CuFt X9800 Orange,Fabrikam,Refrigerators,Refrigerators,Home Appliances
1912,1934,Fabrikam Refrigerator 19CuFt M7600 Orange,Fabrikam,Refrigerators,Refrigerators,Home Appliances
1913,1935,Fabrikam Refrigerator 9.7CuFt M5600 Orange,Fabrikam,Refrigerators,Refrigerators,Home Appliances
1914,1936,Fabrikam Refrigerator 4.6CuFt E2800 Orange,Fabrikam,Refrigerators,Refrigerators,Home Appliances
1915,1937,Fabrikam Refrigerator 3.2CuFt E1600 Orange,Fabrikam,Refrigerators,Refrigerators,Home Appliances
1916,1938,Fabrikam Refrigerator 1.7CuFt E1200 Orange,Fabrikam,Refrigerators,Refrigerators,Home Appliances
1917,1939,Litware Refrigerator 24.7CuFt X980 White,Litware,Refrigerators,Refrigerators,Home Appliances
1918,1940,Litware Refrigerator 19CuFt M760 White,Litware,Refrigerators,Refrigerators,Home Appliances
1919,1941,Litware Refrigerator 9.7CuFt M560 White,Litware,Refrigerators,Refrigerators,Home Appliances
1920,1942,Litware Refrigerator 4.6CuFt E280 White,Litware,Refrigerators,Refrigerators,Home Appliances
1921,1943,Litware Refrigerator 3.2CuFt E160 White,Litware,Refrigerators,Refrigerators,Home Appliances
1922,1944,Litware Refrigerator 1.7CuFt E120 White,Litware,Refrigerators,Refrigerators,Home Appliances
1923,1945,Litware Refrigerator 24.7CuFt X980 Brown,Litware,Refrigerators,Refrigerators,Home Appliances
1924,1946,Litware Refrigerator 19CuFt M760 Brown,Litware,Refrigerators,Refrigerators,Home Appliances
1925,1947,Litware Refrigerator 9.7CuFt M560 Brown,Litware,Refrigerators,Refrigerators,Home Appliances
1926,1948,Litware Refrigerator 4.6CuFt E280 Brown,Litware,Refrigerators,Refrigerators,Home Appliances
1927,1949,Litware Refrigerator 3.2CuFt E160 Brown,Litware,Refrigerators,Refrigerators,Home Appliances
1928,1950,Litware Refrigerator 1.7CuFt E120 Brown,Litware,Refrigerators,Refrigerators,Home Appliances
1929,1951,Litware Refrigerator 24.7CuFt X980 Silver,Litware,Refrigerators,Refrigerators,Home Appliances
1930,1952,Litware Refrigerator 19CuFt M760 Silver,Litware,Refrigerators,Refrigerators,Home Appliances
1931,1953,Litware Refrigerator 9.7CuFt M560 Silver,Litware,Refrigerators,Refrigerators,Home Appliances
1932,1954,Litware Refrigerator 4.6CuFt E280 Silver,Litware,Refrigerators,Refrigerators,Home Appliances
1933,1955,Litware Refrigerator 3.2CuFt E160 Silver,Litware,Refrigerators,Refrigerators,Home Appliances
1934,1956,Litware Refrigerator 1.7CuFt E120 Silver,Litware,Refrigerators,Refrigerators,Home Appliances
1935,1957,Litware Refrigerator 24.7CuFt X980 Green,Litware,Refrigerators,Refrigerators,Home Appliances
1936,1958,Litware Refrigerator 19CuFt M760 Green,Litware,Refrigerators,Refrigerators,Home Appliances
1937,1959,Litware Refrigerator 9.7CuFt M560 Green,Litware,Refrigerators,Refrigerators,Home Appliances
1938,1960,Litware Refrigerator 4.6CuFt E280 Green,Litware,Refrigerators,Refrigerators,Home Appliances
1939,1961,Litware Refrigerator 3.2CuFt E160 Green,Litware,Refrigerators,Refrigerators,Home Appliances
1940,1962,Litware Refrigerator 1.7CuFt E120 Green,Litware,Refrigerators,Refrigerators,Home Appliances
1941,1963,Litware Refrigerator 24.7CuFt X980 Blue,Litware,Refrigerators,Refrigerators,Home Appliances
1942,1964,Litware Refrigerator 19CuFt M760 Blue,Litware,Refrigerators,Refrigerators,Home Appliances
1943,1965,Litware Refrigerator 9.7CuFt M560 Blue,Litware,Refrigerators,Refrigerators,Home Appliances
1944,1966,Litware Refrigerator 4.6CuFt E280 Blue,Litware,Refrigerators,Refrigerators,Home Appliances
1945,1967,Litware Refrigerator 3.2CuFt E160 Blue,Litware,Refrigerators,Refrigerators,Home Appliances
1946,1968,Litware Refrigerator 1.7CuFt E120 Blue,Litware,Refrigerators,Refrigerators,Home Appliances
1947,1969,Litware Refrigerator 24.7CuFt X980 Grey,Litware,Refrigerators,Refrigerators,Home Appliances
1948,1970,Litware Refrigerator 19CuFt M760 Grey,Litware,Refrigerators,Refrigerators,Home Appliances
1949,1971,Litware Refrigerator 9.7CuFt M560 Grey,Litware,Refrigerators,Refrigerators,Home Appliances
1950,1972,Litware Refrigerator 4.6CuFt E280 Grey,Litware,Refrigerators,Refrigerators,Home Appliances
1951,1973,Litware Refrigerator 3.2CuFt E160 Grey,Litware,Refrigerators,Refrigerators,Home Appliances
1952,1974,Litware Refrigerator 1.7CuFt E120 Grey,Litware,Refrigerators,Refrigerators,Home Appliances
1953,1975,Litware Refrigerator L1200 Orange,Litware,Refrigerators,Refrigerators,Home Appliances
1954,1976,Litware Refrigerator 19CuFt M760 Orange,Litware,Refrigerators,Refrigerators,Home Appliances
1955,1977,Litware Refrigerator 9.7CuFt M560 Orange,Litware,Refrigerators,Refrigerators,Home Appliances
1956,1978,Litware Refrigerator 4.6CuFt E280 Orange,Litware,Refrigerators,Refrigerators,Home Appliances
1957,1979,Litware Refrigerator 3.2CuFt E160 Orange,Litware,Refrigerators,Refrigerators,Home Appliances
1958,1980,Litware Refrigerator 1.7CuFt E120 Orange,Litware,Refrigerators,Refrigerators,Home Appliances
1959,1981,Litware Refrigerator 19CuFt M760 Red,Litware,Refrigerators,Refrigerators,Home Appliances
1960,1982,Litware Refrigerator 9.7CuFt M560 Red,Litware,Refrigerators,Refrigerators,Home Appliances
1961,1983,Fabrikam Microwave 1.5CuFt X1100 White,Fabrikam,Microwaves,Microwaves,Home Appliances
1962,1984,Fabrikam Microwave 2.2CuFt M1250 White,Fabrikam,Microwaves,Microwaves,Home Appliances
1963,1985,Fabrikam Microwave 1.6CuFt M1250 White,Fabrikam,Microwaves,Microwaves,Home Appliances
1964,1986,Fabrikam Microwave 1.0CuFt E1100 White,Fabrikam,Microwaves,Microwaves,Home Appliances
1965,1987,Fabrikam Microwave 0.9CuFt E0900 White,Fabrikam,Microwaves,Microwaves,Home Appliances
1966,1988,Fabrikam Microwave 0.8CuFt E0800 White,Fabrikam,Microwaves,Microwaves,Home Appliances
1967,1989,Fabrikam Microwave 1.5CuFt X1100 Silver,Fabrikam,Microwaves,Microwaves,Home Appliances
1968,1990,Fabrikam Microwave 2.2CuFt M1250 Silver,Fabrikam,Microwaves,Microwaves,Home Appliances
1969,1991,Fabrikam Microwave 1.6CuFt M1250 Silver,Fabrikam,Microwaves,Microwaves,Home Appliances
1970,1992,Fabrikam Microwave 1.0CuFt E1100 Silver,Fabrikam,Microwaves,Microwaves,Home Appliances
1971,1993,Fabrikam Microwave 0.9CuFt E0900 Silver,Fabrikam,Microwaves,Microwaves,Home Appliances
1972,1994,Fabrikam Microwave 0.8CuFt E0800 Silver,Fabrikam,Microwaves,Microwaves,Home Appliances
1973,1995,Fabrikam Microwave 1.5CuFt X1100 Grey,Fabrikam,Microwaves,Microwaves,Home Appliances
1974,1996,Fabrikam Microwave 2.2CuFt M1250 Grey,Fabrikam,Microwaves,Microwaves,Home Appliances
1975,1997,Fabrikam Microwave 1.6CuFt M1250 Grey,Fabrikam,Microwaves,Microwaves,Home Appliances
1976,1998,Fabrikam Microwave 1.0CuFt E1100 Grey,Fabrikam,Microwaves,Microwaves,Home Appliances
1977,1999,Fabrikam Microwave 0.9CuFt E0900 Grey,Fabrikam,Microwaves,Microwaves,Home Appliances
1978,2000,Fabrikam Microwave 0.8CuFt E0800 Grey,Fabrikam,Microwaves,Microwaves,Home Appliances
1979,2001,Fabrikam Microwave 1.5CuFt X1100 Red,Fabrikam,Microwaves,Microwaves,Home Appliances
1980,2002,Fabrikam Microwave 2.2CuFt M1250 Red,Fabrikam,Microwaves,Microwaves,Home Appliances
1981,2003,Fabrikam Microwave 1.6CuFt M1250 Red,Fabrikam,Microwaves,Microwaves,Home Appliances
1982,2004,Fabrikam Microwave 1.0CuFt E1100 Red,Fabrikam,Microwaves,Microwaves,Home Appliances
1983,2005,Fabrikam Microwave 0.9CuFt E0900 Red,Fabrikam,Microwaves,Microwaves,Home Appliances
1984,2006,Fabrikam Microwave 0.8CuFt E0800 Red,Fabrikam,Microwaves,Microwaves,Home Appliances
1985,2007,Fabrikam Microwave 1.5CuFt X1100 Black,Fabrikam,Microwaves,Microwaves,Home Appliances
1986,2008,Fabrikam Microwave 2.2CuFt M1250 Black,Fabrikam,Microwaves,Microwaves,Home Appliances
1987,2009,Fabrikam Microwave 1.6CuFt M1250 Black,Fabrikam,Microwaves,Microwaves,Home Appliances
1988,2010,Fabrikam Microwave 1.0CuFt E1100 Black,Fabrikam,Microwaves,Microwaves,Home Appliances
1989,2011,Fabrikam Microwave 0.9CuFt E0900 Black,Fabrikam,Microwaves,Microwaves,Home Appliances
1990,2012,Fabrikam Microwave 0.8CuFt E0800 Black,Fabrikam,Microwaves,Microwaves,Home Appliances
1991,2013,Fabrikam Microwave 1.5CuFt X1100 Blue,Fabrikam,Microwaves,Microwaves,Home Appliances
1992,2014,Fabrikam Microwave 2.2CuFt M1250 Blue,Fabrikam,Microwaves,Microwaves,Home Appliances
1993,2015,Fabrikam Microwave 1.6CuFt M1250 Blue,Fabrikam,Microwaves,Microwaves,Home Appliances
1994,2016,Fabrikam Microwave 1.0CuFt E1100 Blue,Fabrikam,Microwaves,Microwaves,Home Appliances
1995,2017,Fabrikam Microwave 0.9CuFt E0900 Blue,Fabrikam,Microwaves,Microwaves,Home Appliances
1996,2018,Fabrikam Microwave 0.8CuFt E0800 Blue,Fabrikam,Microwaves,Microwaves,Home Appliances
1997,2019,Litware Microwave 1.5CuFt X110 White,Litware,Microwaves,Microwaves,Home Appliances
1998,2020,Litware Microwave 2.2CuFt M125 White,Litware,Microwaves,Microwaves,Home Appliances
1999,2021,Litware Microwave 1.6CuFt M125 White,Litware,Microwaves,Microwaves,Home Appliances
2000,2022,Litware Microwave 1.0CuFt E110 White,Litware,Microwaves,Microwaves,Home Appliances
2001,2023,Litware Microwave 0.9CuFt E090 White,Litware,Microwaves,Microwaves,Home Appliances
2002,2024,Litware Microwave 0.8CuFt E080 White,Litware,Microwaves,Microwaves,Home Appliances
2003,2025,Litware Microwave 1.5CuFt X110 Silver,Litware,Microwaves,Microwaves,Home Appliances
2004,2026,Litware Microwave 2.2CuFt M125 Silver,Litware,Microwaves,Microwaves,Home Appliances
2005,2027,Litware Microwave 1.6CuFt M125 Silver,Litware,Microwaves,Microwaves,Home Appliances
2006,2028,Litware Microwave 1.0CuFt E110 Silver,Litware,Microwaves,Microwaves,Home Appliances
2007,2029,Litware Microwave 0.9CuFt E090 Silver,Litware,Microwaves,Microwaves,Home Appliances
2008,2030,Litware Microwave 0.8CuFt E080 Silver,Litware,Microwaves,Microwaves,Home Appliances
2009,2031,Litware Microwave 1.5CuFt X110 Grey,Litware,Microwaves,Microwaves,Home Appliances
2010,2032,Litware Microwave 2.2CuFt M125 Grey,Litware,Microwaves,Microwaves,Home Appliances
2011,2033,Litware Microwave 1.6CuFt M125 Grey,Litware,Microwaves,Microwaves,Home Appliances
2012,2034,Litware Microwave 1.0CuFt E110 Grey,Litware,Microwaves,Microwaves,Home Appliances
2013,2035,Litware Microwave 0.9CuFt E090 Grey,Litware,Microwaves,Microwaves,Home Appliances
2014,2036,Litware Microwave 0.8CuFt E080 Grey,Litware,Microwaves,Microwaves,Home Appliances
2015,2037,Litware Microwave 1.5CuFt X110 Red,Litware,Microwaves,Microwaves,Home Appliances
2016,2038,Litware Microwave 2.2CuFt M125 Red,Litware,Microwaves,Microwaves,Home Appliances
2017,2039,Litware Microwave 1.6CuFt M125 Red,Litware,Microwaves,Microwaves,Home Appliances
2018,2040,Litware Microwave 1.0CuFt E110 Red,Litware,Microwaves,Microwaves,Home Appliances
2019,2041,Litware Microwave 0.9CuFt E090 Red,Litware,Microwaves,Microwaves,Home Appliances
2020,2042,Litware Microwave 0.8CuFt E080 Red,Litware,Microwaves,Microwaves,Home Appliances
2021,2043,Litware Microwave 1.5CuFt X110 Black,Litware,Microwaves,Microwaves,Home Appliances
2022,2044,Litware Microwave 2.2CuFt M125 Black,Litware,Microwaves,Microwaves,Home Appliances
2023,2045,Litware Microwave 1.6CuFt M125 Black,Litware,Microwaves,Microwaves,Home Appliances
2024,2046,Litware Microwave 1.0CuFt E110 Black,Litware,Microwaves,Microwaves,Home Appliances
2025,2047,Litware Microwave 0.9CuFt E090 Black,Litware,Microwaves,Microwaves,Home Appliances
2026,2048,Litware Microwave 0.8CuFt E080 Black,Litware,Microwaves,Microwaves,Home Appliances
2027,2049,Litware Microwave 1.5CuFt X110 Blue,Litware,Microwaves,Microwaves,Home Appliances
2028,2050,Litware Microwave 2.2CuFt M125 Blue,Litware,Microwaves,Microwaves,Home Appliances
2029,2051,Litware Microwave 1.6CuFt M125 Blue,Litware,Microwaves,Microwaves,Home Appliances
2030,2052,Litware Microwave 1.0CuFt E110 Blue,Litware,Microwaves,Microwaves,Home Appliances
2031,2053,Litware Microwave 0.9CuFt E090 Blue,Litware,Microwaves,Microwaves,Home Appliances
2032,2054,Litware Microwave 0.8CuFt E080 Blue,Litware,Microwaves,Microwaves,Home Appliances
2033,2055,Contoso Microwave 1.5CuFt X0110 White,Contoso,Microwaves,Microwaves,Home Appliances
2034,2056,Contoso Microwave 2.2CuFt M0125 White,Contoso,Microwaves,Microwaves,Home Appliances
2035,2057,Contoso Microwave 1.6CuFt M0125 White,Contoso,Microwaves,Microwaves,Home Appliances
2036,2058,Contoso Microwave 1.0CuFt E0110 White,Contoso,Microwaves,Microwaves,Home Appliances
2037,2059,Contoso Microwave 0.9CuFt E0090 White,Contoso,Microwaves,Microwaves,Home Appliances
2038,2060,Contoso Microwave 0.8CuFt E0080 White,Contoso,Microwaves,Microwaves,Home Appliances
2039,2061,Contoso Microwave 1.5CuFt X0110 Silver,Contoso,Microwaves,Microwaves,Home Appliances
2040,2062,Contoso Microwave 2.2CuFt M0125 Silver,Contoso,Microwaves,Microwaves,Home Appliances
2041,2063,Contoso Microwave 1.6CuFt M0125 Silver,Contoso,Microwaves,Microwaves,Home Appliances
2042,2064,Contoso Microwave 1.0CuFt E0110 Silver,Contoso,Microwaves,Microwaves,Home Appliances
2043,2065,Contoso Microwave 0.9CuFt E0090 Silver,Contoso,Microwaves,Microwaves,Home Appliances
2044,2066,Contoso Microwave 0.8CuFt E0080 Silver,Contoso,Microwaves,Microwaves,Home Appliances
2045,2067,Contoso Microwave 1.5CuFt X0110 Grey,Contoso,Microwaves,Microwaves,Home Appliances
2046,2068,Contoso Microwave 2.2CuFt M0125 Grey,Contoso,Microwaves,Microwaves,Home Appliances
2047,2069,Contoso Microwave 2.2CuFt M0126 Grey,Contoso,Microwaves,Microwaves,Home Appliances
2048,2070,Contoso Microwave 1.0CuFt E0110 Grey,Contoso,Microwaves,Microwaves,Home Appliances
2049,2071,Contoso Microwave 0.9CuFt E0090 Grey,Contoso,Microwaves,Microwaves,Home Appliances
2050,2072,Contoso Microwave 0.8CuFt E0080 Grey,Contoso,Microwaves,Microwaves,Home Appliances
2051,2073,Contoso Microwave 1.5CuFt X0110 Red,Contoso,Microwaves,Microwaves,Home Appliances
2052,2074,Contoso Microwave 2.2CuFt M0125 Red,Contoso,Microwaves,Microwaves,Home Appliances
2053,2075,Contoso Microwave 1.6CuFt M0125 Red,Contoso,Microwaves,Microwaves,Home Appliances
2054,2076,Contoso Microwave 1.0CuFt E0110 Red,Contoso,Microwaves,Microwaves,Home Appliances
2055,2077,Contoso Microwave 0.9CuFt E0090 Red,Contoso,Microwaves,Microwaves,Home Appliances
2056,2078,Contoso Microwave 0.8CuFt E0080 Red,Contoso,Microwaves,Microwaves,Home Appliances
2057,2079,Contoso Microwave 1.5CuFt X0110 Black,Contoso,Microwaves,Microwaves,Home Appliances
2058,2080,Contoso Microwave 2.2CuFt M0125 Black,Contoso,Microwaves,Microwaves,Home Appliances
2059,2081,Contoso Microwave 1.6CuFt M0125 Black,Contoso,Microwaves,Microwaves,Home Appliances
2060,2082,Contoso Microwave 1.0CuFt E0110 Black,Contoso,Microwaves,Microwaves,Home Appliances
2061,2083,Contoso Microwave 0.9CuFt E0090 Black,Contoso,Microwaves,Microwaves,Home Appliances
2062,2084,Contoso Microwave 0.8CuFt E0080 Black,Contoso,Microwaves,Microwaves,Home Appliances
2063,2085,Contoso Water Heater 7.2GPM X1800 White,Contoso,Water Heaters,Water Heaters,Home Appliances
2064,2086,Contoso Water Heater 4.3GPM M1250 White,Contoso,Water Heaters,Water Heaters,Home Appliances
2065,2087,Contoso Water Heater 4.0GPM M1250 White,Contoso,Water Heaters,Water Heaters,Home Appliances
2066,2088,Contoso Water Heater 2.6GPM E0900 White,Contoso,Water Heaters,Water Heaters,Home Appliances
2067,2089,Contoso Water Heater 1.5GPM E0800 White,Contoso,Water Heaters,Water Heaters,Home Appliances
2068,2090,Contoso Water Heater 7.2GPM X1800 Blue,Contoso,Water Heaters,Water Heaters,Home Appliances
2069,2091,Contoso Water Heater 4.3GPM M1250 Blue,Contoso,Water Heaters,Water Heaters,Home Appliances
2070,2092,Contoso Water Heater 4.0GPM M1250 Blue,Contoso,Water Heaters,Water Heaters,Home Appliances
2071,2093,Contoso Water Heater 2.6GPM E0900 Blue,Contoso,Water Heaters,Water Heaters,Home Appliances
2072,2094,Contoso Water Heater 1.5GPM E0800 Blue,Contoso,Water Heaters,Water Heaters,Home Appliances
2073,2095,Contoso Water Heater 7.2GPM X1800 Green,Contoso,Water Heaters,Water Heaters,Home Appliances
2074,2096,Contoso Water Heater 4.3GPM M1250 Green,Contoso,Water Heaters,Water Heaters,Home Appliances
2075,2097,Contoso Water Heater 4.0GPM M1250 Green,Contoso,Water Heaters,Water Heaters,Home Appliances
2076,2098,Contoso Water Heater 2.6GPM E0900 Green,Contoso,Water Heaters,Water Heaters,Home Appliances
2077,2099,Contoso Water Heater 1.5GPM E0800 Green,Contoso,Water Heaters,Water Heaters,Home Appliances
2078,2100,Contoso Water Heater 7.2GPM X1800 Silver,Contoso,Water Heaters,Water Heaters,Home Appliances
2079,2101,Contoso Water Heater 4.3GPM M1250 Silver,Contoso,Water Heaters,Water Heaters,Home Appliances
2080,2102,Contoso Water Heater 4.0GPM M1250 Silver,Contoso,Water Heaters,Water Heaters,Home Appliances
2081,2103,Contoso Water Heater 2.6GPM E0900 Silver,Contoso,Water Heaters,Water Heaters,Home Appliances
2082,2104,Contoso Water Heater 1.5GPM E0800 Silver,Contoso,Water Heaters,Water Heaters,Home Appliances
2083,2105,Contoso Water Heater 7.2GPM X1800 Grey,Contoso,Water Heaters,Water Heaters,Home Appliances
2084,2106,Contoso Water Heater 4.3GPM M1250 Grey,Contoso,Water Heaters,Water Heaters,Home Appliances
2085,2107,Contoso Water Heater 4.0GPM M1250 Grey,Contoso,Water Heaters,Water Heaters,Home Appliances
2086,2108,Contoso Water Heater 2.6GPM E0900 Grey,Contoso,Water Heaters,Water Heaters,Home Appliances
2087,2109,Contoso Water Heater 1.5GPM E0800 Grey,Contoso,Water Heaters,Water Heaters,Home Appliances
2088,2110,Contoso Water Heater 7.2GPM X1800 Red,Contoso,Water Heaters,Water Heaters,Home Appliances
2089,2111,Contoso Water Heater 4.3GPM M1250 Red,Contoso,Water Heaters,Water Heaters,Home Appliances
2090,2112,Contoso Water Heater 4.0GPM M1250 Red,Contoso,Water Heaters,Water Heaters,Home Appliances
2091,2113,Contoso Water Heater 2.6GPM E0900 Red,Contoso,Water Heaters,Water Heaters,Home Appliances
2092,2114,Contoso Water Heater 1.5GPM E0800 Red,Contoso,Water Heaters,Water Heaters,Home Appliances
2093,2115,Contoso Water Heater 4.3GPM M1250 Yellow,Contoso,Water Heaters,Water Heaters,Home Appliances
2094,2116,Contoso Coffee Maker Super-Auto 12C X1250 Black,Contoso,Coffee Machines,Coffee Machines,Home Appliances
2095,2117,Contoso Coffee Maker Auto 10C M1000 Black,Contoso,Coffee Machines,Coffee Machines,Home Appliances
2096,2118,Contoso Coffee Maker 12C M1000 Black,Contoso,Coffee Machines,Coffee Machines,Home Appliances
2097,2119,Contoso Coffee Maker Auto 5C E0900 Black,Contoso,Coffee Machines,Coffee Machines,Home Appliances
2098,2120,Contoso Coffee Maker 5C E0900 Black,Contoso,Coffee Machines,Coffee Machines,Home Appliances
2099,2121,Contoso Coffee Maker 4C E0800 Black,Contoso,Coffee Machines,Coffee Machines,Home Appliances
2100,2122,Contoso Coffee Maker Super-Auto 12C X1250 Silver,Contoso,Coffee Machines,Coffee Machines,Home Appliances
2101,2123,Contoso Coffee Maker Auto 10C M1000 Silver,Contoso,Coffee Machines,Coffee Machines,Home Appliances
2102,2124,Contoso Coffee Maker 12C M1000 Silver,Contoso,Coffee Machines,Coffee Machines,Home Appliances
2103,2125,Contoso Coffee Maker Auto 5C E0900 Silver,Contoso,Coffee Machines,Coffee Machines,Home Appliances
2104,2126,Contoso Coffee Maker 5C E0900 Silver,Contoso,Coffee Machines,Coffee Machines,Home Appliances
2105,2127,Contoso Coffee Maker 4C E0800 Silver,Contoso,Coffee Machines,Coffee Machines,Home Appliances
2106,2128,Contoso Coffee Maker Super-Auto 12C X1250 White,Contoso,Coffee Machines,Coffee Machines,Home Appliances
2107,2129,Contoso Coffee Maker Auto 10C M1000 White,Contoso,Coffee Machines,Coffee Machines,Home Appliances
2108,2130,Contoso Coffee Maker 12C M1000 White,Contoso,Coffee Machines,Coffee Machines,Home Appliances
2109,2131,Contoso Coffee Maker Auto 5C E0900 White,Contoso,Coffee Machines,Coffee Machines,Home Appliances
2110,2132,Contoso Coffee Maker 5C E0900 White,Contoso,Coffee Machines,Coffee Machines,Home Appliances
2111,2133,Contoso Coffee Maker 4C E0800 White,Contoso,Coffee Machines,Coffee Machines,Home Appliances
2112,2134,Contoso Coffee Maker Super-Auto 12C X1250 Grey,Contoso,Coffee Machines,Coffee Machines,Home Appliances
2113,2135,Contoso Coffee Maker Auto 10C M1000 Grey,Contoso,Coffee Machines,Coffee Machines,Home Appliances
2114,2136,Contoso Coffee Maker 12C M1000 Grey,Contoso,Coffee Machines,Coffee Machines,Home Appliances
2115,2137,Contoso Coffee Maker Auto 5C E0900 Grey,Contoso,Coffee Machines,Coffee Machines,Home Appliances
2116,2138,Contoso Coffee Maker 5C E0900 Grey,Contoso,Coffee Machines,Coffee Machines,Home Appliances
2117,2139,Contoso Coffee Maker 4C E0800 Grey,Contoso,Coffee Machines,Coffee Machines,Home Appliances
2118,2140,Adventure Works Coffee Maker Super-Auto 12C X125 Black,Adventure Works,Coffee Machines,Coffee Machines,Home Appliances
2119,2141,Adventure Works Coffee Maker Auto 10C M100 Black,Adventure Works,Coffee Machines,Coffee Machines,Home Appliances
2120,2142,Adventure Works Coffee Maker 12C M100 Black,Adventure Works,Coffee Machines,Coffee Machines,Home Appliances
2121,2143,Adventure Works Coffee Maker Auto 5C E090 Black,Adventure Works,Coffee Machines,Coffee Machines,Home Appliances
2122,2144,Adventure Works Coffee Maker 5C E090 Black,Adventure Works,Coffee Machines,Coffee Machines,Home Appliances
2123,2145,Adventure Works Coffee Maker 4C E080 Black,Adventure Works,Coffee Machines,Coffee Machines,Home Appliances
2124,2146,Adventure Works Coffee Maker Super-Auto 12C X125 Silver,Adventure Works,Coffee Machines,Coffee Machines,Home Appliances
2125,2147,Adventure Works Coffee Maker Auto 10C M100 Silver,Adventure Works,Coffee Machines,Coffee Machines,Home Appliances
2126,2148,Adventure Works Coffee Maker 12C M100 Silver,Adventure Works,Coffee Machines,Coffee Machines,Home Appliances
2127,2149,Adventure Works Coffee Maker Auto 5C E090 Silver,Adventure Works,Coffee Machines,Coffee Machines,Home Appliances
2128,2150,Adventure Works Coffee Maker 5C E090 Silver,Adventure Works,Coffee Machines,Coffee Machines,Home Appliances
2129,2151,Adventure Works Coffee Maker 4C E080 Silver,Adventure Works,Coffee Machines,Coffee Machines,Home Appliances
2130,2152,Adventure Works Coffee Maker Super-Auto 12C X125 White,Adventure Works,Coffee Machines,Coffee Machines,Home Appliances
2131,2153,Adventure Works Coffee Maker Auto 10C M100 White,Adventure Works,Coffee Machines,Coffee Machines,Home Appliances
2132,2154,Adventure Works Coffee Maker 12C M100 White,Adventure Works,Coffee Machines,Coffee Machines,Home Appliances
2133,2155,Adventure Works Coffee Maker Auto 5C E090 White,Adventure Works,Coffee Machines,Coffee Machines,Home Appliances
2134,2156,Adventure Works Coffee Maker 5C E090 White,Adventure Works,Coffee Machines,Coffee Machines,Home Appliances
2135,2157,Adventure Works Coffee Maker 4C E080 White,Adventure Works,Coffee Machines,Coffee Machines,Home Appliances
2136,2158,Adventure Works Coffee Maker Super-Auto 12C X125 Grey,Adventure Works,Coffee Machines,Coffee Machines,Home Appliances
2137,2159,Adventure Works Coffee Maker Auto 10C M100 Grey,Adventure Works,Coffee Machines,Coffee Machines,Home Appliances
2138,2160,Adventure Works Coffee Maker 12C M100 Grey,Adventure Works,Coffee Machines,Coffee Machines,Home Appliances
2139,2161,Adventure Works Coffee Maker Auto 5C E090 Grey,Adventure Works,Coffee Machines,Coffee Machines,Home Appliances
2140,2162,Adventure Works Coffee Maker 5C E090 Grey,Adventure Works,Coffee Machines,Coffee Machines,Home Appliances
2141,2163,Adventure Works Coffee Maker 4C E080 Grey,Adventure Works,Coffee Machines,Coffee Machines,Home Appliances
2142,2164,Fabrikam Coffee Maker Super-Auto 12C X125 Black,Fabrikam,Coffee Machines,Coffee Machines,Home Appliances
2143,2165,Fabrikam Coffee Maker Auto 10C M100 Black,Fabrikam,Coffee Machines,Coffee Machines,Home Appliances
2144,2166,Fabrikam Coffee Maker 12C M100 Black,Fabrikam,Coffee Machines,Coffee Machines,Home Appliances
2145,2167,Fabrikam Coffee Maker Auto 5C E090 Black,Fabrikam,Coffee Machines,Coffee Machines,Home Appliances
2146,2168,Fabrikam Coffee Maker 5C E090 Black,Fabrikam,Coffee Machines,Coffee Machines,Home Appliances
2147,2169,Fabrikam Coffee Maker 4C E080 Black,Fabrikam,Coffee Machines,Coffee Machines,Home Appliances
2148,2170,Fabrikam Coffee Maker Super-Auto 12C X125 Silver,Fabrikam,Coffee Machines,Coffee Machines,Home Appliances
2149,2171,Fabrikam Coffee Maker Auto 10C M100 Silver,Fabrikam,Coffee Machines,Coffee Machines,Home Appliances
2150,2172,Fabrikam Coffee Maker 12C M100 Silver,Fabrikam,Coffee Machines,Coffee Machines,Home Appliances
2151,2173,Fabrikam Coffee Maker Auto 5C E090 Silver,Fabrikam,Coffee Machines,Coffee Machines,Home Appliances
2152,2174,Fabrikam Coffee Maker 5C E090 Silver,Fabrikam,Coffee Machines,Coffee Machines,Home Appliances
2153,2175,Fabrikam Coffee Maker 4C E080 Silver,Fabrikam,Coffee Machines,Coffee Machines,Home Appliances
2154,2176,Fabrikam Coffee Maker Super-Auto 12C X125 White,Fabrikam,Coffee Machines,Coffee Machines,Home Appliances
2155,2177,Fabrikam Coffee Maker Auto 10C M100 White,Fabrikam,Coffee Machines,Coffee Machines,Home Appliances
2156,2178,Fabrikam Coffee Maker 12C M100 White,Fabrikam,Coffee Machines,Coffee Machines,Home Appliances
2157,2179,Fabrikam Coffee Maker Auto 5C E090 White,Fabrikam,Coffee Machines,Coffee Machines,Home Appliances
2158,2180,Fabrikam Coffee Maker 5C E090 White,Fabrikam,Coffee Machines,Coffee Machines,Home Appliances
2159,2181,Fabrikam Coffee Maker 4C E080 White,Fabrikam,Coffee Machines,Coffee Machines,Home Appliances
2160,2182,Fabrikam Coffee Maker Super-Auto 12C X125 Grey,Fabrikam,Coffee Machines,Coffee Machines,Home Appliances
2161,2183,Fabrikam Coffee Maker Auto 10C M100 Grey,Fabrikam,Coffee Machines,Coffee Machines,Home Appliances
2162,2184,Fabrikam Coffee Maker 12C M100 Grey,Fabrikam,Coffee Machines,Coffee Machines,Home Appliances
2163,2185,Fabrikam Coffee Maker Auto 5C E090 Grey,Fabrikam,Coffee Machines,Coffee Machines,Home Appliances
2164,2186,Fabrikam Coffee Maker 5C E090 Grey,Fabrikam,Coffee Machines,Coffee Machines,Home Appliances
2165,2187,Fabrikam Coffee Maker 4C E080 Grey,Fabrikam,Coffee Machines,Coffee Machines,Home Appliances
2166,2188,Fabrikam Coffee Maker 12C M100 Gold,Fabrikam,Coffee Machines,Coffee Machines,Home Appliances
2167,2189,Fabrikam Coffee Maker Auto 5C E090 Gold,Fabrikam,Coffee Machines,Coffee Machines,Home Appliances
2168,2190,Adventure Works Floor Lamp X1150 Black,Adventure Works,Lamps,Lamps,Home Appliances
2169,2191,Adventure Works Floor Lamp M2150 Black,Adventure Works,Lamps,Lamps,Home Appliances
2170,2192,Adventure Works Chandelier M8150 Black,Adventure Works,Lamps,Lamps,Home Appliances
2171,2193,Adventure Works Chandelier M6150 Black,Adventure Works,Lamps,Lamps,Home Appliances
2172,2194,Adventure Works Wall Lamp E2150 Black,Adventure Works,Lamps,Lamps,Home Appliances
2173,2195,Adventure Works Wall Lamp E3150 Black,Adventure Works,Lamps,Lamps,Home Appliances
2174,2196,Adventure Works Desk Lamp E1300 Black,Adventure Works,Lamps,Lamps,Home Appliances
2175,2197,Adventure Works Desk Lamp E1200 Black,Adventure Works,Lamps,Lamps,Home Appliances
2176,2198,Adventure Works Floor Lamp X1150 White,Adventure Works,Lamps,Lamps,Home Appliances
2177,2199,Adventure Works Floor Lamp M2150 White,Adventure Works,Lamps,Lamps,Home Appliances
2178,2200,Adventure Works Chandelier M8150 White,Adventure Works,Lamps,Lamps,Home Appliances
2179,2201,Adventure Works Chandelier M6150 White,Adventure Works,Lamps,Lamps,Home Appliances
2180,2202,Adventure Works Wall Lamp E2150 White,Adventure Works,Lamps,Lamps,Home Appliances
2181,2203,Adventure Works Wall Lamp E3150 White,Adventure Works,Lamps,Lamps,Home Appliances
2182,2204,Adventure Works Desk Lamp E1300 White,Adventure Works,Lamps,Lamps,Home Appliances
2183,2205,Adventure Works Desk Lamp E1200 White,Adventure Works,Lamps,Lamps,Home Appliances
2184,2206,Adventure Works Floor Lamp X1150 Silver,Adventure Works,Lamps,Lamps,Home Appliances
2185,2207,Adventure Works Floor Lamp M2150 Silver,Adventure Works,Lamps,Lamps,Home Appliances
2186,2208,Adventure Works Chandelier M8150 Silver,Adventure Works,Lamps,Lamps,Home Appliances
2187,2209,Adventure Works Chandelier M6150 Silver,Adventure Works,Lamps,Lamps,Home Appliances
2188,2210,Adventure Works Wall Lamp E2150 Silver,Adventure Works,Lamps,Lamps,Home Appliances
2189,2211,Adventure Works Wall Lamp E3150 Silver,Adventure Works,Lamps,Lamps,Home Appliances
2190,2212,Adventure Works Desk Lamp E1300 Silver,Adventure Works,Lamps,Lamps,Home Appliances
2191,2213,Adventure Works Desk Lamp E1200 Silver,Adventure Works,Lamps,Lamps,Home Appliances
2192,2214,Adventure Works Floor Lamp X1150 Grey,Adventure Works,Lamps,Lamps,Home Appliances
2193,2215,Adventure Works Floor Lamp M2150 Grey,Adventure Works,Lamps,Lamps,Home Appliances
2194,2216,Adventure Works Chandelier M8150 Grey,Adventure Works,Lamps,Lamps,Home Appliances
2195,2217,Adventure Works Chandelier M6150 Grey,Adventure Works,Lamps,Lamps,Home Appliances
2196,2218,Adventure Works Wall Lamp E2150 Grey,Adventure Works,Lamps,Lamps,Home Appliances
2197,2219,Adventure Works Wall Lamp E3150 Grey,Adventure Works,Lamps,Lamps,Home Appliances
2198,2220,Adventure Works Desk Lamp E1300 Grey,Adventure Works,Lamps,Lamps,Home Appliances
2199,2221,Adventure Works Desk Lamp E1200 Grey,Adventure Works,Lamps,Lamps,Home Appliances
2200,2222,Adventure Works Floor Lamp X1150 Blue,Adventure Works,Lamps,Lamps,Home Appliances
2201,2223,Adventure Works Floor Lamp M2150 Blue,Adventure Works,Lamps,Lamps,Home Appliances
2202,2224,Adventure Works Chandelier M8150 Blue,Adventure Works,Lamps,Lamps,Home Appliances
2203,2225,Adventure Works Chandelier M6150 Blue,Adventure Works,Lamps,Lamps,Home Appliances
2204,2226,Adventure Works Wall Lamp E2150 Blue,Adventure Works,Lamps,Lamps,Home Appliances
2205,2227,Adventure Works Wall Lamp E3150 Blue,Adventure Works,Lamps,Lamps,Home Appliances
2206,2228,Adventure Works Desk Lamp E1300 Blue,Adventure Works,Lamps,Lamps,Home Appliances
2207,2229,Adventure Works Desk Lamp E1200 Blue,Adventure Works,Lamps,Lamps,Home Appliances
2208,2230,WWI Floor Lamp X115 Black,Wide World Importers,Lamps,Lamps,Home Appliances
2209,2231,WWI Floor Lamp M215 Black,Wide World Importers,Lamps,Lamps,Home Appliances
2210,2232,WWI Chandelier M815 Black,Wide World Importers,Lamps,Lamps,Home Appliances
2211,2233,WWI Chandelier M615 Black,Wide World Importers,Lamps,Lamps,Home Appliances
2212,2234,WWI Wall Lamp E215 Black,Wide World Importers,Lamps,Lamps,Home Appliances
2213,2235,WWI Wall Lamp E315 Black,Wide World Importers,Lamps,Lamps,Home Appliances
2214,2236,WWI Desk Lamp E130 Black,Wide World Importers,Lamps,Lamps,Home Appliances
2215,2237,WWI Desk Lamp E120 Black,Wide World Importers,Lamps,Lamps,Home Appliances
2216,2238,WWI Floor Lamp X115 White,Wide World Importers,Lamps,Lamps,Home Appliances
2217,2239,WWI Floor Lamp M215 White,Wide World Importers,Lamps,Lamps,Home Appliances
2218,2240,WWI Chandelier M815 White,Wide World Importers,Lamps,Lamps,Home Appliances
2219,2241,WWI Chandelier M615 White,Wide World Importers,Lamps,Lamps,Home Appliances
2220,2242,WWI Wall Lamp E215 White,Wide World Importers,Lamps,Lamps,Home Appliances
2221,2243,WWI Wall Lamp E315 White,Wide World Importers,Lamps,Lamps,Home Appliances
2222,2244,WWI Desk Lamp E130 White,Wide World Importers,Lamps,Lamps,Home Appliances
2223,2245,WWI Desk Lamp E120 White,Wide World Importers,Lamps,Lamps,Home Appliances
2224,2246,WWI Floor Lamp X115 Silver,Wide World Importers,Lamps,Lamps,Home Appliances
2225,2247,WWI Floor Lamp M215 Silver,Wide World Importers,Lamps,Lamps,Home Appliances
2226,2248,WWI Chandelier M815 Silver,Wide World Importers,Lamps,Lamps,Home Appliances
2227,2249,WWI Chandelier M615 Silver,Wide World Importers,Lamps,Lamps,Home Appliances
2228,2250,WWI Wall Lamp E215 Silver,Wide World Importers,Lamps,Lamps,Home Appliances
2229,2251,WWI Wall Lamp E315 Silver,Wide World Importers,Lamps,Lamps,Home Appliances
2230,2252,WWI Desk Lamp E130 Silver,Wide World Importers,Lamps,Lamps,Home Appliances
2231,2253,WWI Desk Lamp E120 Silver,Wide World Importers,Lamps,Lamps,Home Appliances
2232,2254,WWI Floor Lamp X115 Grey,Wide World Importers,Lamps,Lamps,Home Appliances
2233,2255,WWI Floor Lamp M215 Grey,Wide World Importers,Lamps,Lamps,Home Appliances
2234,2256,WWI Chandelier M815 Grey,Wide World Importers,Lamps,Lamps,Home Appliances
2235,2257,WWI Chandelier M615 Grey,Wide World Importers,Lamps,Lamps,Home Appliances
2236,2258,WWI Wall Lamp E215 Grey,Wide World Importers,Lamps,Lamps,Home Appliances
2237,2259,WWI Wall Lamp E315 Grey,Wide World Importers,Lamps,Lamps,Home Appliances
2238,2260,WWI Desk Lamp E130 Grey,Wide World Importers,Lamps,Lamps,Home Appliances
2239,2261,WWI Desk Lamp E120 Grey,Wide World Importers,Lamps,Lamps,Home Appliances
2240,2262,WWI Floor Lamp X115 Blue,Wide World Importers,Lamps,Lamps,Home Appliances
2241,2263,WWI Floor Lamp M215 Blue,Wide World Importers,Lamps,Lamps,Home Appliances
2242,2264,WWI Chandelier M815 Blue,Wide World Importers,Lamps,Lamps,Home Appliances
2243,2265,WWI Chandelier M615 Blue,Wide World Importers,Lamps,Lamps,Home Appliances
2244,2266,WWI Wall Lamp E215 Blue,Wide World Importers,Lamps,Lamps,Home Appliances
2245,2267,WWI Wall Lamp E315 Blue,Wide World Importers,Lamps,Lamps,Home Appliances
2246,2268,WWI Desk Lamp E130 Blue,Wide World Importers,Lamps,Lamps,Home Appliances
2247,2269,WWI Desk Lamp E120 Blue,Wide World Importers,Lamps,Lamps,Home Appliances
2248,2270,Proseware Floor Lamp X0115 Black,Proseware,Lamps,Lamps,Home Appliances
2249,2271,Proseware Floor Lamp M0215 Black,Proseware,Lamps,Lamps,Home Appliances
2250,2272,Proseware Chandelier M0815 Black,Proseware,Lamps,Lamps,Home Appliances
2251,2273,Proseware Chandelier M0615 Black,Proseware,Lamps,Lamps,Home Appliances
2252,2274,Proseware Wall Lamp E0215 Black,Proseware,Lamps,Lamps,Home Appliances
2253,2275,Proseware Wall Lamp E0315 Black,Proseware,Lamps,Lamps,Home Appliances
2254,2276,Proseware Desk Lamp E0130 Black,Proseware,Lamps,Lamps,Home Appliances
2255,2277,Proseware Desk Lamp E0120 Black,Proseware,Lamps,Lamps,Home Appliances
2256,2278,Proseware Floor Lamp X0115 White,Proseware,Lamps,Lamps,Home Appliances
2257,2279,Proseware Floor Lamp M0215 White,Proseware,Lamps,Lamps,Home Appliances
2258,2280,Proseware Chandelier M0815 White,Proseware,Lamps,Lamps,Home Appliances
2259,2281,Proseware Chandelier M0615 White,Proseware,Lamps,Lamps,Home Appliances
2260,2282,Proseware Wall Lamp E0215 White,Proseware,Lamps,Lamps,Home Appliances
2261,2283,Proseware Wall Lamp E0315 White,Proseware,Lamps,Lamps,Home Appliances
2262,2284,Proseware Desk Lamp E0130 White,Proseware,Lamps,Lamps,Home Appliances
2263,2285,Proseware Desk Lamp E0120 White,Proseware,Lamps,Lamps,Home Appliances
2264,2286,Proseware Floor Lamp X0115 Silver,Proseware,Lamps,Lamps,Home Appliances
2265,2287,Proseware Floor Lamp M0215 Silver,Proseware,Lamps,Lamps,Home Appliances
2266,2288,Proseware Chandelier M0815 Silver,Proseware,Lamps,Lamps,Home Appliances
2267,2289,Proseware Chandelier M0615 Silver,Proseware,Lamps,Lamps,Home Appliances
2268,2290,Proseware Wall Lamp E0215 Silver,Proseware,Lamps,Lamps,Home Appliances
2269,2291,Proseware Wall Lamp E0315 Silver,Proseware,Lamps,Lamps,Home Appliances
2270,2292,Proseware Desk Lamp E0130 Silver,Proseware,Lamps,Lamps,Home Appliances
2271,2293,Proseware Desk Lamp E0120 Silver,Proseware,Lamps,Lamps,Home Appliances
2272,2294,Proseware Floor Lamp X0115 Grey,Proseware,Lamps,Lamps,Home Appliances
2273,2295,Proseware Floor Lamp M0215 Grey,Proseware,Lamps,Lamps,Home Appliances
2274,2296,Proseware Chandelier M0815 Grey,Proseware,Lamps,Lamps,Home Appliances
2275,2297,Proseware Chandelier M0615 Grey,Proseware,Lamps,Lamps,Home Appliances
2276,2298,Proseware Wall Lamp E0215 Grey,Proseware,Lamps,Lamps,Home Appliances
2277,2299,Proseware Wall Lamp E0315 Grey,Proseware,Lamps,Lamps,Home Appliances
2278,2300,Proseware Desk Lamp E0130 Grey,Proseware,Lamps,Lamps,Home Appliances
2279,2301,Proseware Desk Lamp E0120 Grey,Proseware,Lamps,Lamps,Home Appliances
2280,2302,Proseware Floor Lamp X0115 Blue,Proseware,Lamps,Lamps,Home Appliances
2281,2303,Proseware Floor Lamp M0215 Blue,Proseware,Lamps,Lamps,Home Appliances
2282,2304,Proseware Chandelier M0815 Blue,Proseware,Lamps,Lamps,Home Appliances
2283,2305,Proseware Chandelier M0615 Blue,Proseware,Lamps,Lamps,Home Appliances
2284,2306,Proseware Wall Lamp E0215 Blue,Proseware,Lamps,Lamps,Home Appliances
2285,2307,Proseware Wall Lamp E0315 Blue,Proseware,Lamps,Lamps,Home Appliances
2286,2308,Proseware Desk Lamp E0130 Blue,Proseware,Lamps,Lamps,Home Appliances
2287,2309,Proseware Desk Lamp E0120 Blue,Proseware,Lamps,Lamps,Home Appliances
2288,2310,Litware Floor Lamp X1015 Black,Litware,Lamps,Lamps,Home Appliances
2289,2311,Litware Floor Lamp M2015 Black,Litware,Lamps,Lamps,Home Appliances
2290,2312,Litware Chandelier M8015 Black,Litware,Lamps,Lamps,Home Appliances
2291,2313,Litware Chandelier M6015 Black,Litware,Lamps,Lamps,Home Appliances
2292,2314,Litware Wall Lamp E2015 Black,Litware,Lamps,Lamps,Home Appliances
2293,2315,Litware Wall Lamp E3015 Black,Litware,Lamps,Lamps,Home Appliances
2294,2316,Litware Desk Lamp E1030 Black,Litware,Lamps,Lamps,Home Appliances
2295,2317,Litware Desk Lamp E1020 Black,Litware,Lamps,Lamps,Home Appliances
2296,2318,Litware Floor Lamp X1015 White,Litware,Lamps,Lamps,Home Appliances
2297,2319,Litware Floor Lamp M2015 White,Litware,Lamps,Lamps,Home Appliances
2298,2320,Litware Chandelier M8015 White,Litware,Lamps,Lamps,Home Appliances
2299,2321,Litware Chandelier M6015 White,Litware,Lamps,Lamps,Home Appliances
2300,2322,Litware Wall Lamp E2015 White,Litware,Lamps,Lamps,Home Appliances
2301,2323,Litware Wall Lamp E3015 White,Litware,Lamps,Lamps,Home Appliances
2302,2324,Litware Desk Lamp E1030 White,Litware,Lamps,Lamps,Home Appliances
2303,2325,Litware Desk Lamp E1020 White,Litware,Lamps,Lamps,Home Appliances
2304,2326,Litware Floor Lamp X1015 Silver,Litware,Lamps,Lamps,Home Appliances
2305,2327,Litware Floor Lamp M2015 Silver,Litware,Lamps,Lamps,Home Appliances
2306,2328,Litware Chandelier M8015 Silver,Litware,Lamps,Lamps,Home Appliances
2307,2329,Litware Chandelier M6015 Silver,Litware,Lamps,Lamps,Home Appliances
2308,2330,Litware Wall Lamp E2015 Silver,Litware,Lamps,Lamps,Home Appliances
2309,2331,Litware Wall Lamp E3015 Silver,Litware,Lamps,Lamps,Home Appliances
2310,2332,Litware Desk Lamp E1030 Silver,Litware,Lamps,Lamps,Home Appliances
2311,2333,Litware Desk Lamp E1020 Silver,Litware,Lamps,Lamps,Home Appliances
2312,2334,Litware Floor Lamp X1015 Grey,Litware,Lamps,Lamps,Home Appliances
2313,2335,Litware Floor Lamp M2015 Grey,Litware,Lamps,Lamps,Home Appliances
2314,2336,Litware Chandelier M8015 Grey,Litware,Lamps,Lamps,Home Appliances
2315,2337,Litware Chandelier M6015 Grey,Litware,Lamps,Lamps,Home Appliances
2316,2338,Litware Wall Lamp E2015 Grey,Litware,Lamps,Lamps,Home Appliances
2317,2339,Litware Wall Lamp E3015 Grey,Litware,Lamps,Lamps,Home Appliances
2318,2340,Litware Desk Lamp E1030 Grey,Litware,Lamps,Lamps,Home Appliances
2319,2341,Litware Desk Lamp E1020 Grey,Litware,Lamps,Lamps,Home Appliances
2320,2342,Litware Floor Lamp X1015 Blue,Litware,Lamps,Lamps,Home Appliances
2321,2343,Litware Floor Lamp M2015 Blue,Litware,Lamps,Lamps,Home Appliances
2322,2344,Litware Chandelier M8015 Blue,Litware,Lamps,Lamps,Home Appliances
2323,2345,Litware Chandelier M6015 Blue,Litware,Lamps,Lamps,Home Appliances
2324,2346,Litware Wall Lamp E2015 Blue,Litware,Lamps,Lamps,Home Appliances
2325,2347,Litware Wall Lamp E3015 Blue,Litware,Lamps,Lamps,Home Appliances
2326,2348,Contoso Air conditioner 25000BTU L1672 White,Contoso,Air Conditioners,Air Conditioners,Home Appliances
2327,2349,Contoso Air conditioner 12000BTU M0640 White,Contoso,Air Conditioners,Air Conditioners,Home Appliances
2328,2350,Contoso Air conditioner 10000BTU M0490 White,Contoso,Air Conditioners,Air Conditioners,Home Appliances
2329,2351,Contoso Air conditioner 8000BTU M0320 White,Contoso,Air Conditioners,Air Conditioners,Home Appliances
2330,2352,Contoso Air conditioner 7000BTU E0260 White,Contoso,Air Conditioners,Air Conditioners,Home Appliances
2331,2353,Contoso Air conditioner 6000BTU E0180 White,Contoso,Air Conditioners,Air Conditioners,Home Appliances
2332,2354,Contoso Air conditioner 5200BTU E0100 White,Contoso,Air Conditioners,Air Conditioners,Home Appliances
2333,2355,Contoso Air conditioner 25000BTU L1672 Red,Contoso,Air Conditioners,Air Conditioners,Home Appliances
2334,2356,Contoso Air conditioner 12000BTU M0640 Red,Contoso,Air Conditioners,Air Conditioners,Home Appliances
2335,2357,Contoso Air conditioner 10000BTU M0490 Red,Contoso,Air Conditioners,Air Conditioners,Home Appliances
2336,2358,Contoso Air conditioner 8000BTU M0320 Red,Contoso,Air Conditioners,Air Conditioners,Home Appliances
2337,2359,Contoso Air conditioner 7000BTU E0260 Red,Contoso,Air Conditioners,Air Conditioners,Home Appliances
2338,2360,Contoso Air conditioner 6000BTU E0180 Red,Contoso,Air Conditioners,Air Conditioners,Home Appliances
2339,2361,Contoso Air conditioner 5200BTU E0100 Red,Contoso,Air Conditioners,Air Conditioners,Home Appliances
2340,2362,Contoso Air conditioner 25000BTU L1672 Silver,Contoso,Air Conditioners,Air Conditioners,Home Appliances
2341,2363,Contoso Air conditioner 12000BTU M0640 Silver,Contoso,Air Conditioners,Air Conditioners,Home Appliances
2342,2364,Contoso Air conditioner 10000BTU M0490 Silver,Contoso,Air Conditioners,Air Conditioners,Home Appliances
2343,2365,Contoso Air conditioner 8000BTU M0320 Silver,Contoso,Air Conditioners,Air Conditioners,Home Appliances
2344,2366,Contoso Air conditioner 7000BTU E0260 Silver,Contoso,Air Conditioners,Air Conditioners,Home Appliances
2345,2367,Contoso Air conditioner 6000BTU E0180 Silver,Contoso,Air Conditioners,Air Conditioners,Home Appliances
2346,2368,Contoso Air conditioner 5200BTU E0100 Silver,Contoso,Air Conditioners,Air Conditioners,Home Appliances
2347,2369,Contoso Air conditioner 25000BTU L1672 Grey,Contoso,Air Conditioners,Air Conditioners,Home Appliances
2348,2370,Contoso Air conditioner 12000BTU M0640 Grey,Contoso,Air Conditioners,Air Conditioners,Home Appliances
2349,2371,Contoso Air conditioner 10000BTU M0490 Grey,Contoso,Air Conditioners,Air Conditioners,Home Appliances
2350,2372,Contoso Air conditioner 8000BTU M0320 Grey,Contoso,Air Conditioners,Air Conditioners,Home Appliances
2351,2373,Contoso Air conditioner 7000BTU E0260 Grey,Contoso,Air Conditioners,Air Conditioners,Home Appliances
2352,2374,Contoso Air conditioner 6000BTU E0180 Grey,Contoso,Air Conditioners,Air Conditioners,Home Appliances
2353,2375,Contoso Air conditioner 5200BTU E0100 Grey,Contoso,Air Conditioners,Air Conditioners,Home Appliances
2354,2376,Contoso Air conditioner 25000BTU L1672 Blue,Contoso,Air Conditioners,Air Conditioners,Home Appliances
2355,2377,Contoso Air conditioner 12000BTU M0640 Blue,Contoso,Air Conditioners,Air Conditioners,Home Appliances
2356,2378,Contoso Air conditioner 10000BTU M0490 Blue,Contoso,Air Conditioners,Air Conditioners,Home Appliances
2357,2379,Contoso Air conditioner 8000BTU M0320 Blue,Contoso,Air Conditioners,Air Conditioners,Home Appliances
2358,2380,Contoso Air conditioner 7000BTU E0260 Blue,Contoso,Air Conditioners,Air Conditioners,Home Appliances
2359,2381,Contoso Air conditioner 6000BTU E0180 Blue,Contoso,Air Conditioners,Air Conditioners,Home Appliances
2360,2382,Contoso Air conditioner 5200BTU E0100 Blue,Contoso,Air Conditioners,Air Conditioners,Home Appliances
2361,2383,Proseware Air conditioner 25000BTU L167 White,Proseware,Air Conditioners,Air Conditioners,Home Appliances
2362,2384,Proseware Air conditioner 12000BTU M640 White,Proseware,Air Conditioners,Air Conditioners,Home Appliances
2363,2385,Proseware Air conditioner 10000BTU M490 White,Proseware,Air Conditioners,Air Conditioners,Home Appliances
2364,2386,Proseware Air conditioner 8000BTU M320 White,Proseware,Air Conditioners,Air Conditioners,Home Appliances
2365,2387,Proseware Air conditioner 7000BTU E260 White,Proseware,Air Conditioners,Air Conditioners,Home Appliances
2366,2388,Proseware Air conditioner 6000BTU E180 White,Proseware,Air Conditioners,Air Conditioners,Home Appliances
2367,2389,Proseware Air conditioner 5200BTU E100 White,Proseware,Air Conditioners,Air Conditioners,Home Appliances
2368,2390,Proseware Air conditioner 25000BTU L167 Red,Proseware,Air Conditioners,Air Conditioners,Home Appliances
2369,2391,Proseware Air conditioner 12000BTU M640 Red,Proseware,Air Conditioners,Air Conditioners,Home Appliances
2370,2392,Proseware Air conditioner 10000BTU M490 Red,Proseware,Air Conditioners,Air Conditioners,Home Appliances
2371,2393,Proseware Air conditioner 8000BTU M320 Red,Proseware,Air Conditioners,Air Conditioners,Home Appliances
2372,2394,Proseware Air conditioner 7000BTU E260 Red,Proseware,Air Conditioners,Air Conditioners,Home Appliances
2373,2395,Proseware Air conditioner 6000BTU E180 Red,Proseware,Air Conditioners,Air Conditioners,Home Appliances
2374,2396,Proseware Air conditioner 5200BTU E100 Red,Proseware,Air Conditioners,Air Conditioners,Home Appliances
2375,2397,Proseware Air conditioner 25000BTU L167 Silver,Proseware,Air Conditioners,Air Conditioners,Home Appliances
2376,2398,Proseware Air conditioner 12000BTU M640 Silver,Proseware,Air Conditioners,Air Conditioners,Home Appliances
2377,2399,Proseware Air conditioner 10000BTU M490 Silver,Proseware,Air Conditioners,Air Conditioners,Home Appliances
2378,2400,Proseware Air conditioner 8000BTU M320 Silver,Proseware,Air Conditioners,Air Conditioners,Home Appliances
2379,2401,Proseware Air conditioner 7000BTU E260 Silver,Proseware,Air Conditioners,Air Conditioners,Home Appliances
2380,2402,Proseware Air conditioner 6000BTU E180 Silver,Proseware,Air Conditioners,Air Conditioners,Home Appliances
2381,2403,Proseware Air conditioner 5200BTU E100 Silver,Proseware,Air Conditioners,Air Conditioners,Home Appliances
2382,2404,Proseware Air conditioner 25000BTU L167 Grey,Proseware,Air Conditioners,Air Conditioners,Home Appliances
2383,2405,Proseware Air conditioner 12000BTU M640 Grey,Proseware,Air Conditioners,Air Conditioners,Home Appliances
2384,2406,Proseware Air conditioner 10000BTU M490 Grey,Proseware,Air Conditioners,Air Conditioners,Home Appliances
2385,2407,Proseware Air conditioner 8000BTU M320 Grey,Proseware,Air Conditioners,Air Conditioners,Home Appliances
2386,2408,Proseware Air conditioner 7000BTU E260 Grey,Proseware,Air Conditioners,Air Conditioners,Home Appliances
2387,2409,Proseware Air conditioner 6000BTU E180 Grey,Proseware,Air Conditioners,Air Conditioners,Home Appliances
2388,2410,Litware 3-Speed Oscillating High-Performance Fan E201 Black,Litware,Fans,Fans,Home Appliances
2389,2411,Litware 3-Speed Oscillating High-Performance Fan E201 White,Litware,Fans,Fans,Home Appliances
2390,2412,Litware 3-Speed Oscillating High-Performance Fan E201 Silver,Litware,Fans,Fans,Home Appliances
2391,2413,Litware 18'' Adjustable Oscillating Pedestal Fan E301 Black,Litware,Fans,Fans,Home Appliances
2392,2414,Litware 18'' Adjustable Oscillating Pedestal Fan E301 White,Litware,Fans,Fans,Home Appliances
2393,2415,Litware 18'' Adjustable Oscillating Pedestal Fan E301 Silver,Litware,Fans,Fans,Home Appliances
2394,2416,Litware 3-Speed Oscillating Blower Fan M115 White,Litware,Fans,Fans,Home Appliances
2395,2417,Litware 3-Speed Oscillating Blower Fan M115 Black,Litware,Fans,Fans,Home Appliances
2396,2418,Litware 3-Speed Oscillating Blower Fan M115 Silver,Litware,Fans,Fans,Home Appliances
2397,2419,Litware 20'' Box Fan E401 Blue,Litware,Fans,Fans,Home Appliances
2398,2420,Litware 20'' Box Fan E401 Black,Litware,Fans,Fans,Home Appliances
2399,2421,Litware 20'' Box Fan E401 White,Litware,Fans,Fans,Home Appliances
2400,2422,Litware 20'' Box Fan E401 Yellow,Litware,Fans,Fans,Home Appliances
2401,2423,Litware Tower Fan E501 Black,Litware,Fans,Fans,Home Appliances
2402,2424,Litware Tower Fan E501 White,Litware,Fans,Fans,Home Appliances
2403,2425,Litware Tower Fan E501 Yellow,Litware,Fans,Fans,Home Appliances
2404,2426,Litware Tower Fan E501 Silver,Litware,Fans,Fans,Home Appliances
2405,2427,Litware Mobile Fan External USB Cooling Fan E601 Silver,Litware,Fans,Fans,Home Appliances
2406,2428,Litware Mobile Fan External USB Cooling Fan E601 White,Litware,Fans,Fans,Home Appliances
2407,2429,Litware Mobile Fan External USB Cooling Fan E601 Pink,Litware,Fans,Fans,Home Appliances
2408,2430,Litware Mobile Fan External USB Cooling Fan E601 Black,Litware,Fans,Fans,Home Appliances
2409,2431,"Litware 16"" White Oscillating Stand Fan E701 White",Litware,Fans,Fans,Home Appliances
2410,2432,"Litware 16"" White Oscillating Stand Fan E701 Black",Litware,Fans,Fans,Home Appliances
2411,2433,"Litware 16"" White Oscillating Stand Fan E701 Silver",Litware,Fans,Fans,Home Appliances
2412,2434,"Litware 16"" White Oscillating Stand Fan E701 Grey",Litware,Fans,Fans,Home Appliances
2413,2435,"Litware 14"" High Velocity Floor Fan E801 Silver",Litware,Fans,Fans,Home Appliances
2414,2436,"Litware 14"" High Velocity Floor Fan E801 White",Litware,Fans,Fans,Home Appliances
2415,2437,"Litware 14"" High Velocity Floor Fan E801 Black",Litware,Fans,Fans,Home Appliances
2416,2438,"Litware 14"" High Velocity Floor Fan E801 Pink",Litware,Fans,Fans,Home Appliances
2417,2439,Litware 120mm Blue LED Case Fan E901 Black,Litware,Fans,Fans,Home Appliances
2418,2440,Litware 120mm Blue LED Case Fan E901 White,Litware,Fans,Fans,Home Appliances
2419,2441,Litware 120mm Blue LED Case Fan E901 blue,Litware,Fans,Fans,Home Appliances
2420,2442,Litware 120mm Blue LED Case Fan E901 Grey,Litware,Fans,Fans,Home Appliances
2421,2443,Litware 80mm Dual Ball Bearing Case Fan E1001 Black,Litware,Fans,Fans,Home Appliances
2422,2444,Litware 80mm Dual Ball Bearing Case Fan E1001 White,Litware,Fans,Fans,Home Appliances
2423,2445,Litware 80mm Dual Ball Bearing Case Fan E1001 Green,Litware,Fans,Fans,Home Appliances
2424,2446,Litware 80mm Dual Ball Bearing Case Fan E1001 Pink,Litware,Fans,Fans,Home Appliances
2425,2447,Litware 92mm DBB Case Fan E1101 Silver,Litware,Fans,Fans,Home Appliances
2426,2448,Litware 92mm DBB Case Fan E1101 Black,Litware,Fans,Fans,Home Appliances
2427,2449,Litware 92mm DBB Case Fan E1101 White,Litware,Fans,Fans,Home Appliances
2428,2450,Litware 92mm DBB Case Fan E1101 Grey,Litware,Fans,Fans,Home Appliances
2429,2451,Litware Desktop Wind Tower Oscillating Fan E1201 Brown,Litware,Fans,Fans,Home Appliances
2430,2452,Litware Desktop Wind Tower Oscillating Fan E1201 Purple,Litware,Fans,Fans,Home Appliances
2431,2453,Litware Desktop Wind Tower Oscillating Fan E1201 Black,Litware,Fans,Fans,Home Appliances
2432,2454,Litware Desktop Wind Tower Oscillating Fan E1201 White,Litware,Fans,Fans,Home Appliances
2433,2455,Litware USB Foam Fan E1301 Pink,Litware,Fans,Fans,Home Appliances
2434,2456,Litware USB Foam Fan E1301 White,Litware,Fans,Fans,Home Appliances
2435,2457,Litware USB Foam Fan E1301 Black,Litware,Fans,Fans,Home Appliances
2436,2458,Litware USB Foam Fan E1301 Red,Litware,Fans,Fans,Home Appliances
2437,2459,Litware 180 CFM Vertical Discharge Fan X450 Red,Litware,Fans,Fans,Home Appliances
2438,2460,Litware 180 CFM Vertical Discharge Fan X450 Black,Litware,Fans,Fans,Home Appliances
2439,2461,Litware 180 CFM Vertical Discharge Fan X450 White,Litware,Fans,Fans,Home Appliances
2440,2462,Litware 180 CFM Vertical Discharge Fan X450 Blue,Litware,Fans,Fans,Home Appliances
2441,2463,Litware USB Durable Desk Soft Fan E1401 White,Litware,Fans,Fans,Home Appliances
2442,2464,Litware USB Durable Desk Soft Fan E1401 Black,Litware,Fans,Fans,Home Appliances
2443,2465,Litware USB Durable Desk Soft Fan E1401 Blue,Litware,Fans,Fans,Home Appliances
2444,2466,Litware USB Durable Desk Soft Fan E1401 Red,Litware,Fans,Fans,Home Appliances
2445,2467,Litware 80mm LED Dual PCI Slot Fan E1501 Yellow,Litware,Fans,Fans,Home Appliances
2446,2468,Litware 80mm LED Dual PCI Slot Fan E1501 Red,Litware,Fans,Fans,Home Appliances
2447,2469,Litware 80mm LED Dual PCI Slot Fan E1501 Blue,Litware,Fans,Fans,Home Appliances
2448,2470,Litware 80mm LED Dual PCI Slot Fan E1501 Pink,Litware,Fans,Fans,Home Appliances
2449,2471,Litware 80mm LED Dual PCI Slot Fan E1501 White,Litware,Fans,Fans,Home Appliances
2450,2472,Litware 20'' Weather-Shield Performance Box Fan E1601 Orange,Litware,Fans,Fans,Home Appliances
2451,2473,Litware 20'' Weather-Shield Performance Box Fan E1601 Yellow,Litware,Fans,Fans,Home Appliances
2452,2474,Litware 20'' Weather-Shield Performance Box Fan E1601 White,Litware,Fans,Fans,Home Appliances
2453,2475,Litware 20'' Weather-Shield Performance Box Fan E1601 Black,Litware,Fans,Fans,Home Appliances
2454,2476,Litware 17'' Oscillating Pedestal Fan M125 Pink,Litware,Fans,Fans,Home Appliances
2455,2477,Litware 17'' Oscillating Pedestal Fan M125 Yellow,Litware,Fans,Fans,Home Appliances
2456,2478,Litware 17'' Oscillating Pedestal Fan M125 Blue,Litware,Fans,Fans,Home Appliances
2457,2479,Litware 17'' Oscillating Pedestal Fan M125 White,Litware,Fans,Fans,Home Appliances
2458,2480,Litware 18'' Oscillating Pedestal Fan M135 Pink,Litware,Fans,Fans,Home Appliances
2459,2481,Litware 18'' Oscillating Pedestal Fan M135 Yellow,Litware,Fans,Fans,Home Appliances
2460,2482,Litware 18'' Oscillating Pedestal Fan M135 Blue,Litware,Fans,Fans,Home Appliances
2461,2483,Litware 18'' Oscillating Pedestal Fan M135 White,Litware,Fans,Fans,Home Appliances
2462,2484,Litware 18'' Oscillating Pedestal Fan M145 Pink,Litware,Fans,Fans,Home Appliances
2463,2485,Litware 18'' Oscillating Pedestal Fan M145 Yellow,Litware,Fans,Fans,Home Appliances
2464,2486,Litware 18'' Oscillating Pedestal Fan M145 Blue,Litware,Fans,Fans,Home Appliances
2465,2487,Litware 18'' Oscillating Pedestal Fan M145 White,Litware,Fans,Fans,Home Appliances
2466,2488,Contoso Rubberized Skin BlackBerry E100 Black,Contoso,Cell phones Accessories,Cell phones Accessories,Cell phones
2467,2489,Contoso Rubberized Skin BlackBerry E100 Silver,Contoso,Cell phones Accessories,Cell phones Accessories,Cell phones
2468,2490,Contoso Rubberized Skin BlackBerry E100 White,Contoso,Cell phones Accessories,Cell phones Accessories,Cell phones
2469,2491,Cigarette Lighter Adapter for Contoso Phones E110 Black,Contoso,Cell phones Accessories,Cell phones Accessories,Cell phones
2470,2492,Cigarette Lighter Adapter for Contoso Phones E110 White,Contoso,Cell phones Accessories,Cell phones Accessories,Cell phones
2471,2493,Cigarette Lighter Adapter for Contoso Phones E110 Red,Contoso,Cell phones Accessories,Cell phones Accessories,Cell phones
2472,2494,Reusable Phone Screen Protector E120,Contoso,Cell phones Accessories,Cell phones Accessories,Cell phones
2473,2495,Headphone Adapter for Contoso Phone E130 Black,Contoso,Cell phones Accessories,Cell phones Accessories,Cell phones
2474,2496,Headphone Adapter for Contoso Phone E130 Silver,Contoso,Cell phones Accessories,Cell phones Accessories,Cell phones
2475,2497,Headphone Adapter for Contoso Phone E130 White,Contoso,Cell phones Accessories,Cell phones Accessories,Cell phones
2476,2498,Contoso Phone Tough Skin Case E140 Black,Contoso,Cell phones Accessories,Cell phones Accessories,Cell phones
2477,2499,Contoso Phone Tough Skin Case E140 White,Contoso,Cell phones Accessories,Cell phones Accessories,Cell phones
2478,2500,Contoso Phone Tough Skin Case E140 Silver,Contoso,Cell phones Accessories,Cell phones Accessories,Cell phones
2479,2501,Contoso Phone Tough Skin Case E140 Pink,Contoso,Cell phones Accessories,Cell phones Accessories,Cell phones
2480,2502,Contoso Touch Stylus Pen E150 Black,Contoso,Cell phones Accessories,Cell phones Accessories,Cell phones
2481,2503,Contoso Touch Stylus Pen E150 Silver,Contoso,Cell phones Accessories,Cell phones Accessories,Cell phones
2482,2504,Contoso Touch Stylus Pen E150 White,Contoso,Cell phones Accessories,Cell phones Accessories,Cell phones
2483,2505,Contoso Touch Stylus Pen E150 Red,Contoso,Cell phones Accessories,Cell phones Accessories,Cell phones
2484,2506,Contoso Rubberized Snap-On Cover Hard Case Cell Phone Protector E160 Pink,Contoso,Cell phones Accessories,Cell phones Accessories,Cell phones
2485,2507,Contoso Rubberized Snap-On Cover Hard Case Cell Phone Protector E160 White,Contoso,Cell phones Accessories,Cell phones Accessories,Cell phones
2486,2508,Contoso Rubberized Snap-On Cover Hard Case Cell Phone Protector E160 Silver,Contoso,Cell phones Accessories,Cell phones Accessories,Cell phones
2487,2509,Contoso Original K1m Li-Ion Standard Battery E170 Black,Contoso,Cell phones Accessories,Cell phones Accessories,Cell phones
2488,2510,Contoso Original K1m Li-Ion Standard Battery E170 White,Contoso,Cell phones Accessories,Cell phones Accessories,Cell phones
2489,2511,Contoso Original K1m Li-Ion Standard Battery E170 Silver,Contoso,Cell phones Accessories,Cell phones Accessories,Cell phones
2490,2512,Contoso Bluetooth Active Headphones L15 Black,Contoso,Cell phones Accessories,Cell phones Accessories,Cell phones
2491,2513,Contoso Bluetooth Active Headphones L15 Red,Contoso,Cell phones Accessories,Cell phones Accessories,Cell phones
2492,2514,Contoso Bluetooth Active Headphones L15 White,Contoso,Cell phones Accessories,Cell phones Accessories,Cell phones
2493,2515,Contoso In-Line Coupler E180 White,Contoso,Cell phones Accessories,Cell phones Accessories,Cell phones
2494,2516,Contoso In-Line Coupler E180 Black,Contoso,Cell phones Accessories,Cell phones Accessories,Cell phones
2495,2517,Contoso In-Line Coupler E180 Silver,Contoso,Cell phones Accessories,Cell phones Accessories,Cell phones
